trip_id,route_id,stop_id,observed_arrival,observed_departure,boarding_in,boarding_out,delay_mins,date,assigned_bus_id
R001_up_T001,R001_up,S030,2025-10-08 05:32:00,2025-10-08 05:33:17,8,6,2,2025-10-08,B007
R001_up_T001,R001_up,S027,2025-10-08 05:41:14,2025-10-08 05:44:08,13,1,2,2025-10-08,B007
R001_up_T001,R001_up,S056,2025-10-08 05:52:24,2025-10-08 05:53:57,7,7,3,2025-10-08,B007
R001_up_T001,R001_up,S043,2025-10-08 06:01:13,2025-10-08 06:03:50,4,5,5,2025-10-08,B007
R001_up_T001,R001_up,S022,2025-10-08 06:05:33,2025-10-08 06:08:27,6,1,1,2025-10-08,B007
R001_up_T001,R001_up,S055,2025-10-08 06:18:40,2025-10-08 06:19:52,13,5,5,2025-10-08,B007
R001_up_T001,R001_up,S048,2025-10-08 06:28:31,2025-10-08 06:31:26,3,5,7,2025-10-08,B007
R001_up_T001,R001_up,S046,2025-10-08 06:31:15,2025-10-08 06:33:57,5,8,1,2025-10-08,B007
R001_up_T001,R001_up,S059,2025-10-08 06:39:15,2025-10-08 06:40:37,10,5,1,2025-10-08,B007
R001_up_T001,R001_up,S060,2025-10-08 06:53:18,2025-10-08 06:54:40,4,5,8,2025-10-08,B007
R001_up_T001,R001_up,S010,2025-10-08 06:56:05,2025-10-08 06:57:43,1,8,6,2025-10-08,B007
R001_up_T001,R001_up,S047,2025-10-08 07:00:24,2025-10-08 07:01:56,9,6,1,2025-10-08,B007
R001_up_T001,R001_up,S004,2025-10-08 07:13:04,2025-10-08 07:15:06,6,0,5,2025-10-08,B007
R001_up_T001,R001_up,S015,2025-10-08 07:17:02,2025-10-08 07:18:10,19,5,0,2025-10-08,B007
R001_up_T002,R001_up,S030,2025-10-08 06:22:00,2025-10-08 06:24:17,8,5,7,2025-10-08,B012
R001_up_T002,R001_up,S027,2025-10-08 06:32:55,2025-10-08 06:35:53,6,4,7,2025-10-08,B012
R001_up_T002,R001_up,S056,2025-10-08 06:38:59,2025-10-08 06:40:07,9,5,3,2025-10-08,B012
R001_up_T002,R001_up,S043,2025-10-08 06:46:54,2025-10-08 06:49:34,5,5,5,2025-10-08,B012
R001_up_T002,R001_up,S022,2025-10-08 06:54:19,2025-10-08 06:56:50,14,7,3,2025-10-08,B012
R001_up_T002,R001_up,S055,2025-10-08 07:03:45,2025-10-08 07:06:31,7,7,4,2025-10-08,B012
R001_up_T002,R001_up,S048,2025-10-08 07:17:18,2025-10-08 07:18:20,22,4,8,2025-10-08,B012
R001_up_T002,R001_up,S046,2025-10-08 07:20:03,2025-10-08 07:21:18,18,9,5,2025-10-08,B012
R001_up_T002,R001_up,S059,2025-10-08 07:20:34,2025-10-08 07:22:23,12,5,0,2025-10-08,B012
R001_up_T002,R001_up,S060,2025-10-08 07:30:53,2025-10-08 07:33:29,19,6,4,2025-10-08,B012
R001_up_T002,R001_up,S010,2025-10-08 07:32:01,2025-10-08 07:33:31,20,0,-2,2025-10-08,B012
R001_up_T002,R001_up,S047,2025-10-08 07:50:53,2025-10-08 07:53:35,16,4,8,2025-10-08,B012
R001_up_T002,R001_up,S004,2025-10-08 07:59:53,2025-10-08 08:01:40,17,8,6,2025-10-08,B012
R001_up_T002,R001_up,S015,2025-10-08 08:07:41,2025-10-08 08:10:36,22,2,3,2025-10-08,B012
R001_up_T003,R001_up,S030,2025-10-08 07:32:00,2025-10-08 07:33:36,15,6,5,2025-10-08,B025
R001_up_T003,R001_up,S027,2025-10-08 07:43:07,2025-10-08 07:44:52,20,4,7,2025-10-08,B025
R001_up_T003,R001_up,S056,2025-10-08 07:49:52,2025-10-08 07:52:29,18,5,4,2025-10-08,B025
R001_up_T003,R001_up,S043,2025-10-08 07:58:55,2025-10-08 08:01:13,5,8,6,2025-10-08,B025
R001_up_T003,R001_up,S022,2025-10-08 08:05:38,2025-10-08 08:08:21,18,2,4,2025-10-08,B025
R001_up_T003,R001_up,S055,2025-10-08 08:08:50,2025-10-08 08:11:17,10,3,0,2025-10-08,B025
R001_up_T003,R001_up,S048,2025-10-08 08:20:25,2025-10-08 08:21:29,9,3,3,2025-10-08,B025
R001_up_T003,R001_up,S046,2025-10-08 08:22:51,2025-10-08 08:25:28,8,6,0,2025-10-08,B025
R001_up_T003,R001_up,S059,2025-10-08 08:37:30,2025-10-08 08:40:02,9,4,6,2025-10-08,B025
R001_up_T003,R001_up,S060,2025-10-08 08:41:47,2025-10-08 08:44:20,23,7,2,2025-10-08,B025
R001_up_T003,R001_up,S010,2025-10-08 08:52:11,2025-10-08 08:53:51,24,8,5,2025-10-08,B025
R001_up_T003,R001_up,S047,2025-10-08 08:57:30,2025-10-08 08:58:32,26,5,0,2025-10-08,B025
R001_up_T003,R001_up,S004,2025-10-08 09:05:46,2025-10-08 09:07:08,16,7,-2,2025-10-08,B025
R001_up_T003,R001_up,S015,2025-10-08 09:21:56,2025-10-08 09:24:34,11,4,6,2025-10-08,B025
R001_up_T004,R001_up,S030,2025-10-08 07:48:00,2025-10-08 07:50:38,18,4,-1,2025-10-08,B023
R001_up_T004,R001_up,S027,2025-10-08 08:04:51,2025-10-08 08:07:10,10,6,7,2025-10-08,B023
R001_up_T004,R001_up,S056,2025-10-08 08:12:25,2025-10-08 08:13:37,9,3,5,2025-10-08,B023
R001_up_T004,R001_up,S043,2025-10-08 08:22:47,2025-10-08 08:25:02,18,6,8,2025-10-08,B023
R001_up_T004,R001_up,S022,2025-10-08 08:32:15,2025-10-08 08:34:05,9,4,8,2025-10-08,B023
R001_up_T004,R001_up,S055,2025-10-08 08:36:59,2025-10-08 08:38:46,17,8,5,2025-10-08,B023
R001_up_T004,R001_up,S048,2025-10-08 08:43:00,2025-10-08 08:44:42,14,0,4,2025-10-08,B023
R001_up_T004,R001_up,S046,2025-10-08 08:51:53,2025-10-08 08:53:06,15,6,6,2025-10-08,B023
R001_up_T004,R001_up,S059,2025-10-08 08:52:06,2025-10-08 08:53:17,18,2,-1,2025-10-08,B023
R001_up_T004,R001_up,S060,2025-10-08 08:58:36,2025-10-08 09:00:25,22,8,-1,2025-10-08,B023
R001_up_T004,R001_up,S010,2025-10-08 09:09:54,2025-10-08 09:12:46,9,8,4,2025-10-08,B023
R001_up_T004,R001_up,S047,2025-10-08 09:16:39,2025-10-08 09:19:18,17,9,1,2025-10-08,B023
R001_up_T004,R001_up,S004,2025-10-08 09:33:11,2025-10-08 09:34:37,7,3,5,2025-10-08,B023
R001_up_T004,R001_up,S015,2025-10-08 09:41:26,2025-10-08 09:43:01,6,4,5,2025-10-08,B023
R001_up_T005,R001_up,S030,2025-10-08 08:12:00,2025-10-08 08:13:01,9,3,1,2025-10-08,B012
R001_up_T005,R001_up,S027,2025-10-08 08:22:27,2025-10-08 08:24:42,11,4,3,2025-10-08,B012
R001_up_T005,R001_up,S056,2025-10-08 08:37:26,2025-10-08 08:39:58,19,7,8,2025-10-08,B012
R001_up_T005,R001_up,S043,2025-10-08 08:44:44,2025-10-08 08:47:23,13,3,7,2025-10-08,B012
R001_up_T005,R001_up,S022,2025-10-08 08:52:13,2025-10-08 08:54:53,19,9,5,2025-10-08,B012
R001_up_T005,R001_up,S055,2025-10-08 09:00:17,2025-10-08 09:01:46,20,10,6,2025-10-08,B012
R001_up_T005,R001_up,S048,2025-10-08 09:02:14,2025-10-08 09:04:01,15,5,1,2025-10-08,B012
R001_up_T005,R001_up,S046,2025-10-08 09:05:28,2025-10-08 09:06:30,6,7,-2,2025-10-08,B012
R001_up_T005,R001_up,S059,2025-10-08 09:10:54,2025-10-08 09:12:10,13,7,-2,2025-10-08,B012
R001_up_T005,R001_up,S060,2025-10-08 09:24:52,2025-10-08 09:26:30,11,6,5,2025-10-08,B012
R001_up_T005,R001_up,S010,2025-10-08 09:33:13,2025-10-08 09:35:09,16,1,7,2025-10-08,B012
R001_up_T005,R001_up,S047,2025-10-08 09:37:21,2025-10-08 09:38:49,12,3,3,2025-10-08,B012
R001_up_T005,R001_up,S004,2025-10-08 09:51:28,2025-10-08 09:53:04,8,1,7,2025-10-08,B012
R001_up_T005,R001_up,S015,2025-10-08 09:57:37,2025-10-08 10:00:23,17,10,4,2025-10-08,B012
R001_up_T006,R001_up,S030,2025-10-08 08:52:00,2025-10-08 08:54:24,8,11,-1,2025-10-08,B004
R001_up_T006,R001_up,S027,2025-10-08 09:11:00,2025-10-08 09:13:52,4,4,8,2025-10-08,B004
R001_up_T006,R001_up,S056,2025-10-08 09:17:49,2025-10-08 09:18:53,15,3,2,2025-10-08,B004
R001_up_T006,R001_up,S043,2025-10-08 09:19:41,2025-10-08 09:21:57,15,10,-2,2025-10-08,B004
R001_up_T006,R001_up,S022,2025-10-08 09:28:47,2025-10-08 09:31:18,10,6,-2,2025-10-08,B004
R001_up_T006,R001_up,S055,2025-10-08 09:41:40,2025-10-08 09:43:19,15,10,3,2025-10-08,B004
R001_up_T006,R001_up,S048,2025-10-08 09:53:20,2025-10-08 09:55:20,13,3,6,2025-10-08,B004
R001_up_T006,R001_up,S046,2025-10-08 09:53:27,2025-10-08 09:55:01,19,6,-1,2025-10-08,B004
R001_up_T006,R001_up,S059,2025-10-08 10:08:42,2025-10-08 10:11:05,11,9,8,2025-10-08,B004
R001_up_T006,R001_up,S060,2025-10-08 10:06:27,2025-10-08 10:09:01,14,7,-2,2025-10-08,B004
R001_up_T006,R001_up,S010,2025-10-08 10:22:34,2025-10-08 10:24:22,18,5,7,2025-10-08,B004
R001_up_T006,R001_up,S047,2025-10-08 10:26:30,2025-10-08 10:28:54,13,9,3,2025-10-08,B004
R001_up_T006,R001_up,S004,2025-10-08 10:41:28,2025-10-08 10:43:32,9,7,8,2025-10-08,B004
R001_up_T006,R001_up,S015,2025-10-08 10:47:21,2025-10-08 10:49:58,14,7,5,2025-10-08,B004
R001_up_T007,R001_up,S030,2025-10-08 09:09:00,2025-10-08 09:10:05,18,8,1,2025-10-08,B007
R001_up_T007,R001_up,S027,2025-10-08 09:22:45,2025-10-08 09:23:52,11,2,6,2025-10-08,B007
R001_up_T007,R001_up,S056,2025-10-08 09:28:19,2025-10-08 09:29:44,17,1,1,2025-10-08,B007
R001_up_T007,R001_up,S043,2025-10-08 09:39:44,2025-10-08 09:41:59,6,3,5,2025-10-08,B007
R001_up_T007,R001_up,S022,2025-10-08 09:47:32,2025-10-08 09:48:49,14,5,4,2025-10-08,B007
R001_up_T007,R001_up,S055,2025-10-08 09:52:34,2025-10-08 09:55:10,19,9,2,2025-10-08,B007
R001_up_T007,R001_up,S048,2025-10-08 10:05:19,2025-10-08 10:07:53,10,5,5,2025-10-08,B007
R001_up_T007,R001_up,S046,2025-10-08 10:08:47,2025-10-08 10:11:07,15,4,0,2025-10-08,B007
R001_up_T007,R001_up,S059,2025-10-08 10:14:06,2025-10-08 10:15:36,18,9,-2,2025-10-08,B007
R001_up_T007,R001_up,S060,2025-10-08 10:23:40,2025-10-08 10:25:21,14,6,0,2025-10-08,B007
R001_up_T007,R001_up,S010,2025-10-08 10:29:42,2025-10-08 10:32:34,7,4,0,2025-10-08,B007
R001_up_T007,R001_up,S047,2025-10-08 10:43:54,2025-10-08 10:45:02,7,3,5,2025-10-08,B007
R001_up_T007,R001_up,S004,2025-10-08 10:47:43,2025-10-08 10:49:40,15,7,-1,2025-10-08,B007
R001_up_T007,R001_up,S015,2025-10-08 11:06:34,2025-10-08 11:08:23,14,5,7,2025-10-08,B007
R001_up_T008,R001_up,S030,2025-10-08 09:36:00,2025-10-08 09:38:12,19,0,4,2025-10-08,B013
R001_up_T008,R001_up,S027,2025-10-08 09:44:03,2025-10-08 09:45:22,7,2,3,2025-10-08,B013
R001_up_T008,R001_up,S056,2025-10-08 09:53:54,2025-10-08 09:56:07,13,11,3,2025-10-08,B013
R001_up_T008,R001_up,S043,2025-10-08 10:07:03,2025-10-08 10:08:18,18,8,8,2025-10-08,B013
R001_up_T008,R001_up,S022,2025-10-08 10:14:10,2025-10-08 10:16:46,7,7,8,2025-10-08,B013
R001_up_T008,R001_up,S055,2025-10-08 10:20:43,2025-10-08 10:22:58,18,2,6,2025-10-08,B013
R001_up_T008,R001_up,S048,2025-10-08 10:25:24,2025-10-08 10:26:47,22,9,2,2025-10-08,B013
R001_up_T008,R001_up,S046,2025-10-08 10:34:02,2025-10-08 10:36:36,22,12,5,2025-10-08,B013
R001_up_T008,R001_up,S059,2025-10-08 10:35:19,2025-10-08 10:37:37,16,3,-1,2025-10-08,B013
R001_up_T008,R001_up,S060,2025-10-08 10:51:46,2025-10-08 10:53:34,19,8,8,2025-10-08,B013
R001_up_T008,R001_up,S010,2025-10-08 10:56:41,2025-10-08 10:59:07,12,8,7,2025-10-08,B013
R001_up_T008,R001_up,S047,2025-10-08 11:07:22,2025-10-08 11:09:43,17,6,8,2025-10-08,B013
R001_up_T008,R001_up,S004,2025-10-08 11:18:38,2025-10-08 11:21:04,9,8,7,2025-10-08,B013
R001_up_T008,R001_up,S015,2025-10-08 11:21:21,2025-10-08 11:23:04,7,3,-1,2025-10-08,B013
R001_up_T009,R001_up,S030,2025-10-08 09:58:00,2025-10-08 09:59:36,13,9,1,2025-10-08,B022
R001_up_T009,R001_up,S027,2025-10-08 10:05:49,2025-10-08 10:06:51,16,2,0,2025-10-08,B022
R001_up_T009,R001_up,S056,2025-10-08 10:12:17,2025-10-08 10:13:50,14,4,-2,2025-10-08,B022
R001_up_T009,R001_up,S043,2025-10-08 10:29:36,2025-10-08 10:32:16,10,6,8,2025-10-08,B022
R001_up_T009,R001_up,S022,2025-10-08 10:37:35,2025-10-08 10:40:12,13,6,8,2025-10-08,B022
R001_up_T009,R001_up,S055,2025-10-08 10:40:20,2025-10-08 10:42:46,15,4,3,2025-10-08,B022
R001_up_T009,R001_up,S048,2025-10-08 10:43:07,2025-10-08 10:44:41,10,8,-2,2025-10-08,B022
R001_up_T009,R001_up,S046,2025-10-08 10:58:21,2025-10-08 11:00:07,17,4,6,2025-10-08,B022
R001_up_T009,R001_up,S059,2025-10-08 11:02:57,2025-10-08 11:04:35,12,8,3,2025-10-08,B022
R001_up_T009,R001_up,S060,2025-10-08 11:06:38,2025-10-08 11:08:07,6,3,0,2025-10-08,B022
R001_up_T009,R001_up,S010,2025-10-08 11:20:02,2025-10-08 11:21:51,15,2,7,2025-10-08,B022
R001_up_T009,R001_up,S047,2025-10-08 11:21:09,2025-10-08 11:23:26,10,9,-2,2025-10-08,B022
R001_up_T009,R001_up,S004,2025-10-08 11:36:14,2025-10-08 11:37:38,5,5,3,2025-10-08,B022
R001_up_T009,R001_up,S015,2025-10-08 11:44:02,2025-10-08 11:46:13,3,7,2,2025-10-08,B022
R001_up_T010,R001_up,S030,2025-10-08 11:13:00,2025-10-08 11:15:41,5,6,8,2025-10-08,B015
R001_up_T010,R001_up,S027,2025-10-08 11:22:21,2025-10-08 11:23:52,5,7,8,2025-10-08,B015
R001_up_T010,R001_up,S056,2025-10-08 11:30:31,2025-10-08 11:32:16,10,7,5,2025-10-08,B015
R001_up_T010,R001_up,S043,2025-10-08 11:36:18,2025-10-08 11:37:23,9,2,3,2025-10-08,B015
R001_up_T010,R001_up,S022,2025-10-08 11:42:16,2025-10-08 11:44:26,2,8,2,2025-10-08,B015
R001_up_T010,R001_up,S055,2025-10-08 11:47:01,2025-10-08 11:48:21,4,7,-1,2025-10-08,B015
R001_up_T010,R001_up,S048,2025-10-08 11:56:01,2025-10-08 11:57:59,2,6,1,2025-10-08,B015
R001_up_T010,R001_up,S046,2025-10-08 12:02:31,2025-10-08 12:05:02,9,1,1,2025-10-08,B015
R001_up_T010,R001_up,S059,2025-10-08 12:11:50,2025-10-08 12:13:31,4,4,2,2025-10-08,B015
R001_up_T010,R001_up,S060,2025-10-08 12:20:02,2025-10-08 12:21:57,7,0,3,2025-10-08,B015
R001_up_T010,R001_up,S010,2025-10-08 12:29:20,2025-10-08 12:32:04,8,3,6,2025-10-08,B015
R001_up_T010,R001_up,S047,2025-10-08 12:37:56,2025-10-08 12:38:56,10,6,5,2025-10-08,B015
R001_up_T010,R001_up,S004,2025-10-08 12:38:53,2025-10-08 12:40:50,13,10,-2,2025-10-08,B015
R001_up_T010,R001_up,S015,2025-10-08 12:58:44,2025-10-08 13:01:40,9,4,6,2025-10-08,B015
R001_up_T011,R001_up,S030,2025-10-08 12:37:00,2025-10-08 12:39:59,7,5,6,2025-10-08,B006
R001_up_T011,R001_up,S027,2025-10-08 12:46:33,2025-10-08 12:48:25,8,5,5,2025-10-08,B006
R001_up_T011,R001_up,S056,2025-10-08 12:58:20,2025-10-08 12:59:22,7,4,6,2025-10-08,B006
R001_up_T011,R001_up,S043,2025-10-08 13:06:49,2025-10-08 13:08:17,10,2,8,2025-10-08,B006
R001_up_T011,R001_up,S022,2025-10-08 13:08:07,2025-10-08 13:09:23,7,5,2,2025-10-08,B006
R001_up_T011,R001_up,S055,2025-10-08 13:10:05,2025-10-08 13:11:59,6,2,-2,2025-10-08,B006
R001_up_T011,R001_up,S048,2025-10-08 13:25:09,2025-10-08 13:26:49,12,11,5,2025-10-08,B006
R001_up_T011,R001_up,S046,2025-10-08 13:29:32,2025-10-08 13:31:25,1,0,3,2025-10-08,B006
R001_up_T011,R001_up,S059,2025-10-08 13:42:31,2025-10-08 13:43:46,2,5,8,2025-10-08,B006
R001_up_T011,R001_up,S060,2025-10-08 13:49:00,2025-10-08 13:50:13,6,8,8,2025-10-08,B006
R001_up_T011,R001_up,S010,2025-10-08 13:54:06,2025-10-08 13:56:14,9,6,7,2025-10-08,B006
R001_up_T011,R001_up,S047,2025-10-08 14:02:06,2025-10-08 14:03:34,9,5,5,2025-10-08,B006
R001_up_T011,R001_up,S004,2025-10-08 14:04:23,2025-10-08 14:05:28,6,0,-2,2025-10-08,B006
R001_up_T011,R001_up,S015,2025-10-08 14:19:46,2025-10-08 14:22:24,14,2,3,2025-10-08,B006
R001_up_T012,R001_up,S030,2025-10-08 13:07:00,2025-10-08 13:09:04,8,10,5,2025-10-08,B006
R001_up_T012,R001_up,S027,2025-10-08 13:11:02,2025-10-08 13:13:30,4,3,-1,2025-10-08,B006
R001_up_T012,R001_up,S056,2025-10-08 13:25:27,2025-10-08 13:26:36,13,5,2,2025-10-08,B006
R001_up_T012,R001_up,S043,2025-10-08 13:35:31,2025-10-08 13:37:16,10,7,5,2025-10-08,B006
R001_up_T012,R001_up,S022,2025-10-08 13:41:23,2025-10-08 13:43:02,11,5,3,2025-10-08,B006
R001_up_T012,R001_up,S055,2025-10-08 13:49:23,2025-10-08 13:51:29,5,6,5,2025-10-08,B006
R001_up_T012,R001_up,S048,2025-10-08 13:57:10,2025-10-08 13:58:38,5,10,5,2025-10-08,B006
R001_up_T012,R001_up,S046,2025-10-08 13:57:07,2025-10-08 13:58:24,10,4,-2,2025-10-08,B006
R001_up_T012,R001_up,S059,2025-10-08 14:07:22,2025-10-08 14:09:47,7,11,2,2025-10-08,B006
R001_up_T012,R001_up,S060,2025-10-08 14:19:12,2025-10-08 14:20:31,8,4,7,2025-10-08,B006
R001_up_T012,R001_up,S010,2025-10-08 14:26:26,2025-10-08 14:28:40,7,6,8,2025-10-08,B006
R001_up_T012,R001_up,S047,2025-10-08 14:33:02,2025-10-08 14:35:37,7,8,5,2025-10-08,B006
R001_up_T012,R001_up,S004,2025-10-08 14:46:07,2025-10-08 14:47:44,9,4,6,2025-10-08,B006
R001_up_T012,R001_up,S015,2025-10-08 14:52:02,2025-10-08 14:53:06,7,7,1,2025-10-08,B006
R001_up_T013,R001_up,S030,2025-10-08 13:55:00,2025-10-08 13:56:44,6,8,5,2025-10-08,B024
R001_up_T013,R001_up,S027,2025-10-08 14:06:21,2025-10-08 14:07:28,3,7,7,2025-10-08,B024
R001_up_T013,R001_up,S056,2025-10-08 14:12:41,2025-10-08 14:14:12,6,8,3,2025-10-08,B024
R001_up_T013,R001_up,S043,2025-10-08 14:15:57,2025-10-08 14:17:12,9,5,0,2025-10-08,B024
R001_up_T013,R001_up,S022,2025-10-08 14:21:36,2025-10-08 14:23:36,10,8,-1,2025-10-08,B024
R001_up_T013,R001_up,S055,2025-10-08 14:31:55,2025-10-08 14:33:27,6,13,2,2025-10-08,B024
R001_up_T013,R001_up,S048,2025-10-08 14:42:34,2025-10-08 14:43:56,9,5,4,2025-10-08,B024
R001_up_T013,R001_up,S046,2025-10-08 14:51:25,2025-10-08 14:53:44,9,10,6,2025-10-08,B024
R001_up_T013,R001_up,S059,2025-10-08 14:50:25,2025-10-08 14:53:08,5,7,-2,2025-10-08,B024
R001_up_T013,R001_up,S060,2025-10-08 15:05:39,2025-10-08 15:07:44,4,10,6,2025-10-08,B024
R001_up_T013,R001_up,S010,2025-10-08 15:11:55,2025-10-08 15:14:21,15,9,6,2025-10-08,B024
R001_up_T013,R001_up,S047,2025-10-08 15:17:37,2025-10-08 15:19:08,9,9,3,2025-10-08,B024
R001_up_T013,R001_up,S004,2025-10-08 15:23:14,2025-10-08 15:24:49,10,10,-2,2025-10-08,B024
R001_up_T013,R001_up,S015,2025-10-08 15:39:44,2025-10-08 15:42:35,8,9,4,2025-10-08,B024
R001_up_T014,R001_up,S030,2025-10-08 17:05:00,2025-10-08 17:06:27,5,8,2,2025-10-08,B007
R001_up_T014,R001_up,S027,2025-10-08 17:12:06,2025-10-08 17:14:12,9,13,1,2025-10-08,B007
R001_up_T014,R001_up,S056,2025-10-08 17:24:50,2025-10-08 17:27:18,3,15,4,2025-10-08,B007
R001_up_T014,R001_up,S043,2025-10-08 17:31:54,2025-10-08 17:33:48,6,10,4,2025-10-08,B007
R001_up_T014,R001_up,S022,2025-10-08 17:41:10,2025-10-08 17:42:49,5,15,5,2025-10-08,B007
R001_up_T014,R001_up,S055,2025-10-08 17:45:04,2025-10-08 17:47:15,10,17,1,2025-10-08,B007
R001_up_T014,R001_up,S048,2025-10-08 17:54:39,2025-10-08 17:56:03,4,16,1,2025-10-08,B007
R001_up_T014,R001_up,S046,2025-10-08 18:04:12,2025-10-08 18:06:41,4,20,4,2025-10-08,B007
R001_up_T014,R001_up,S059,2025-10-08 18:09:53,2025-10-08 18:12:00,4,17,2,2025-10-08,B007
R001_up_T014,R001_up,S060,2025-10-08 18:22:48,2025-10-08 18:25:01,8,20,8,2025-10-08,B007
R001_up_T014,R001_up,S010,2025-10-08 18:23:00,2025-10-08 18:24:01,4,10,2,2025-10-08,B007
R001_up_T014,R001_up,S047,2025-10-08 18:27:51,2025-10-08 18:29:18,6,12,-1,2025-10-08,B007
R001_up_T014,R001_up,S004,2025-10-08 18:39:50,2025-10-08 18:41:12,6,13,1,2025-10-08,B007
R001_up_T014,R001_up,S015,2025-10-08 18:52:43,2025-10-08 18:54:12,8,12,5,2025-10-08,B007
R001_up_T015,R001_up,S030,2025-10-08 17:44:00,2025-10-08 17:46:54,9,22,0,2025-10-08,B015
R001_up_T015,R001_up,S027,2025-10-08 17:58:05,2025-10-08 17:59:51,14,14,3,2025-10-08,B015
R001_up_T015,R001_up,S056,2025-10-08 18:13:24,2025-10-08 18:14:58,11,14,7,2025-10-08,B015
R001_up_T015,R001_up,S043,2025-10-08 18:16:04,2025-10-08 18:18:20,0,20,2,2025-10-08,B015
R001_up_T015,R001_up,S022,2025-10-08 18:22:22,2025-10-08 18:24:18,6,16,-1,2025-10-08,B015
R001_up_T015,R001_up,S055,2025-10-08 18:30:22,2025-10-08 18:33:18,7,14,-1,2025-10-08,B015
R001_up_T015,R001_up,S048,2025-10-08 18:43:14,2025-10-08 18:45:06,6,13,3,2025-10-08,B015
R001_up_T015,R001_up,S046,2025-10-08 18:49:56,2025-10-08 18:51:25,2,15,2,2025-10-08,B015
R001_up_T015,R001_up,S059,2025-10-08 18:59:12,2025-10-08 19:00:42,6,7,5,2025-10-08,B015
R001_up_T015,R001_up,S060,2025-10-08 19:08:47,2025-10-08 19:10:44,8,10,7,2025-10-08,B015
R001_up_T015,R001_up,S010,2025-10-08 19:12:05,2025-10-08 19:14:36,6,12,4,2025-10-08,B015
R001_up_T015,R001_up,S047,2025-10-08 19:22:47,2025-10-08 19:24:35,1,10,6,2025-10-08,B015
R001_up_T015,R001_up,S004,2025-10-08 19:28:39,2025-10-08 19:30:22,3,10,3,2025-10-08,B015
R001_up_T015,R001_up,S015,2025-10-08 19:36:21,2025-10-08 19:38:17,9,13,1,2025-10-08,B015
R001_up_T016,R001_up,S030,2025-10-08 18:09:00,2025-10-08 18:10:53,11,15,7,2025-10-08,B005
R001_up_T016,R001_up,S027,2025-10-08 18:09:54,2025-10-08 18:11:47,3,10,-2,2025-10-08,B005
R001_up_T016,R001_up,S056,2025-10-08 18:23:48,2025-10-08 18:25:21,3,10,3,2025-10-08,B005
R001_up_T016,R001_up,S043,2025-10-08 18:33:36,2025-10-08 18:35:42,0,24,7,2025-10-08,B005
R001_up_T016,R001_up,S022,2025-10-08 18:40:46,2025-10-08 18:42:40,8,17,5,2025-10-08,B005
R001_up_T016,R001_up,S055,2025-10-08 18:47:39,2025-10-08 18:50:02,5,16,5,2025-10-08,B005
R001_up_T016,R001_up,S048,2025-10-08 18:59:35,2025-10-08 19:02:33,0,19,8,2025-10-08,B005
R001_up_T016,R001_up,S046,2025-10-08 18:59:12,2025-10-08 19:01:13,3,9,0,2025-10-08,B005
R001_up_T016,R001_up,S059,2025-10-08 19:12:16,2025-10-08 19:14:30,9,10,5,2025-10-08,B005
R001_up_T016,R001_up,S060,2025-10-08 19:22:46,2025-10-08 19:25:15,4,22,8,2025-10-08,B005
R001_up_T016,R001_up,S010,2025-10-08 19:22:13,2025-10-08 19:23:48,7,15,1,2025-10-08,B005
R001_up_T016,R001_up,S047,2025-10-08 19:30:57,2025-10-08 19:32:21,7,9,0,2025-10-08,B005
R001_up_T016,R001_up,S004,2025-10-08 19:41:37,2025-10-08 19:44:10,3,20,1,2025-10-08,B005
R001_up_T016,R001_up,S015,2025-10-08 20:00:04,2025-10-08 20:01:28,0,12,7,2025-10-08,B005
R001_up_T017,R001_up,S030,2025-10-08 19:05:00,2025-10-08 19:07:58,8,8,5,2025-10-08,B015
R001_up_T017,R001_up,S027,2025-10-08 19:07:28,2025-10-08 19:09:57,4,18,-2,2025-10-08,B015
R001_up_T017,R001_up,S056,2025-10-08 19:20:41,2025-10-08 19:22:16,8,16,0,2025-10-08,B015
R001_up_T017,R001_up,S043,2025-10-08 19:27:18,2025-10-08 19:30:09,3,15,-1,2025-10-08,B015
R001_up_T017,R001_up,S022,2025-10-08 19:37:39,2025-10-08 19:40:03,4,20,0,2025-10-08,B015
R001_up_T017,R001_up,S055,2025-10-08 19:50:34,2025-10-08 19:52:57,8,15,5,2025-10-08,B015
R001_up_T017,R001_up,S048,2025-10-08 20:01:30,2025-10-08 20:03:14,0,13,7,2025-10-08,B015
R001_up_T017,R001_up,S046,2025-10-08 20:03:27,2025-10-08 20:06:00,7,7,1,2025-10-08,B015
R001_up_T017,R001_up,S059,2025-10-08 20:16:01,2025-10-08 20:17:17,3,10,5,2025-10-08,B015
R001_up_T017,R001_up,S060,2025-10-08 20:16:59,2025-10-08 20:19:50,4,19,-1,2025-10-08,B015
R001_up_T017,R001_up,S010,2025-10-08 20:32:32,2025-10-08 20:34:40,7,11,8,2025-10-08,B015
R001_up_T017,R001_up,S047,2025-10-08 20:42:18,2025-10-08 20:44:10,3,10,8,2025-10-08,B015
R001_up_T017,R001_up,S004,2025-10-08 20:42:27,2025-10-08 20:43:36,2,14,-1,2025-10-08,B015
R001_up_T017,R001_up,S015,2025-10-08 20:56:36,2025-10-08 20:58:20,5,17,3,2025-10-08,B015
R001_up_T018,R001_up,S030,2025-10-08 19:28:00,2025-10-08 19:29:49,7,17,5,2025-10-08,B021
R001_up_T018,R001_up,S027,2025-10-08 19:41:11,2025-10-08 19:42:29,3,12,8,2025-10-08,B021
R001_up_T018,R001_up,S056,2025-10-08 19:45:33,2025-10-08 19:46:43,5,19,2,2025-10-08,B021
R001_up_T018,R001_up,S043,2025-10-08 19:49:35,2025-10-08 19:51:18,6,21,0,2025-10-08,B021
R001_up_T018,R001_up,S022,2025-10-08 19:54:31,2025-10-08 19:55:35,4,9,-2,2025-10-08,B021
R001_up_T018,R001_up,S055,2025-10-08 20:05:32,2025-10-08 20:07:12,8,11,2,2025-10-08,B021
R001_up_T018,R001_up,S048,2025-10-08 20:15:13,2025-10-08 20:16:21,7,9,3,2025-10-08,B021
R001_up_T018,R001_up,S046,2025-10-08 20:16:21,2025-10-08 20:19:14,7,20,-2,2025-10-08,B021
R001_up_T018,R001_up,S059,2025-10-08 20:24:13,2025-10-08 20:26:30,7,21,-2,2025-10-08,B021
R001_up_T018,R001_up,S060,2025-10-08 20:41:01,2025-10-08 20:42:07,2,5,7,2025-10-08,B021
R001_up_T018,R001_up,S010,2025-10-08 20:42:35,2025-10-08 20:45:26,7,22,3,2025-10-08,B021
R001_up_T018,R001_up,S047,2025-10-08 20:49:14,2025-10-08 20:50:37,6,8,0,2025-10-08,B021
R001_up_T018,R001_up,S004,2025-10-08 20:56:34,2025-10-08 20:58:11,7,5,-1,2025-10-08,B021
R001_up_T018,R001_up,S015,2025-10-08 21:12:52,2025-10-08 21:14:15,5,6,5,2025-10-08,B021
R001_up_T019,R001_up,S030,2025-10-08 19:42:00,2025-10-08 19:43:50,5,9,1,2025-10-08,B014
R001_up_T019,R001_up,S027,2025-10-08 19:54:11,2025-10-08 19:56:12,7,12,3,2025-10-08,B014
R001_up_T019,R001_up,S056,2025-10-08 20:06:46,2025-10-08 20:07:46,6,0,6,2025-10-08,B014
R001_up_T019,R001_up,S043,2025-10-08 20:13:29,2025-10-08 20:14:49,5,5,7,2025-10-08,B014
R001_up_T019,R001_up,S022,2025-10-08 20:17:57,2025-10-08 20:19:23,4,23,5,2025-10-08,B014
R001_up_T019,R001_up,S055,2025-10-08 20:26:32,2025-10-08 20:29:06,8,16,6,2025-10-08,B014
R001_up_T019,R001_up,S048,2025-10-08 20:32:54,2025-10-08 20:34:07,0,15,4,2025-10-08,B014
R001_up_T019,R001_up,S046,2025-10-08 20:36:26,2025-10-08 20:37:54,5,5,2,2025-10-08,B014
R001_up_T019,R001_up,S059,2025-10-08 20:49:51,2025-10-08 20:52:16,8,15,8,2025-10-08,B014
R001_up_T019,R001_up,S060,2025-10-08 20:53:36,2025-10-08 20:55:34,2,6,4,2025-10-08,B014
R001_up_T019,R001_up,S010,2025-10-08 20:54:57,2025-10-08 20:57:43,9,13,-1,2025-10-08,B014
R001_up_T019,R001_up,S047,2025-10-08 21:05:49,2025-10-08 21:07:20,4,13,1,2025-10-08,B014
R001_up_T019,R001_up,S004,2025-10-08 21:22:24,2025-10-08 21:23:39,7,9,8,2025-10-08,B014
R001_up_T019,R001_up,S015,2025-10-08 21:28:12,2025-10-08 21:30:54,5,12,3,2025-10-08,B014
R001_up_T020,R001_up,S030,2025-10-08 20:03:00,2025-10-08 20:04:48,6,13,1,2025-10-08,B006
R001_up_T020,R001_up,S027,2025-10-08 20:12:18,2025-10-08 20:14:37,1,14,0,2025-10-08,B006
R001_up_T020,R001_up,S056,2025-10-08 20:25:24,2025-10-08 20:27:42,6,7,3,2025-10-08,B006
R001_up_T020,R001_up,S043,2025-10-08 20:30:06,2025-10-08 20:31:51,6,15,1,2025-10-08,B006
R001_up_T020,R001_up,S022,2025-10-08 20:39:17,2025-10-08 20:41:19,5,0,2,2025-10-08,B006
R001_up_T020,R001_up,S055,2025-10-08 20:49:31,2025-10-08 20:50:45,4,15,4,2025-10-08,B006
R001_up_T020,R001_up,S048,2025-10-08 21:01:11,2025-10-08 21:03:05,3,11,7,2025-10-08,B006
R001_up_T020,R001_up,S046,2025-10-08 20:59:16,2025-10-08 21:01:26,2,13,-2,2025-10-08,B006
R001_up_T020,R001_up,S059,2025-10-08 21:11:04,2025-10-08 21:13:25,10,10,2,2025-10-08,B006
R001_up_T020,R001_up,S060,2025-10-08 21:17:31,2025-10-08 21:20:03,6,11,0,2025-10-08,B006
R001_up_T020,R001_up,S010,2025-10-08 21:23:08,2025-10-08 21:25:55,3,11,-1,2025-10-08,B006
R001_up_T020,R001_up,S047,2025-10-08 21:35:58,2025-10-08 21:37:05,5,20,1,2025-10-08,B006
R001_up_T020,R001_up,S004,2025-10-08 21:47:09,2025-10-08 21:48:21,3,12,2,2025-10-08,B006
R001_up_T020,R001_up,S015,2025-10-08 22:04:17,2025-10-08 22:05:18,4,14,8,2025-10-08,B006
R001_up_T021,R001_up,S030,2025-10-08 20:17:00,2025-10-08 20:18:50,5,22,-1,2025-10-08,B013
R001_up_T021,R001_up,S027,2025-10-08 20:30:30,2025-10-08 20:31:57,3,9,3,2025-10-08,B013
R001_up_T021,R001_up,S056,2025-10-08 20:42:14,2025-10-08 20:44:15,8,3,5,2025-10-08,B013
R001_up_T021,R001_up,S043,2025-10-08 20:52:49,2025-10-08 20:54:37,11,15,8,2025-10-08,B013
R001_up_T021,R001_up,S022,2025-10-08 20:54:47,2025-10-08 20:57:26,6,11,3,2025-10-08,B013
R001_up_T021,R001_up,S055,2025-10-08 21:04:26,2025-10-08 21:06:11,4,8,5,2025-10-08,B013
R001_up_T021,R001_up,S048,2025-10-08 21:04:59,2025-10-08 21:07:49,4,17,-2,2025-10-08,B013
R001_up_T021,R001_up,S046,2025-10-08 21:19:16,2025-10-08 21:20:30,6,11,4,2025-10-08,B013
R001_up_T021,R001_up,S059,2025-10-08 21:26:27,2025-10-08 21:29:04,6,14,4,2025-10-08,B013
R001_up_T021,R001_up,S060,2025-10-08 21:35:09,2025-10-08 21:36:14,6,13,4,2025-10-08,B013
R001_up_T021,R001_up,S010,2025-10-08 21:36:53,2025-10-08 21:38:15,2,2,0,2025-10-08,B013
R001_up_T021,R001_up,S047,2025-10-08 21:47:20,2025-10-08 21:50:09,4,13,3,2025-10-08,B013
R001_up_T021,R001_up,S004,2025-10-08 21:57:08,2025-10-08 21:58:20,0,17,2,2025-10-08,B013
R001_up_T021,R001_up,S015,2025-10-08 22:07:17,2025-10-08 22:08:53,6,19,2,2025-10-08,B013
R001_up_T022,R001_up,S030,2025-10-08 20:52:00,2025-10-08 20:54:14,3,11,-1,2025-10-08,B024
R001_up_T022,R001_up,S027,2025-10-08 21:09:16,2025-10-08 21:12:07,5,18,8,2025-10-08,B024
R001_up_T022,R001_up,S056,2025-10-08 21:13:53,2025-10-08 21:15:12,6,8,2,2025-10-08,B024
R001_up_T022,R001_up,S043,2025-10-08 21:16:50,2025-10-08 21:18:00,10,10,-2,2025-10-08,B024
R001_up_T022,R001_up,S022,2025-10-08 21:34:55,2025-10-08 21:37:44,4,16,8,2025-10-08,B024
R001_up_T022,R001_up,S055,2025-10-08 21:34:48,2025-10-08 21:37:00,4,12,0,2025-10-08,B024
R001_up_T022,R001_up,S048,2025-10-08 21:43:43,2025-10-08 21:46:35,9,17,0,2025-10-08,B024
R001_up_T022,R001_up,S046,2025-10-08 21:58:27,2025-10-08 22:00:16,7,18,7,2025-10-08,B024
R001_up_T022,R001_up,S059,2025-10-08 21:59:06,2025-10-08 22:01:14,11,9,0,2025-10-08,B024
R001_up_T022,R001_up,S060,2025-10-08 22:08:42,2025-10-08 22:09:58,5,15,3,2025-10-08,B024
R001_up_T022,R001_up,S010,2025-10-08 22:09:46,2025-10-08 22:12:02,0,13,-1,2025-10-08,B024
R001_up_T022,R001_up,S047,2025-10-08 22:25:17,2025-10-08 22:27:22,6,22,5,2025-10-08,B024
R001_up_T022,R001_up,S004,2025-10-08 22:30:54,2025-10-08 22:33:16,5,20,0,2025-10-08,B024
R001_up_T022,R001_up,S015,2025-10-08 22:50:41,2025-10-08 22:52:36,6,18,8,2025-10-08,B024
R001_up_T023,R001_up,S030,2025-10-08 22:23:00,2025-10-08 22:25:36,8,11,3,2025-10-08,B004
R001_up_T023,R001_up,S027,2025-10-08 22:28:28,2025-10-08 22:29:29,2,25,-2,2025-10-08,B004
R001_up_T023,R001_up,S056,2025-10-08 22:44:35,2025-10-08 22:45:54,10,8,6,2025-10-08,B004
R001_up_T023,R001_up,S043,2025-10-08 22:43:59,2025-10-08 22:46:39,4,18,-1,2025-10-08,B004
R001_up_T023,R001_up,S022,2025-10-08 23:00:35,2025-10-08 23:02:48,8,20,7,2025-10-08,B004
R001_up_T023,R001_up,S055,2025-10-08 22:59:51,2025-10-08 23:01:05,9,0,-1,2025-10-08,B004
R001_up_T023,R001_up,S048,2025-10-08 23:08:32,2025-10-08 23:10:40,5,9,1,2025-10-08,B004
R001_up_T023,R001_up,S046,2025-10-08 23:13:46,2025-10-08 23:15:26,3,11,-2,2025-10-08,B004
R001_up_T023,R001_up,S059,2025-10-08 23:26:33,2025-10-08 23:29:33,4,7,4,2025-10-08,B004
R001_up_T023,R001_up,S060,2025-10-08 23:36:05,2025-10-08 23:38:18,5,2,5,2025-10-08,B004
R001_up_T023,R001_up,S010,2025-10-08 23:43:16,2025-10-08 23:44:39,16,9,6,2025-10-08,B004
R001_up_T023,R001_up,S047,2025-10-08 23:54:04,2025-10-08 23:56:28,9,4,8,2025-10-08,B004
R001_up_T023,R001_up,S004,2025-10-08 23:55:40,2025-10-08 23:57:22,2,9,-1,2025-10-08,B004
R001_up_T023,R001_up,S015,2025-10-09 00:11:24,2025-10-09 00:13:12,7,5,6,2025-10-08,B004
R001_up_T024,R001_up,S030,2025-10-08 22:50:00,2025-10-08 22:52:04,8,16,8,2025-10-08,B001
R001_up_T024,R001_up,S027,2025-10-08 22:50:57,2025-10-08 22:53:08,6,2,0,2025-10-08,B001
R001_up_T024,R001_up,S056,2025-10-08 23:00:10,2025-10-08 23:01:51,10,8,-2,2025-10-08,B001
R001_up_T024,R001_up,S043,2025-10-08 23:15:39,2025-10-08 23:16:45,3,4,7,2025-10-08,B001
R001_up_T024,R001_up,S022,2025-10-08 23:18:01,2025-10-08 23:20:36,8,1,1,2025-10-08,B001
R001_up_T024,R001_up,S055,2025-10-08 23:27:04,2025-10-08 23:28:51,9,12,2,2025-10-08,B001
R001_up_T024,R001_up,S048,2025-10-08 23:35:29,2025-10-08 23:38:13,4,6,3,2025-10-08,B001
R001_up_T024,R001_up,S046,2025-10-08 23:42:21,2025-10-08 23:44:13,5,1,1,2025-10-08,B001
R001_up_T024,R001_up,S059,2025-10-08 23:47:29,2025-10-08 23:49:21,5,2,-1,2025-10-08,B001
R001_up_T024,R001_up,S060,2025-10-08 23:56:53,2025-10-08 23:59:37,9,6,2,2025-10-08,B001
R001_up_T024,R001_up,S010,2025-10-09 00:09:29,2025-10-09 00:11:58,6,6,8,2025-10-08,B001
R001_up_T024,R001_up,S047,2025-10-09 00:19:28,2025-10-09 00:21:49,5,0,8,2025-10-08,B001
R001_up_T024,R001_up,S004,2025-10-09 00:25:18,2025-10-09 00:27:25,11,2,4,2025-10-08,B001
R001_up_T024,R001_up,S015,2025-10-09 00:36:26,2025-10-09 00:38:39,11,10,4,2025-10-08,B001
R001_down_T001,R001_down,S015,2025-10-08 05:29:00,2025-10-08 05:31:58,0,9,-1,2025-10-08,B002
R001_down_T001,R001_down,S004,2025-10-08 05:48:26,2025-10-08 05:51:07,6,4,8,2025-10-08,B002
R001_down_T001,R001_down,S047,2025-10-08 06:01:06,2025-10-08 06:03:56,8,7,8,2025-10-08,B002
R001_down_T001,R001_down,S010,2025-10-08 06:03:04,2025-10-08 06:04:24,9,7,1,2025-10-08,B002
R001_down_T001,R001_down,S060,2025-10-08 06:11:43,2025-10-08 06:12:43,7,7,1,2025-10-08,B002
R001_down_T001,R001_down,S059,2025-10-08 06:17:29,2025-10-08 06:18:34,6,6,0,2025-10-08,B002
R001_down_T001,R001_down,S046,2025-10-08 06:32:55,2025-10-08 06:34:18,5,2,6,2025-10-08,B002
R001_down_T001,R001_down,S048,2025-10-08 06:38:51,2025-10-08 06:41:13,7,2,5,2025-10-08,B002
R001_down_T001,R001_down,S055,2025-10-08 06:50:29,2025-10-08 06:53:19,9,11,8,2025-10-08,B002
R001_down_T001,R001_down,S022,2025-10-08 06:56:35,2025-10-08 06:58:54,5,2,7,2025-10-08,B002
R001_down_T001,R001_down,S043,2025-10-08 07:01:32,2025-10-08 07:02:56,5,12,3,2025-10-08,B002
R001_down_T001,R001_down,S056,2025-10-08 07:08:57,2025-10-08 07:11:18,2,12,2,2025-10-08,B002
R001_down_T001,R001_down,S027,2025-10-08 07:13:27,2025-10-08 07:15:21,3,12,0,2025-10-08,B002
R001_down_T001,R001_down,S030,2025-10-08 07:21:34,2025-10-08 07:22:40,3,10,-1,2025-10-08,B002
R001_down_T002,R001_down,S015,2025-10-08 07:12:00,2025-10-08 07:14:50,9,7,3,2025-10-08,B024
R001_down_T002,R001_down,S004,2025-10-08 07:18:22,2025-10-08 07:19:55,10,6,-2,2025-10-08,B024
R001_down_T002,R001_down,S047,2025-10-08 07:36:07,2025-10-08 07:37:34,10,6,6,2025-10-08,B024
R001_down_T002,R001_down,S010,2025-10-08 07:41:40,2025-10-08 07:43:18,8,18,3,2025-10-08,B024
R001_down_T002,R001_down,S060,2025-10-08 07:53:31,2025-10-08 07:56:06,8,8,6,2025-10-08,B024
R001_down_T002,R001_down,S059,2025-10-08 08:00:18,2025-10-08 08:02:12,2,19,5,2025-10-08,B024
R001_down_T002,R001_down,S046,2025-10-08 08:13:14,2025-10-08 08:15:59,5,17,8,2025-10-08,B024
R001_down_T002,R001_down,S048,2025-10-08 08:18:46,2025-10-08 08:20:46,5,11,4,2025-10-08,B024
R001_down_T002,R001_down,S055,2025-10-08 08:23:36,2025-10-08 08:26:26,3,12,0,2025-10-08,B024
R001_down_T002,R001_down,S022,2025-10-08 08:37:20,2025-10-08 08:40:05,6,13,6,2025-10-08,B024
R001_down_T002,R001_down,S043,2025-10-08 08:46:20,2025-10-08 08:47:22,5,17,6,2025-10-08,B024
R001_down_T002,R001_down,S056,2025-10-08 08:49:41,2025-10-08 08:51:21,6,13,2,2025-10-08,B024
R001_down_T002,R001_down,S027,2025-10-08 08:58:42,2025-10-08 08:59:52,7,22,5,2025-10-08,B024
R001_down_T002,R001_down,S030,2025-10-08 09:09:02,2025-10-08 09:11:47,6,11,8,2025-10-08,B024
R001_down_T003,R001_down,S015,2025-10-08 07:29:00,2025-10-08 07:31:16,8,14,3,2025-10-08,B017
R001_down_T003,R001_down,S004,2025-10-08 07:44:38,2025-10-08 07:47:29,3,12,8,2025-10-08,B017
R001_down_T003,R001_down,S047,2025-10-08 07:47:06,2025-10-08 07:48:45,6,17,0,2025-10-08,B017
R001_down_T003,R001_down,S010,2025-10-08 08:04:03,2025-10-08 08:05:13,4,23,7,2025-10-08,B017
R001_down_T003,R001_down,S060,2025-10-08 08:02:37,2025-10-08 08:05:32,5,9,-2,2025-10-08,B017
R001_down_T003,R001_down,S059,2025-10-08 08:16:30,2025-10-08 08:19:28,9,10,3,2025-10-08,B017
R001_down_T003,R001_down,S046,2025-10-08 08:23:45,2025-10-08 08:25:47,4,11,1,2025-10-08,B017
R001_down_T003,R001_down,S048,2025-10-08 08:31:20,2025-10-08 08:32:35,4,7,1,2025-10-08,B017
R001_down_T003,R001_down,S055,2025-10-08 08:41:03,2025-10-08 08:42:15,2,12,3,2025-10-08,B017
R001_down_T003,R001_down,S022,2025-10-08 08:51:45,2025-10-08 08:54:05,4,3,8,2025-10-08,B017
R001_down_T003,R001_down,S043,2025-10-08 08:58:54,2025-10-08 09:01:33,1,14,6,2025-10-08,B017
R001_down_T003,R001_down,S056,2025-10-08 09:03:01,2025-10-08 09:04:37,6,4,-1,2025-10-08,B017
R001_down_T003,R001_down,S027,2025-10-08 09:14:37,2025-10-08 09:15:46,3,11,5,2025-10-08,B017
R001_down_T003,R001_down,S030,2025-10-08 09:24:03,2025-10-08 09:26:36,7,13,5,2025-10-08,B017
R001_down_T004,R001_down,S015,2025-10-08 09:54:00,2025-10-08 09:56:56,14,7,8,2025-10-08,B020
R001_down_T004,R001_down,S004,2025-10-08 10:04:57,2025-10-08 10:07:39,6,14,8,2025-10-08,B020
R001_down_T004,R001_down,S047,2025-10-08 10:10:29,2025-10-08 10:11:44,5,11,1,2025-10-08,B020
R001_down_T004,R001_down,S010,2025-10-08 10:15:00,2025-10-08 10:16:49,7,7,-2,2025-10-08,B020
R001_down_T004,R001_down,S060,2025-10-08 10:27:43,2025-10-08 10:29:46,6,12,2,2025-10-08,B020
R001_down_T004,R001_down,S059,2025-10-08 10:36:09,2025-10-08 10:38:38,8,11,4,2025-10-08,B020
R001_down_T004,R001_down,S046,2025-10-08 10:48:10,2025-10-08 10:50:58,4,3,5,2025-10-08,B020
R001_down_T004,R001_down,S048,2025-10-08 10:54:44,2025-10-08 10:55:57,7,13,2,2025-10-08,B020
R001_down_T004,R001_down,S055,2025-10-08 11:00:50,2025-10-08 11:01:59,5,13,1,2025-10-08,B020
R001_down_T004,R001_down,S022,2025-10-08 11:09:38,2025-10-08 11:11:35,8,4,5,2025-10-08,B020
R001_down_T004,R001_down,S043,2025-10-08 11:16:46,2025-10-08 11:19:06,7,6,2,2025-10-08,B020
R001_down_T004,R001_down,S056,2025-10-08 11:21:58,2025-10-08 11:24:53,8,3,-2,2025-10-08,B020
R001_down_T004,R001_down,S027,2025-10-08 11:37:28,2025-10-08 11:39:11,8,8,7,2025-10-08,B020
R001_down_T004,R001_down,S030,2025-10-08 11:40:32,2025-10-08 11:42:12,10,8,1,2025-10-08,B020
R001_down_T005,R001_down,S015,2025-10-08 10:05:00,2025-10-08 10:06:37,7,14,-1,2025-10-08,B012
R001_down_T005,R001_down,S004,2025-10-08 10:24:08,2025-10-08 10:26:31,3,7,8,2025-10-08,B012
R001_down_T005,R001_down,S047,2025-10-08 10:34:01,2025-10-08 10:35:51,6,17,6,2025-10-08,B012
R001_down_T005,R001_down,S010,2025-10-08 10:37:53,2025-10-08 10:38:54,7,15,0,2025-10-08,B012
R001_down_T005,R001_down,S060,2025-10-08 10:52:15,2025-10-08 10:54:18,8,19,7,2025-10-08,B012
R001_down_T005,R001_down,S059,2025-10-08 11:00:25,2025-10-08 11:02:38,5,16,7,2025-10-08,B012
R001_down_T005,R001_down,S046,2025-10-08 11:05:16,2025-10-08 11:07:52,3,3,1,2025-10-08,B012
R001_down_T005,R001_down,S048,2025-10-08 11:12:12,2025-10-08 11:14:28,8,7,-2,2025-10-08,B012
R001_down_T005,R001_down,S055,2025-10-08 11:25:00,2025-10-08 11:27:15,11,4,3,2025-10-08,B012
R001_down_T005,R001_down,S022,2025-10-08 11:36:11,2025-10-08 11:38:45,2,3,7,2025-10-08,B012
R001_down_T005,R001_down,S043,2025-10-08 11:47:43,2025-10-08 11:50:40,10,10,8,2025-10-08,B012
R001_down_T005,R001_down,S056,2025-10-08 11:52:19,2025-10-08 11:54:40,7,7,2,2025-10-08,B012
R001_down_T005,R001_down,S027,2025-10-08 12:04:12,2025-10-08 12:05:51,9,7,7,2025-10-08,B012
R001_down_T005,R001_down,S030,2025-10-08 12:04:25,2025-10-08 12:06:19,12,5,-1,2025-10-08,B012
R001_down_T006,R001_down,S015,2025-10-08 10:22:00,2025-10-08 10:23:44,6,14,1,2025-10-08,B017
R001_down_T006,R001_down,S004,2025-10-08 10:27:53,2025-10-08 10:30:11,2,12,-1,2025-10-08,B017
R001_down_T006,R001_down,S047,2025-10-08 10:37:47,2025-10-08 10:40:12,9,14,-1,2025-10-08,B017
R001_down_T006,R001_down,S010,2025-10-08 10:48:24,2025-10-08 10:49:35,1,10,0,2025-10-08,B017
R001_down_T006,R001_down,S060,2025-10-08 10:53:49,2025-10-08 10:56:45,0,10,-2,2025-10-08,B017
R001_down_T006,R001_down,S059,2025-10-08 11:06:03,2025-10-08 11:07:16,12,9,2,2025-10-08,B017
R001_down_T006,R001_down,S046,2025-10-08 11:17:23,2025-10-08 11:18:48,11,9,5,2025-10-08,B017
R001_down_T006,R001_down,S048,2025-10-08 11:25:56,2025-10-08 11:28:19,8,4,5,2025-10-08,B017
R001_down_T006,R001_down,S055,2025-10-08 11:33:29,2025-10-08 11:35:20,3,4,3,2025-10-08,B017
R001_down_T006,R001_down,S022,2025-10-08 11:41:48,2025-10-08 11:42:54,5,4,6,2025-10-08,B017
R001_down_T006,R001_down,S043,2025-10-08 11:52:03,2025-10-08 11:54:14,8,3,7,2025-10-08,B017
R001_down_T006,R001_down,S056,2025-10-08 11:53:19,2025-10-08 11:55:50,7,9,-2,2025-10-08,B017
R001_down_T006,R001_down,S027,2025-10-08 12:01:17,2025-10-08 12:03:02,7,6,-1,2025-10-08,B017
R001_down_T006,R001_down,S030,2025-10-08 12:17:23,2025-10-08 12:19:50,8,5,5,2025-10-08,B017
R001_down_T007,R001_down,S015,2025-10-08 10:47:00,2025-10-08 10:49:40,4,15,2,2025-10-08,B023
R001_down_T007,R001_down,S004,2025-10-08 10:59:52,2025-10-08 11:00:58,9,19,6,2025-10-08,B023
R001_down_T007,R001_down,S047,2025-10-08 11:04:04,2025-10-08 11:05:51,14,1,0,2025-10-08,B023
R001_down_T007,R001_down,S010,2025-10-08 11:13:04,2025-10-08 11:14:11,11,0,-1,2025-10-08,B023
R001_down_T007,R001_down,S060,2025-10-08 11:27:09,2025-10-08 11:30:03,7,11,6,2025-10-08,B023
R001_down_T007,R001_down,S059,2025-10-08 11:31:38,2025-10-08 11:33:35,11,6,2,2025-10-08,B023
R001_down_T007,R001_down,S046,2025-10-08 11:38:21,2025-10-08 11:40:44,12,7,0,2025-10-08,B023
R001_down_T007,R001_down,S048,2025-10-08 11:55:14,2025-10-08 11:57:38,8,5,8,2025-10-08,B023
R001_down_T007,R001_down,S055,2025-10-08 11:59:35,2025-10-08 12:02:28,12,7,4,2025-10-08,B023
R001_down_T007,R001_down,S022,2025-10-08 12:00:21,2025-10-08 12:01:37,9,3,-2,2025-10-08,B023
R001_down_T007,R001_down,S043,2025-10-08 12:13:53,2025-10-08 12:15:20,10,0,4,2025-10-08,B023
R001_down_T007,R001_down,S056,2025-10-08 12:23:50,2025-10-08 12:26:34,9,3,5,2025-10-08,B023
R001_down_T007,R001_down,S027,2025-10-08 12:25:54,2025-10-08 12:27:15,12,6,0,2025-10-08,B023
R001_down_T007,R001_down,S030,2025-10-08 12:36:39,2025-10-08 12:38:53,5,8,1,2025-10-08,B023
R001_down_T008,R001_down,S015,2025-10-08 13:03:00,2025-10-08 13:05:39,7,5,2,2025-10-08,B023
R001_down_T008,R001_down,S004,2025-10-08 13:13:09,2025-10-08 13:14:49,3,1,2,2025-10-08,B023
R001_down_T008,R001_down,S047,2025-10-08 13:21:28,2025-10-08 13:22:39,9,8,0,2025-10-08,B023
R001_down_T008,R001_down,S010,2025-10-08 13:32:17,2025-10-08 13:33:44,8,4,1,2025-10-08,B023
R001_down_T008,R001_down,S060,2025-10-08 13:40:06,2025-10-08 13:42:50,6,2,2,2025-10-08,B023
R001_down_T008,R001_down,S059,2025-10-08 13:50:31,2025-10-08 13:53:09,5,8,4,2025-10-08,B023
R001_down_T008,R001_down,S046,2025-10-08 13:54:15,2025-10-08 13:55:43,10,7,-2,2025-10-08,B023
R001_down_T008,R001_down,S048,2025-10-08 14:06:31,2025-10-08 14:09:08,6,6,3,2025-10-08,B023
R001_down_T008,R001_down,S055,2025-10-08 14:14:02,2025-10-08 14:15:36,5,10,2,2025-10-08,B023
R001_down_T008,R001_down,S022,2025-10-08 14:18:19,2025-10-08 14:20:07,9,7,1,2025-10-08,B023
R001_down_T008,R001_down,S043,2025-10-08 14:31:52,2025-10-08 14:33:59,12,5,6,2025-10-08,B023
R001_down_T008,R001_down,S056,2025-10-08 14:42:34,2025-10-08 14:45:13,10,5,7,2025-10-08,B023
R001_down_T008,R001_down,S027,2025-10-08 14:50:09,2025-10-08 14:52:44,9,8,7,2025-10-08,B023
R001_down_T008,R001_down,S030,2025-10-08 14:55:16,2025-10-08 14:56:35,9,8,3,2025-10-08,B023
R001_down_T009,R001_down,S015,2025-10-08 16:34:00,2025-10-08 16:36:55,8,3,4,2025-10-08,B005
R001_down_T009,R001_down,S004,2025-10-08 16:44:23,2025-10-08 16:47:15,8,3,4,2025-10-08,B005
R001_down_T009,R001_down,S047,2025-10-08 16:54:36,2025-10-08 16:57:27,14,5,4,2025-10-08,B005
R001_down_T009,R001_down,S010,2025-10-08 17:02:10,2025-10-08 17:03:22,15,6,0,2025-10-08,B005
R001_down_T009,R001_down,S060,2025-10-08 17:14:53,2025-10-08 17:16:10,21,5,6,2025-10-08,B005
R001_down_T009,R001_down,S059,2025-10-08 17:16:10,2025-10-08 17:18:56,14,3,0,2025-10-08,B005
R001_down_T009,R001_down,S046,2025-10-08 17:32:11,2025-10-08 17:34:10,13,3,5,2025-10-08,B005
R001_down_T009,R001_down,S048,2025-10-08 17:39:28,2025-10-08 17:41:57,19,5,5,2025-10-08,B005
R001_down_T009,R001_down,S055,2025-10-08 17:45:39,2025-10-08 17:48:31,15,12,2,2025-10-08,B005
R001_down_T009,R001_down,S022,2025-10-08 17:48:58,2025-10-08 17:51:47,13,6,-1,2025-10-08,B005
R001_down_T009,R001_down,S043,2025-10-08 18:05:40,2025-10-08 18:08:37,19,1,5,2025-10-08,B005
R001_down_T009,R001_down,S056,2025-10-08 18:08:39,2025-10-08 18:11:05,4,3,-2,2025-10-08,B005
R001_down_T009,R001_down,S027,2025-10-08 18:21:49,2025-10-08 18:23:02,18,9,4,2025-10-08,B005
R001_down_T009,R001_down,S030,2025-10-08 18:32:23,2025-10-08 18:34:10,19,5,5,2025-10-08,B005
R001_down_T010,R001_down,S015,2025-10-08 17:31:00,2025-10-08 17:33:09,13,6,1,2025-10-08,B017
R001_down_T010,R001_down,S004,2025-10-08 17:44:56,2025-10-08 17:46:37,18,5,6,2025-10-08,B017
R001_down_T010,R001_down,S047,2025-10-08 17:48:37,2025-10-08 17:50:02,7,4,0,2025-10-08,B017
R001_down_T010,R001_down,S010,2025-10-08 17:59:13,2025-10-08 18:00:22,12,0,2,2025-10-08,B017
R001_down_T010,R001_down,S060,2025-10-08 18:03:37,2025-10-08 18:04:44,6,7,0,2025-10-08,B017
R001_down_T010,R001_down,S059,2025-10-08 18:07:09,2025-10-08 18:08:27,17,10,-2,2025-10-08,B017
R001_down_T010,R001_down,S046,2025-10-08 18:21:07,2025-10-08 18:23:54,9,5,2,2025-10-08,B017
R001_down_T010,R001_down,S048,2025-10-08 18:29:49,2025-10-08 18:32:36,4,8,2,2025-10-08,B017
R001_down_T010,R001_down,S055,2025-10-08 18:43:03,2025-10-08 18:45:13,15,6,6,2025-10-08,B017
R001_down_T010,R001_down,S022,2025-10-08 18:42:13,2025-10-08 18:44:47,14,8,-1,2025-10-08,B017
R001_down_T010,R001_down,S043,2025-10-08 18:58:31,2025-10-08 19:01:05,10,7,4,2025-10-08,B017
R001_down_T010,R001_down,S056,2025-10-08 19:06:34,2025-10-08 19:09:23,21,6,1,2025-10-08,B017
R001_down_T010,R001_down,S027,2025-10-08 19:17:47,2025-10-08 19:19:28,12,5,6,2025-10-08,B017
R001_down_T010,R001_down,S030,2025-10-08 19:18:29,2025-10-08 19:20:22,10,4,-2,2025-10-08,B017
R001_down_T011,R001_down,S015,2025-10-08 18:14:00,2025-10-08 18:16:43,23,8,5,2025-10-08,B001
R001_down_T011,R001_down,S004,2025-10-08 18:21:25,2025-10-08 18:23:56,4,3,2,2025-10-08,B001
R001_down_T011,R001_down,S047,2025-10-08 18:30:22,2025-10-08 18:32:48,19,7,1,2025-10-08,B001
R001_down_T011,R001_down,S010,2025-10-08 18:40:18,2025-10-08 18:42:32,14,6,1,2025-10-08,B001
R001_down_T011,R001_down,S060,2025-10-08 18:50:28,2025-10-08 18:53:14,23,7,3,2025-10-08,B001
R001_down_T011,R001_down,S059,2025-10-08 18:59:02,2025-10-08 19:01:43,18,5,4,2025-10-08,B001
R001_down_T011,R001_down,S046,2025-10-08 19:10:02,2025-10-08 19:11:28,10,4,5,2025-10-08,B001
R001_down_T011,R001_down,S048,2025-10-08 19:15:34,2025-10-08 19:17:10,10,1,3,2025-10-08,B001
R001_down_T011,R001_down,S055,2025-10-08 19:20:16,2025-10-08 19:22:17,10,6,-1,2025-10-08,B001
R001_down_T011,R001_down,S022,2025-10-08 19:36:07,2025-10-08 19:38:23,9,2,8,2025-10-08,B001
R001_down_T011,R001_down,S043,2025-10-08 19:39:28,2025-10-08 19:41:14,13,8,3,2025-10-08,B001
R001_down_T011,R001_down,S056,2025-10-08 19:45:31,2025-10-08 19:46:45,19,7,-1,2025-10-08,B001
R001_down_T011,R001_down,S027,2025-10-08 19:59:13,2025-10-08 20:01:17,20,7,8,2025-10-08,B001
R001_down_T011,R001_down,S030,2025-10-08 20:01:32,2025-10-08 20:02:33,18,10,2,2025-10-08,B001
R001_down_T012,R001_down,S015,2025-10-08 19:22:00,2025-10-08 19:24:10,20,9,6,2025-10-08,B004
R001_down_T012,R001_down,S004,2025-10-08 19:29:27,2025-10-08 19:30:34,14,8,5,2025-10-08,B004
R001_down_T012,R001_down,S047,2025-10-08 19:33:08,2025-10-08 19:34:54,21,3,0,2025-10-08,B004
R001_down_T012,R001_down,S010,2025-10-08 19:46:27,2025-10-08 19:49:23,13,2,5,2025-10-08,B004
R001_down_T012,R001_down,S060,2025-10-08 19:49:50,2025-10-08 19:50:54,12,4,0,2025-10-08,B004
R001_down_T012,R001_down,S059,2025-10-08 19:53:25,2025-10-08 19:54:33,17,5,-2,2025-10-08,B004
R001_down_T012,R001_down,S046,2025-10-08 20:02:48,2025-10-08 20:04:28,9,3,-2,2025-10-08,B004
R001_down_T012,R001_down,S048,2025-10-08 20:15:51,2025-10-08 20:17:49,10,3,3,2025-10-08,B004
R001_down_T012,R001_down,S055,2025-10-08 20:21:51,2025-10-08 20:23:36,15,3,1,2025-10-08,B004
R001_down_T012,R001_down,S022,2025-10-08 20:33:19,2025-10-08 20:35:41,13,1,7,2025-10-08,B004
R001_down_T012,R001_down,S043,2025-10-08 20:35:52,2025-10-08 20:36:52,8,3,0,2025-10-08,B004
R001_down_T012,R001_down,S056,2025-10-08 20:47:23,2025-10-08 20:48:39,8,5,4,2025-10-08,B004
R001_down_T012,R001_down,S027,2025-10-08 20:49:56,2025-10-08 20:51:08,5,6,1,2025-10-08,B004
R001_down_T012,R001_down,S030,2025-10-08 21:05:07,2025-10-08 21:07:33,4,11,7,2025-10-08,B004
R001_down_T013,R001_down,S015,2025-10-08 19:56:00,2025-10-08 19:57:16,7,7,3,2025-10-08,B001
R001_down_T013,R001_down,S004,2025-10-08 20:06:39,2025-10-08 20:08:59,13,3,5,2025-10-08,B001
R001_down_T013,R001_down,S047,2025-10-08 20:19:32,2025-10-08 20:21:01,13,7,7,2025-10-08,B001
R001_down_T013,R001_down,S010,2025-10-08 20:21:16,2025-10-08 20:23:32,8,10,0,2025-10-08,B001
R001_down_T013,R001_down,S060,2025-10-08 20:35:47,2025-10-08 20:37:48,16,6,6,2025-10-08,B001
R001_down_T013,R001_down,S059,2025-10-08 20:35:09,2025-10-08 20:38:00,15,8,-1,2025-10-08,B001
R001_down_T013,R001_down,S046,2025-10-08 20:48:38,2025-10-08 20:50:35,22,4,3,2025-10-08,B001
R001_down_T013,R001_down,S048,2025-10-08 20:52:09,2025-10-08 20:55:07,15,6,-2,2025-10-08,B001
R001_down_T013,R001_down,S055,2025-10-08 21:07:35,2025-10-08 21:08:44,9,5,3,2025-10-08,B001
R001_down_T013,R001_down,S022,2025-10-08 21:15:02,2025-10-08 21:16:44,11,7,5,2025-10-08,B001
R001_down_T013,R001_down,S043,2025-10-08 21:20:10,2025-10-08 21:21:27,19,9,1,2025-10-08,B001
R001_down_T013,R001_down,S056,2025-10-08 21:29:39,2025-10-08 21:31:59,12,13,3,2025-10-08,B001
R001_down_T013,R001_down,S027,2025-10-08 21:31:08,2025-10-08 21:32:38,13,9,-2,2025-10-08,B001
R001_down_T013,R001_down,S030,2025-10-08 21:48:49,2025-10-08 21:51:35,13,4,8,2025-10-08,B001
R001_down_T014,R001_down,S015,2025-10-08 20:30:00,2025-10-08 20:31:46,21,5,5,2025-10-08,B010
R001_down_T014,R001_down,S004,2025-10-08 20:32:56,2025-10-08 20:33:59,16,5,-2,2025-10-08,B010
R001_down_T014,R001_down,S047,2025-10-08 20:43:19,2025-10-08 20:45:34,15,5,-1,2025-10-08,B010
R001_down_T014,R001_down,S010,2025-10-08 20:55:07,2025-10-08 20:56:16,8,9,2,2025-10-08,B010
R001_down_T014,R001_down,S060,2025-10-08 21:02:50,2025-10-08 21:05:17,14,4,2,2025-10-08,B010
R001_down_T014,R001_down,S059,2025-10-08 21:13:44,2025-10-08 21:14:59,15,1,5,2025-10-08,B010
R001_down_T014,R001_down,S046,2025-10-08 21:18:19,2025-10-08 21:20:59,12,8,2,2025-10-08,B010
R001_down_T014,R001_down,S048,2025-10-08 21:32:36,2025-10-08 21:33:39,6,2,8,2025-10-08,B010
R001_down_T014,R001_down,S055,2025-10-08 21:34:37,2025-10-08 21:37:12,20,6,2,2025-10-08,B010
R001_down_T014,R001_down,S022,2025-10-08 21:45:37,2025-10-08 21:47:04,16,10,7,2025-10-08,B010
R001_down_T014,R001_down,S043,2025-10-08 21:48:42,2025-10-08 21:50:15,7,8,2,2025-10-08,B010
R001_down_T014,R001_down,S056,2025-10-08 22:02:36,2025-10-08 22:04:53,24,10,7,2025-10-08,B010
R001_down_T014,R001_down,S027,2025-10-08 22:08:28,2025-10-08 22:11:24,15,8,6,2025-10-08,B010
R001_down_T014,R001_down,S030,2025-10-08 22:16:57,2025-10-08 22:19:32,7,6,4,2025-10-08,B010
R001_down_T015,R001_down,S015,2025-10-08 20:51:00,2025-10-08 20:53:09,16,10,7,2025-10-08,B008
R001_down_T015,R001_down,S004,2025-10-08 20:58:19,2025-10-08 21:00:00,20,5,5,2025-10-08,B008
R001_down_T015,R001_down,S047,2025-10-08 21:04:13,2025-10-08 21:05:45,13,7,0,2025-10-08,B008
R001_down_T015,R001_down,S010,2025-10-08 21:12:35,2025-10-08 21:13:59,14,8,-1,2025-10-08,B008
R001_down_T015,R001_down,S060,2025-10-08 21:23:04,2025-10-08 21:24:12,6,0,1,2025-10-08,B008
R001_down_T015,R001_down,S059,2025-10-08 21:28:24,2025-10-08 21:31:12,10,2,-1,2025-10-08,B008
R001_down_T015,R001_down,S046,2025-10-08 21:41:25,2025-10-08 21:44:03,11,5,3,2025-10-08,B008
R001_down_T015,R001_down,S048,2025-10-08 21:49:15,2025-10-08 21:50:29,7,4,2,2025-10-08,B008
R001_down_T015,R001_down,S055,2025-10-08 21:59:03,2025-10-08 22:01:08,6,2,4,2025-10-08,B008
R001_down_T015,R001_down,S022,2025-10-08 22:08:36,2025-10-08 22:10:01,9,4,7,2025-10-08,B008
R001_down_T015,R001_down,S043,2025-10-08 22:13:56,2025-10-08 22:15:00,11,8,4,2025-10-08,B008
R001_down_T015,R001_down,S056,2025-10-08 22:22:16,2025-10-08 22:24:45,15,3,3,2025-10-08,B008
R001_down_T015,R001_down,S027,2025-10-08 22:23:55,2025-10-08 22:25:36,20,3,-2,2025-10-08,B008
R001_down_T015,R001_down,S030,2025-10-08 22:32:36,2025-10-08 22:35:03,19,7,-2,2025-10-08,B008
R001_down_T016,R001_down,S015,2025-10-08 21:13:00,2025-10-08 21:14:22,15,9,4,2025-10-08,B004
R001_down_T016,R001_down,S004,2025-10-08 21:17:19,2025-10-08 21:19:32,7,9,0,2025-10-08,B004
R001_down_T016,R001_down,S047,2025-10-08 21:30:13,2025-10-08 21:31:54,19,6,1,2025-10-08,B004
R001_down_T016,R001_down,S010,2025-10-08 21:38:47,2025-10-08 21:40:55,8,5,1,2025-10-08,B004
R001_down_T016,R001_down,S060,2025-10-08 21:47:58,2025-10-08 21:49:51,16,9,2,2025-10-08,B004
R001_down_T016,R001_down,S059,2025-10-08 21:51:28,2025-10-08 21:52:46,13,9,-1,2025-10-08,B004
R001_down_T016,R001_down,S046,2025-10-08 22:00:10,2025-10-08 22:02:05,18,3,-1,2025-10-08,B004
R001_down_T016,R001_down,S048,2025-10-08 22:10:20,2025-10-08 22:13:09,17,6,0,2025-10-08,B004
R001_down_T016,R001_down,S055,2025-10-08 22:16:25,2025-10-08 22:18:21,3,8,-2,2025-10-08,B004
R001_down_T016,R001_down,S022,2025-10-08 22:31:28,2025-10-08 22:32:58,13,12,7,2025-10-08,B004
R001_down_T016,R001_down,S043,2025-10-08 22:30:32,2025-10-08 22:32:40,9,8,-2,2025-10-08,B004
R001_down_T016,R001_down,S056,2025-10-08 22:43:06,2025-10-08 22:44:07,18,7,0,2025-10-08,B004
R001_down_T016,R001_down,S027,2025-10-08 22:51:54,2025-10-08 22:53:58,21,3,3,2025-10-08,B004
R001_down_T016,R001_down,S030,2025-10-08 22:59:12,2025-10-08 23:01:58,16,8,0,2025-10-08,B004
R001_down_T017,R001_down,S015,2025-10-08 21:53:00,2025-10-08 21:55:26,21,10,6,2025-10-08,B001
R001_down_T017,R001_down,S004,2025-10-08 21:57:01,2025-10-08 21:58:21,3,5,1,2025-10-08,B001
R001_down_T017,R001_down,S047,2025-10-08 22:12:38,2025-10-08 22:14:48,15,3,8,2025-10-08,B001
R001_down_T017,R001_down,S010,2025-10-08 22:16:37,2025-10-08 22:17:39,21,9,2,2025-10-08,B001
R001_down_T017,R001_down,S060,2025-10-08 22:24:49,2025-10-08 22:26:09,10,9,4,2025-10-08,B001
R001_down_T017,R001_down,S059,2025-10-08 22:29:26,2025-10-08 22:30:32,19,7,2,2025-10-08,B001
R001_down_T017,R001_down,S046,2025-10-08 22:39:13,2025-10-08 22:41:33,12,3,3,2025-10-08,B001
R001_down_T017,R001_down,S048,2025-10-08 22:44:53,2025-10-08 22:46:02,30,7,-1,2025-10-08,B001
R001_down_T017,R001_down,S055,2025-10-08 22:56:57,2025-10-08 22:58:27,14,6,4,2025-10-08,B001
R001_down_T017,R001_down,S022,2025-10-08 23:00:34,2025-10-08 23:02:34,21,5,2,2025-10-08,B001
R001_down_T017,R001_down,S043,2025-10-08 23:07:04,2025-10-08 23:09:38,5,3,-1,2025-10-08,B001
R001_down_T017,R001_down,S056,2025-10-08 23:19:51,2025-10-08 23:21:17,10,7,2,2025-10-08,B001
R001_down_T017,R001_down,S027,2025-10-08 23:20:47,2025-10-08 23:22:47,6,10,-2,2025-10-08,B001
R001_down_T017,R001_down,S030,2025-10-08 23:30:06,2025-10-08 23:32:15,7,7,-2,2025-10-08,B001
R001_down_T018,R001_down,S015,2025-10-08 22:06:00,2025-10-08 22:07:06,10,2,2,2025-10-08,B007
R001_down_T018,R001_down,S004,2025-10-08 22:15:10,2025-10-08 22:16:25,18,6,4,2025-10-08,B007
R001_down_T018,R001_down,S047,2025-10-08 22:20:57,2025-10-08 22:22:33,15,7,1,2025-10-08,B007
R001_down_T018,R001_down,S010,2025-10-08 22:34:38,2025-10-08 22:37:18,3,3,5,2025-10-08,B007
R001_down_T018,R001_down,S060,2025-10-08 22:43:39,2025-10-08 22:44:57,17,6,5,2025-10-08,B007
R001_down_T018,R001_down,S059,2025-10-08 22:52:49,2025-10-08 22:54:38,15,2,8,2025-10-08,B007
R001_down_T018,R001_down,S046,2025-10-08 22:59:04,2025-10-08 23:01:22,23,1,4,2025-10-08,B007
R001_down_T018,R001_down,S048,2025-10-08 23:10:57,2025-10-08 23:12:31,8,9,7,2025-10-08,B007
R001_down_T018,R001_down,S055,2025-10-08 23:13:54,2025-10-08 23:15:23,4,9,1,2025-10-08,B007
R001_down_T018,R001_down,S022,2025-10-08 23:20:40,2025-10-08 23:22:35,8,4,2,2025-10-08,B007
R001_down_T018,R001_down,S043,2025-10-08 23:33:25,2025-10-08 23:34:34,8,7,6,2025-10-08,B007
R001_down_T018,R001_down,S056,2025-10-08 23:37:58,2025-10-08 23:40:58,11,8,2,2025-10-08,B007
R001_down_T018,R001_down,S027,2025-10-08 23:41:12,2025-10-08 23:43:26,4,1,-2,2025-10-08,B007
R001_down_T018,R001_down,S030,2025-10-09 00:00:03,2025-10-09 00:02:02,7,5,7,2025-10-08,B007
R001_down_T019,R001_down,S015,2025-10-08 22:27:00,2025-10-08 22:29:10,16,9,-1,2025-10-08,B010
R001_down_T019,R001_down,S004,2025-10-08 22:40:16,2025-10-08 22:41:40,17,14,2,2025-10-08,B010
R001_down_T019,R001_down,S047,2025-10-08 22:49:42,2025-10-08 22:50:48,20,4,3,2025-10-08,B010
R001_down_T019,R001_down,S010,2025-10-08 22:52:31,2025-10-08 22:54:10,12,6,-2,2025-10-08,B010
R001_down_T019,R001_down,S060,2025-10-08 23:00:50,2025-10-08 23:02:56,7,4,-1,2025-10-08,B010
R001_down_T019,R001_down,S059,2025-10-08 23:16:21,2025-10-08 23:18:49,7,3,8,2025-10-08,B010
R001_down_T019,R001_down,S046,2025-10-08 23:22:51,2025-10-08 23:24:12,6,2,5,2025-10-08,B010
R001_down_T019,R001_down,S048,2025-10-08 23:27:43,2025-10-08 23:30:11,8,7,3,2025-10-08,B010
R001_down_T019,R001_down,S055,2025-10-08 23:33:39,2025-10-08 23:36:00,6,4,0,2025-10-08,B010
R001_down_T019,R001_down,S022,2025-10-08 23:43:39,2025-10-08 23:46:30,10,10,3,2025-10-08,B010
R001_down_T019,R001_down,S043,2025-10-08 23:58:33,2025-10-09 00:01:20,8,4,8,2025-10-08,B010
R001_down_T019,R001_down,S056,2025-10-09 00:03:12,2025-10-09 00:04:31,0,8,2,2025-10-08,B010
R001_down_T019,R001_down,S027,2025-10-09 00:14:48,2025-10-09 00:17:19,9,10,8,2025-10-08,B010
R001_down_T019,R001_down,S030,2025-10-09 00:18:51,2025-10-09 00:20:53,12,8,2,2025-10-08,B010
R001_down_T020,R001_down,S015,2025-10-08 22:48:00,2025-10-08 22:49:26,14,2,-2,2025-10-08,B003
R001_down_T020,R001_down,S004,2025-10-08 23:00:50,2025-10-08 23:01:59,12,7,2,2025-10-08,B003
R001_down_T020,R001_down,S047,2025-10-08 23:12:56,2025-10-08 23:15:23,6,4,3,2025-10-08,B003
R001_down_T020,R001_down,S010,2025-10-08 23:23:42,2025-10-08 23:26:04,7,7,5,2025-10-08,B003
R001_down_T020,R001_down,S060,2025-10-08 23:27:56,2025-10-08 23:29:39,11,5,0,2025-10-08,B003
R001_down_T020,R001_down,S059,2025-10-08 23:37:27,2025-10-08 23:38:29,9,7,3,2025-10-08,B003
R001_down_T020,R001_down,S046,2025-10-08 23:41:22,2025-10-08 23:42:48,6,4,-1,2025-10-08,B003
R001_down_T020,R001_down,S048,2025-10-08 23:57:37,2025-10-08 23:58:49,5,5,8,2025-10-08,B003
R001_down_T020,R001_down,S055,2025-10-08 23:56:03,2025-10-08 23:58:39,14,2,-2,2025-10-08,B003
R001_down_T020,R001_down,S022,2025-10-09 00:02:44,2025-10-09 00:04:46,11,10,-2,2025-10-08,B003
R001_down_T020,R001_down,S043,2025-10-09 00:12:15,2025-10-09 00:14:35,6,7,-2,2025-10-08,B003
R001_down_T020,R001_down,S056,2025-10-09 00:26:35,2025-10-09 00:27:45,8,12,4,2025-10-08,B003
R001_down_T020,R001_down,S027,2025-10-09 00:26:44,2025-10-09 00:28:53,10,5,-2,2025-10-08,B003
R001_down_T020,R001_down,S030,2025-10-09 00:35:53,2025-10-09 00:37:05,4,4,-2,2025-10-08,B003
R002_up_T001,R002_up,S027,2025-10-08 06:07:00,2025-10-08 06:08:23,9,6,-1,2025-10-08,B017
R002_up_T001,R002_up,S050,2025-10-08 06:18:31,2025-10-08 06:19:36,10,4,3,2025-10-08,B017
R002_up_T001,R002_up,S042,2025-10-08 06:26:53,2025-10-08 06:29:01,6,4,4,2025-10-08,B017
R002_up_T001,R002_up,S049,2025-10-08 06:36:41,2025-10-08 06:39:31,6,7,3,2025-10-08,B017
R002_up_T001,R002_up,S032,2025-10-08 06:48:25,2025-10-08 06:50:23,10,4,6,2025-10-08,B017
R002_up_T001,R002_up,S010,2025-10-08 06:58:35,2025-10-08 07:01:08,8,8,8,2025-10-08,B017
R002_up_T001,R002_up,S047,2025-10-08 07:03:28,2025-10-08 07:05:40,18,10,1,2025-10-08,B017
R002_up_T001,R002_up,S013,2025-10-08 07:15:50,2025-10-08 07:18:01,14,5,5,2025-10-08,B017
R002_up_T001,R002_up,S016,2025-10-08 07:29:32,2025-10-08 07:31:32,11,5,8,2025-10-08,B017
R002_up_T001,R002_up,S025,2025-10-08 07:31:28,2025-10-08 07:33:03,14,7,-1,2025-10-08,B017
R002_up_T001,R002_up,S024,2025-10-08 07:41:05,2025-10-08 07:43:09,21,3,1,2025-10-08,B017
R002_up_T001,R002_up,S031,2025-10-08 07:44:08,2025-10-08 07:45:15,20,8,-2,2025-10-08,B017
R002_up_T001,R002_up,S019,2025-10-08 07:49:31,2025-10-08 07:52:01,8,5,-2,2025-10-08,B017
R002_up_T001,R002_up,S026,2025-10-08 07:56:28,2025-10-08 07:59:16,12,3,-2,2025-10-08,B017
R002_up_T001,R002_up,S044,2025-10-08 08:13:45,2025-10-08 08:16:40,14,6,8,2025-10-08,B017
R002_up_T002,R002_up,S027,2025-10-08 07:45:00,2025-10-08 07:47:34,13,3,8,2025-10-08,B025
R002_up_T002,R002_up,S050,2025-10-08 07:44:23,2025-10-08 07:47:14,13,0,-2,2025-10-08,B025
R002_up_T002,R002_up,S042,2025-10-08 07:57:27,2025-10-08 08:00:00,19,10,1,2025-10-08,B025
R002_up_T002,R002_up,S049,2025-10-08 08:07:08,2025-10-08 08:08:18,12,6,1,2025-10-08,B025
R002_up_T002,R002_up,S032,2025-10-08 08:11:14,2025-10-08 08:13:01,9,6,-2,2025-10-08,B025
R002_up_T002,R002_up,S010,2025-10-08 08:27:47,2025-10-08 08:30:40,9,3,7,2025-10-08,B025
R002_up_T002,R002_up,S047,2025-10-08 08:32:23,2025-10-08 08:34:46,23,6,-1,2025-10-08,B025
R002_up_T002,R002_up,S013,2025-10-08 08:41:58,2025-10-08 08:44:49,14,8,1,2025-10-08,B025
R002_up_T002,R002_up,S016,2025-10-08 08:58:08,2025-10-08 09:00:09,18,8,6,2025-10-08,B025
R002_up_T002,R002_up,S025,2025-10-08 09:00:54,2025-10-08 09:02:24,21,10,-1,2025-10-08,B025
R002_up_T002,R002_up,S024,2025-10-08 09:15:57,2025-10-08 09:17:26,18,3,7,2025-10-08,B025
R002_up_T002,R002_up,S031,2025-10-08 09:17:08,2025-10-08 09:18:08,17,4,3,2025-10-08,B025
R002_up_T002,R002_up,S019,2025-10-08 09:21:14,2025-10-08 09:23:19,8,4,2,2025-10-08,B025
R002_up_T002,R002_up,S026,2025-10-08 09:28:31,2025-10-08 09:29:44,7,4,3,2025-10-08,B025
R002_up_T002,R002_up,S044,2025-10-08 09:29:02,2025-10-08 09:32:01,19,11,-2,2025-10-08,B025
R002_up_T003,R002_up,S027,2025-10-08 07:56:00,2025-10-08 07:57:21,7,4,1,2025-10-08,B025
R002_up_T003,R002_up,S050,2025-10-08 08:05:29,2025-10-08 08:07:23,19,13,4,2025-10-08,B025
R002_up_T003,R002_up,S042,2025-10-08 08:07:59,2025-10-08 08:10:52,18,8,-2,2025-10-08,B025
R002_up_T003,R002_up,S049,2025-10-08 08:25:53,2025-10-08 08:27:06,12,0,5,2025-10-08,B025
R002_up_T003,R002_up,S032,2025-10-08 08:30:10,2025-10-08 08:31:50,18,0,2,2025-10-08,B025
R002_up_T003,R002_up,S010,2025-10-08 08:42:44,2025-10-08 08:45:01,16,2,7,2025-10-08,B025
R002_up_T003,R002_up,S047,2025-10-08 08:52:39,2025-10-08 08:55:25,21,1,6,2025-10-08,B025
R002_up_T003,R002_up,S013,2025-10-08 08:56:56,2025-10-08 08:59:25,18,7,2,2025-10-08,B025
R002_up_T003,R002_up,S016,2025-10-08 09:03:21,2025-10-08 09:06:13,18,9,-2,2025-10-08,B025
R002_up_T003,R002_up,S025,2025-10-08 09:25:29,2025-10-08 09:27:26,11,13,8,2025-10-08,B025
R002_up_T003,R002_up,S024,2025-10-08 09:31:21,2025-10-08 09:33:41,16,6,7,2025-10-08,B025
R002_up_T003,R002_up,S031,2025-10-08 09:36:02,2025-10-08 09:37:16,19,4,5,2025-10-08,B025
R002_up_T003,R002_up,S019,2025-10-08 09:40:41,2025-10-08 09:41:42,13,8,4,2025-10-08,B025
R002_up_T003,R002_up,S026,2025-10-08 09:47:39,2025-10-08 09:49:08,14,7,6,2025-10-08,B025
R002_up_T003,R002_up,S044,2025-10-08 09:47:59,2025-10-08 09:50:40,12,9,0,2025-10-08,B025
R002_up_T004,R002_up,S027,2025-10-08 09:02:00,2025-10-08 09:03:51,9,7,1,2025-10-08,B018
R002_up_T004,R002_up,S050,2025-10-08 09:09:11,2025-10-08 09:11:27,14,4,1,2025-10-08,B018
R002_up_T004,R002_up,S042,2025-10-08 09:15:46,2025-10-08 09:18:03,10,4,0,2025-10-08,B018
R002_up_T004,R002_up,S049,2025-10-08 09:27:12,2025-10-08 09:30:08,15,2,1,2025-10-08,B018
R002_up_T004,R002_up,S032,2025-10-08 09:42:23,2025-10-08 09:44:10,18,5,7,2025-10-08,B018
R002_up_T004,R002_up,S010,2025-10-08 09:44:58,2025-10-08 09:46:10,18,8,3,2025-10-08,B018
R002_up_T004,R002_up,S047,2025-10-08 09:51:19,2025-10-08 09:52:32,10,12,-1,2025-10-08,B018
R002_up_T004,R002_up,S013,2025-10-08 10:02:40,2025-10-08 10:04:51,16,4,4,2025-10-08,B018
R002_up_T004,R002_up,S016,2025-10-08 10:07:27,2025-10-08 10:10:05,17,4,-1,2025-10-08,B018
R002_up_T004,R002_up,S025,2025-10-08 10:20:52,2025-10-08 10:22:14,14,2,1,2025-10-08,B018
R002_up_T004,R002_up,S024,2025-10-08 10:25:47,2025-10-08 10:27:32,17,0,0,2025-10-08,B018
R002_up_T004,R002_up,S031,2025-10-08 10:37:04,2025-10-08 10:38:18,20,7,5,2025-10-08,B018
R002_up_T004,R002_up,S019,2025-10-08 10:40:54,2025-10-08 10:42:38,8,1,3,2025-10-08,B018
R002_up_T004,R002_up,S026,2025-10-08 10:48:47,2025-10-08 10:49:48,7,7,5,2025-10-08,B018
R002_up_T004,R002_up,S044,2025-10-08 10:52:39,2025-10-08 10:54:43,17,4,3,2025-10-08,B018
R002_up_T005,R002_up,S027,2025-10-08 10:41:00,2025-10-08 10:43:03,10,3,8,2025-10-08,B010
R002_up_T005,R002_up,S050,2025-10-08 10:49:22,2025-10-08 10:51:35,12,7,8,2025-10-08,B010
R002_up_T005,R002_up,S042,2025-10-08 10:56:39,2025-10-08 10:59:13,18,10,7,2025-10-08,B010
R002_up_T005,R002_up,S049,2025-10-08 11:05:21,2025-10-08 11:07:32,15,13,5,2025-10-08,B010
R002_up_T005,R002_up,S032,2025-10-08 11:05:09,2025-10-08 11:07:50,11,1,-2,2025-10-08,B010
R002_up_T005,R002_up,S010,2025-10-08 11:18:27,2025-10-08 11:20:46,9,0,4,2025-10-08,B010
R002_up_T005,R002_up,S047,2025-10-08 11:31:27,2025-10-08 11:34:14,7,3,6,2025-10-08,B010
R002_up_T005,R002_up,S013,2025-10-08 11:30:33,2025-10-08 11:32:06,7,8,-2,2025-10-08,B010
R002_up_T005,R002_up,S016,2025-10-08 11:39:26,2025-10-08 11:41:48,8,2,-1,2025-10-08,B010
R002_up_T005,R002_up,S025,2025-10-08 11:57:42,2025-10-08 11:59:20,9,6,6,2025-10-08,B010
R002_up_T005,R002_up,S024,2025-10-08 12:00:14,2025-10-08 12:01:22,4,9,1,2025-10-08,B010
R002_up_T005,R002_up,S031,2025-10-08 12:08:58,2025-10-08 12:10:37,8,7,5,2025-10-08,B010
R002_up_T005,R002_up,S019,2025-10-08 12:09:30,2025-10-08 12:11:05,9,3,-1,2025-10-08,B010
R002_up_T005,R002_up,S026,2025-10-08 12:15:58,2025-10-08 12:18:08,3,1,-1,2025-10-08,B010
R002_up_T005,R002_up,S044,2025-10-08 12:24:05,2025-10-08 12:25:33,5,4,0,2025-10-08,B010
R002_up_T006,R002_up,S027,2025-10-08 10:55:00,2025-10-08 10:56:31,18,2,4,2025-10-08,B010
R002_up_T006,R002_up,S050,2025-10-08 10:58:51,2025-10-08 11:00:54,8,4,0,2025-10-08,B010
R002_up_T006,R002_up,S042,2025-10-08 11:08:12,2025-10-08 11:10:48,9,7,2,2025-10-08,B010
R002_up_T006,R002_up,S049,2025-10-08 11:24:02,2025-10-08 11:26:44,6,7,8,2025-10-08,B010
R002_up_T006,R002_up,S032,2025-10-08 11:25:54,2025-10-08 11:27:55,12,6,2,2025-10-08,B010
R002_up_T006,R002_up,S010,2025-10-08 11:38:47,2025-10-08 11:41:03,2,5,8,2025-10-08,B010
R002_up_T006,R002_up,S047,2025-10-08 11:40:15,2025-10-08 11:42:36,8,12,0,2025-10-08,B010
R002_up_T006,R002_up,S013,2025-10-08 11:53:28,2025-10-08 11:55:15,5,7,6,2025-10-08,B010
R002_up_T006,R002_up,S016,2025-10-08 12:00:53,2025-10-08 12:03:49,7,4,3,2025-10-08,B010
R002_up_T006,R002_up,S025,2025-10-08 12:15:39,2025-10-08 12:18:26,7,4,5,2025-10-08,B010
R002_up_T006,R002_up,S024,2025-10-08 12:26:18,2025-10-08 12:28:16,8,4,8,2025-10-08,B010
R002_up_T006,R002_up,S031,2025-10-08 12:26:13,2025-10-08 12:27:35,9,13,2,2025-10-08,B010
R002_up_T006,R002_up,S019,2025-10-08 12:30:03,2025-10-08 12:32:04,4,10,1,2025-10-08,B010
R002_up_T006,R002_up,S026,2025-10-08 12:35:58,2025-10-08 12:38:36,9,0,1,2025-10-08,B010
R002_up_T006,R002_up,S044,2025-10-08 12:45:30,2025-10-08 12:47:30,2,5,3,2025-10-08,B010
R002_up_T007,R002_up,S027,2025-10-08 11:54:00,2025-10-08 11:55:22,8,8,6,2025-10-08,B008
R002_up_T007,R002_up,S050,2025-10-08 11:57:35,2025-10-08 11:58:57,8,4,3,2025-10-08,B008
R002_up_T007,R002_up,S042,2025-10-08 12:08:26,2025-10-08 12:10:47,5,3,5,2025-10-08,B008
R002_up_T007,R002_up,S049,2025-10-08 12:12:58,2025-10-08 12:15:32,10,5,1,2025-10-08,B008
R002_up_T007,R002_up,S032,2025-10-08 12:17:13,2025-10-08 12:19:36,6,10,-2,2025-10-08,B008
R002_up_T007,R002_up,S010,2025-10-08 12:31:52,2025-10-08 12:33:49,4,2,6,2025-10-08,B008
R002_up_T007,R002_up,S047,2025-10-08 12:40:53,2025-10-08 12:43:29,3,3,6,2025-10-08,B008
R002_up_T007,R002_up,S013,2025-10-08 12:42:35,2025-10-08 12:44:31,9,2,0,2025-10-08,B008
R002_up_T007,R002_up,S016,2025-10-08 12:56:40,2025-10-08 12:58:28,6,5,6,2025-10-08,B008
R002_up_T007,R002_up,S025,2025-10-08 13:06:08,2025-10-08 13:07:45,6,7,4,2025-10-08,B008
R002_up_T007,R002_up,S024,2025-10-08 13:12:22,2025-10-08 13:14:46,6,5,4,2025-10-08,B008
R002_up_T007,R002_up,S031,2025-10-08 13:14:44,2025-10-08 13:16:24,5,3,0,2025-10-08,B008
R002_up_T007,R002_up,S019,2025-10-08 13:21:04,2025-10-08 13:23:43,8,1,0,2025-10-08,B008
R002_up_T007,R002_up,S026,2025-10-08 13:34:44,2025-10-08 13:37:42,2,5,7,2025-10-08,B008
R002_up_T007,R002_up,S044,2025-10-08 13:38:28,2025-10-08 13:39:58,8,9,4,2025-10-08,B008
R002_up_T008,R002_up,S027,2025-10-08 12:33:00,2025-10-08 12:35:03,6,9,3,2025-10-08,B014
R002_up_T008,R002_up,S050,2025-10-08 12:45:42,2025-10-08 12:47:54,11,1,8,2025-10-08,B014
R002_up_T008,R002_up,S042,2025-10-08 12:45:18,2025-10-08 12:47:51,8,2,0,2025-10-08,B014
R002_up_T008,R002_up,S049,2025-10-08 12:51:56,2025-10-08 12:54:37,5,6,-2,2025-10-08,B014
R002_up_T008,R002_up,S032,2025-10-08 13:09:43,2025-10-08 13:11:34,5,3,7,2025-10-08,B014
R002_up_T008,R002_up,S010,2025-10-08 13:12:53,2025-10-08 13:15:43,4,4,3,2025-10-08,B014
R002_up_T008,R002_up,S047,2025-10-08 13:25:36,2025-10-08 13:28:18,11,2,3,2025-10-08,B014
R002_up_T008,R002_up,S013,2025-10-08 13:35:36,2025-10-08 13:36:47,6,5,5,2025-10-08,B014
R002_up_T008,R002_up,S016,2025-10-08 13:39:05,2025-10-08 13:40:53,6,8,0,2025-10-08,B014
R002_up_T008,R002_up,S025,2025-10-08 13:48:30,2025-10-08 13:51:10,13,4,-1,2025-10-08,B014
R002_up_T008,R002_up,S024,2025-10-08 14:02:36,2025-10-08 14:04:34,11,4,5,2025-10-08,B014
R002_up_T008,R002_up,S031,2025-10-08 14:03:49,2025-10-08 14:05:15,5,3,0,2025-10-08,B014
R002_up_T008,R002_up,S019,2025-10-08 14:12:54,2025-10-08 14:14:01,9,2,3,2025-10-08,B014
R002_up_T008,R002_up,S026,2025-10-08 14:19:57,2025-10-08 14:22:31,2,3,5,2025-10-08,B014
R002_up_T008,R002_up,S044,2025-10-08 14:25:40,2025-10-08 14:27:55,7,1,4,2025-10-08,B014
R002_up_T009,R002_up,S027,2025-10-08 13:33:00,2025-10-08 13:35:59,5,3,3,2025-10-08,B021
R002_up_T009,R002_up,S050,2025-10-08 13:39:22,2025-10-08 13:40:35,13,6,0,2025-10-08,B021
R002_up_T009,R002_up,S042,2025-10-08 13:51:49,2025-10-08 13:54:45,1,2,4,2025-10-08,B021
R002_up_T009,R002_up,S049,2025-10-08 14:00:28,2025-10-08 14:02:42,6,4,3,2025-10-08,B021
R002_up_T009,R002_up,S032,2025-10-08 14:08:13,2025-10-08 14:10:14,7,1,4,2025-10-08,B021
R002_up_T009,R002_up,S010,2025-10-08 14:17:02,2025-10-08 14:19:16,3,4,5,2025-10-08,B021
R002_up_T009,R002_up,S047,2025-10-08 14:21:56,2025-10-08 14:24:19,10,13,0,2025-10-08,B021
R002_up_T009,R002_up,S013,2025-10-08 14:34:36,2025-10-08 14:36:51,7,3,5,2025-10-08,B021
R002_up_T009,R002_up,S016,2025-10-08 14:43:21,2025-10-08 14:45:21,6,4,5,2025-10-08,B021
R002_up_T009,R002_up,S025,2025-10-08 14:52:03,2025-10-08 14:53:51,7,6,2,2025-10-08,B021
R002_up_T009,R002_up,S024,2025-10-08 15:05:42,2025-10-08 15:07:04,8,6,8,2025-10-08,B021
R002_up_T009,R002_up,S031,2025-10-08 15:10:47,2025-10-08 15:11:54,9,6,8,2025-10-08,B021
R002_up_T009,R002_up,S019,2025-10-08 15:08:48,2025-10-08 15:11:22,10,4,1,2025-10-08,B021
R002_up_T009,R002_up,S026,2025-10-08 15:17:48,2025-10-08 15:20:47,11,3,4,2025-10-08,B021
R002_up_T009,R002_up,S044,2025-10-08 15:21:24,2025-10-08 15:23:55,11,9,0,2025-10-08,B021
R002_up_T010,R002_up,S027,2025-10-08 14:16:00,2025-10-08 14:17:59,7,3,1,2025-10-08,B015
R002_up_T010,R002_up,S050,2025-10-08 14:22:21,2025-10-08 14:24:11,12,6,-1,2025-10-08,B015
R002_up_T010,R002_up,S042,2025-10-08 14:36:52,2025-10-08 14:39:02,8,2,6,2025-10-08,B015
R002_up_T010,R002_up,S049,2025-10-08 14:44:11,2025-10-08 14:45:42,8,1,4,2025-10-08,B015
R002_up_T010,R002_up,S032,2025-10-08 14:46:58,2025-10-08 14:49:36,5,2,0,2025-10-08,B015
R002_up_T010,R002_up,S010,2025-10-08 14:59:40,2025-10-08 15:02:23,9,5,4,2025-10-08,B015
R002_up_T010,R002_up,S047,2025-10-08 15:10:58,2025-10-08 15:12:30,5,6,3,2025-10-08,B015
R002_up_T010,R002_up,S013,2025-10-08 15:16:46,2025-10-08 15:18:37,7,10,3,2025-10-08,B015
R002_up_T010,R002_up,S016,2025-10-08 15:25:46,2025-10-08 15:27:01,5,4,4,2025-10-08,B015
R002_up_T010,R002_up,S025,2025-10-08 15:29:10,2025-10-08 15:30:13,10,7,-1,2025-10-08,B015
R002_up_T010,R002_up,S024,2025-10-08 15:35:40,2025-10-08 15:37:31,13,3,0,2025-10-08,B015
R002_up_T010,R002_up,S031,2025-10-08 15:42:30,2025-10-08 15:44:45,5,6,1,2025-10-08,B015
R002_up_T010,R002_up,S019,2025-10-08 15:56:43,2025-10-08 15:59:37,0,1,8,2025-10-08,B015
R002_up_T010,R002_up,S026,2025-10-08 16:03:22,2025-10-08 16:05:05,9,6,7,2025-10-08,B015
R002_up_T010,R002_up,S044,2025-10-08 16:06:48,2025-10-08 16:09:36,9,4,4,2025-10-08,B015
R002_up_T011,R002_up,S027,2025-10-08 15:02:00,2025-10-08 15:04:41,9,0,5,2025-10-08,B013
R002_up_T011,R002_up,S050,2025-10-08 15:08:57,2025-10-08 15:11:17,12,2,3,2025-10-08,B013
R002_up_T011,R002_up,S042,2025-10-08 15:22:45,2025-10-08 15:23:47,5,8,8,2025-10-08,B013
R002_up_T011,R002_up,S049,2025-10-08 15:27:15,2025-10-08 15:28:27,3,7,3,2025-10-08,B013
R002_up_T011,R002_up,S032,2025-10-08 15:31:30,2025-10-08 15:33:55,3,3,0,2025-10-08,B013
R002_up_T011,R002_up,S010,2025-10-08 15:42:20,2025-10-08 15:45:07,7,11,3,2025-10-08,B013
R002_up_T011,R002_up,S047,2025-10-08 15:49:56,2025-10-08 15:52:40,10,8,-2,2025-10-08,B013
R002_up_T011,R002_up,S013,2025-10-08 15:59:50,2025-10-08 16:02:32,9,5,-1,2025-10-08,B013
R002_up_T011,R002_up,S016,2025-10-08 16:10:01,2025-10-08 16:12:29,13,7,0,2025-10-08,B013
R002_up_T011,R002_up,S025,2025-10-08 16:23:51,2025-10-08 16:26:44,7,6,3,2025-10-08,B013
R002_up_T011,R002_up,S024,2025-10-08 16:28:54,2025-10-08 16:31:37,6,5,-1,2025-10-08,B013
R002_up_T011,R002_up,S031,2025-10-08 16:41:47,2025-10-08 16:44:29,10,3,5,2025-10-08,B013
R002_up_T011,R002_up,S019,2025-10-08 16:48:32,2025-10-08 16:50:58,8,5,5,2025-10-08,B013
R002_up_T011,R002_up,S026,2025-10-08 16:57:23,2025-10-08 17:00:01,7,0,7,2025-10-08,B013
R002_up_T011,R002_up,S044,2025-10-08 16:59:39,2025-10-08 17:01:40,7,4,3,2025-10-08,B013
R002_up_T012,R002_up,S027,2025-10-08 17:36:00,2025-10-08 17:37:11,7,18,7,2025-10-08,B004
R002_up_T012,R002_up,S050,2025-10-08 17:39:55,2025-10-08 17:41:14,4,14,4,2025-10-08,B004
R002_up_T012,R002_up,S042,2025-10-08 17:51:26,2025-10-08 17:52:49,4,21,8,2025-10-08,B004
R002_up_T012,R002_up,S049,2025-10-08 17:58:01,2025-10-08 17:59:44,4,14,5,2025-10-08,B004
R002_up_T012,R002_up,S032,2025-10-08 18:01:12,2025-10-08 18:02:35,3,27,1,2025-10-08,B004
R002_up_T012,R002_up,S010,2025-10-08 18:06:03,2025-10-08 18:08:07,4,12,-1,2025-10-08,B004
R002_up_T012,R002_up,S047,2025-10-08 18:25:18,2025-10-08 18:26:41,2,9,7,2025-10-08,B004
R002_up_T012,R002_up,S013,2025-10-08 18:29:18,2025-10-08 18:31:30,5,13,4,2025-10-08,B004
R002_up_T012,R002_up,S016,2025-10-08 18:39:51,2025-10-08 18:41:04,8,17,4,2025-10-08,B004
R002_up_T012,R002_up,S025,2025-10-08 18:52:51,2025-10-08 18:55:49,5,17,6,2025-10-08,B004
R002_up_T012,R002_up,S024,2025-10-08 18:59:20,2025-10-08 19:00:48,4,16,4,2025-10-08,B004
R002_up_T012,R002_up,S031,2025-10-08 18:58:41,2025-10-08 19:00:25,6,21,-2,2025-10-08,B004
R002_up_T012,R002_up,S019,2025-10-08 19:08:26,2025-10-08 19:09:56,3,10,2,2025-10-08,B004
R002_up_T012,R002_up,S026,2025-10-08 19:12:45,2025-10-08 19:15:41,6,22,1,2025-10-08,B004
R002_up_T012,R002_up,S044,2025-10-08 19:24:25,2025-10-08 19:26:59,3,17,5,2025-10-08,B004
R002_up_T013,R002_up,S027,2025-10-08 18:55:00,2025-10-08 18:57:23,7,5,1,2025-10-08,B017
R002_up_T013,R002_up,S050,2025-10-08 19:03:16,2025-10-08 19:06:01,7,20,0,2025-10-08,B017
R002_up_T013,R002_up,S042,2025-10-08 19:10:43,2025-10-08 19:13:22,9,6,-2,2025-10-08,B017
R002_up_T013,R002_up,S049,2025-10-08 19:29:29,2025-10-08 19:30:59,8,21,6,2025-10-08,B017
R002_up_T013,R002_up,S032,2025-10-08 19:37:36,2025-10-08 19:40:02,0,18,7,2025-10-08,B017
R002_up_T013,R002_up,S010,2025-10-08 19:45:54,2025-10-08 19:47:57,4,10,8,2025-10-08,B017
R002_up_T013,R002_up,S047,2025-10-08 19:48:49,2025-10-08 19:50:01,8,8,1,2025-10-08,B017
R002_up_T013,R002_up,S013,2025-10-08 19:56:16,2025-10-08 19:58:33,8,22,2,2025-10-08,B017
R002_up_T013,R002_up,S016,2025-10-08 20:09:54,2025-10-08 20:11:39,4,15,5,2025-10-08,B017
R002_up_T013,R002_up,S025,2025-10-08 20:23:57,2025-10-08 20:25:15,8,8,8,2025-10-08,B017
R002_up_T013,R002_up,S024,2025-10-08 20:20:33,2025-10-08 20:22:42,5,21,-2,2025-10-08,B017
R002_up_T013,R002_up,S031,2025-10-08 20:33:51,2025-10-08 20:34:54,6,10,5,2025-10-08,B017
R002_up_T013,R002_up,S019,2025-10-08 20:38:45,2025-10-08 20:41:00,7,23,5,2025-10-08,B017
R002_up_T013,R002_up,S026,2025-10-08 20:41:13,2025-10-08 20:44:07,0,9,1,2025-10-08,B017
R002_up_T013,R002_up,S044,2025-10-08 20:56:05,2025-10-08 20:58:22,8,16,8,2025-10-08,B017
R002_up_T014,R002_up,S027,2025-10-08 19:17:00,2025-10-08 19:18:30,6,15,3,2025-10-08,B001
R002_up_T014,R002_up,S050,2025-10-08 19:24:23,2025-10-08 19:25:55,2,13,2,2025-10-08,B001
R002_up_T014,R002_up,S042,2025-10-08 19:37:04,2025-10-08 19:38:34,4,23,8,2025-10-08,B001
R002_up_T014,R002_up,S049,2025-10-08 19:38:49,2025-10-08 19:40:27,4,15,2,2025-10-08,B001
R002_up_T014,R002_up,S032,2025-10-08 19:51:14,2025-10-08 19:53:24,4,9,7,2025-10-08,B001
R002_up_T014,R002_up,S010,2025-10-08 19:48:53,2025-10-08 19:50:27,6,9,-2,2025-10-08,B001
R002_up_T014,R002_up,S047,2025-10-08 20:03:27,2025-10-08 20:05:33,0,14,4,2025-10-08,B001
R002_up_T014,R002_up,S013,2025-10-08 20:03:54,2025-10-08 20:06:08,2,8,-2,2025-10-08,B001
R002_up_T014,R002_up,S016,2025-10-08 20:21:04,2025-10-08 20:23:36,5,17,6,2025-10-08,B001
R002_up_T014,R002_up,S025,2025-10-08 20:28:42,2025-10-08 20:31:25,6,13,2,2025-10-08,B001
R002_up_T014,R002_up,S024,2025-10-08 20:39:12,2025-10-08 20:41:28,4,10,4,2025-10-08,B001
R002_up_T014,R002_up,S031,2025-10-08 20:48:03,2025-10-08 20:49:20,8,6,7,2025-10-08,B001
R002_up_T014,R002_up,S019,2025-10-08 20:45:00,2025-10-08 20:47:40,4,6,-2,2025-10-08,B001
R002_up_T014,R002_up,S026,2025-10-08 20:54:16,2025-10-08 20:56:36,2,3,1,2025-10-08,B001
R002_up_T014,R002_up,S044,2025-10-08 21:02:12,2025-10-08 21:05:07,8,13,2,2025-10-08,B001
R002_up_T015,R002_up,S027,2025-10-08 19:27:00,2025-10-08 19:28:13,7,17,-2,2025-10-08,B013
R002_up_T015,R002_up,S050,2025-10-08 19:35:20,2025-10-08 19:36:52,2,13,0,2025-10-08,B013
R002_up_T015,R002_up,S042,2025-10-08 19:47:36,2025-10-08 19:48:38,7,12,5,2025-10-08,B013
R002_up_T015,R002_up,S049,2025-10-08 19:54:27,2025-10-08 19:56:00,5,14,3,2025-10-08,B013
R002_up_T015,R002_up,S032,2025-10-08 20:06:31,2025-10-08 20:09:08,5,14,8,2025-10-08,B013
R002_up_T015,R002_up,S010,2025-10-08 20:08:53,2025-10-08 20:11:36,4,17,3,2025-10-08,B013
R002_up_T015,R002_up,S047,2025-10-08 20:23:15,2025-10-08 20:24:41,4,13,6,2025-10-08,B013
R002_up_T015,R002_up,S013,2025-10-08 20:26:32,2025-10-08 20:29:02,6,22,3,2025-10-08,B013
R002_up_T015,R002_up,S016,2025-10-08 20:37:12,2025-10-08 20:38:13,4,14,4,2025-10-08,B013
R002_up_T015,R002_up,S025,2025-10-08 20:47:50,2025-10-08 20:49:46,5,16,5,2025-10-08,B013
R002_up_T015,R002_up,S024,2025-10-08 20:57:28,2025-10-08 21:00:05,8,11,7,2025-10-08,B013
R002_up_T015,R002_up,S031,2025-10-08 21:04:36,2025-10-08 21:05:48,3,11,7,2025-10-08,B013
R002_up_T015,R002_up,S019,2025-10-08 21:00:19,2025-10-08 21:02:28,0,17,-2,2025-10-08,B013
R002_up_T015,R002_up,S026,2025-10-08 21:10:45,2025-10-08 21:11:46,5,18,2,2025-10-08,B013
R002_up_T015,R002_up,S044,2025-10-08 21:13:16,2025-10-08 21:16:12,6,11,-1,2025-10-08,B013
R002_up_T016,R002_up,S027,2025-10-08 20:00:00,2025-10-08 20:02:24,11,14,6,2025-10-08,B016
R002_up_T016,R002_up,S050,2025-10-08 20:01:56,2025-10-08 20:03:45,5,10,0,2025-10-08,B016
R002_up_T016,R002_up,S042,2025-10-08 20:13:07,2025-10-08 20:14:49,0,17,2,2025-10-08,B016
R002_up_T016,R002_up,S049,2025-10-08 20:18:44,2025-10-08 20:20:38,3,17,-2,2025-10-08,B016
R002_up_T016,R002_up,S032,2025-10-08 20:28:50,2025-10-08 20:31:38,7,21,0,2025-10-08,B016
R002_up_T016,R002_up,S010,2025-10-08 20:41:57,2025-10-08 20:43:02,8,14,5,2025-10-08,B016
R002_up_T016,R002_up,S047,2025-10-08 20:47:50,2025-10-08 20:48:55,6,14,2,2025-10-08,B016
R002_up_T016,R002_up,S013,2025-10-08 20:53:26,2025-10-08 20:55:27,0,19,1,2025-10-08,B016
R002_up_T016,R002_up,S016,2025-10-08 21:08:13,2025-10-08 21:09:41,5,18,6,2025-10-08,B016
R002_up_T016,R002_up,S025,2025-10-08 21:15:11,2025-10-08 21:17:08,8,9,4,2025-10-08,B016
R002_up_T016,R002_up,S024,2025-10-08 21:21:14,2025-10-08 21:23:53,2,3,2,2025-10-08,B016
R002_up_T016,R002_up,S031,2025-10-08 21:29:41,2025-10-08 21:32:36,8,10,3,2025-10-08,B016
R002_up_T016,R002_up,S019,2025-10-08 21:32:19,2025-10-08 21:34:52,8,8,-2,2025-10-08,B016
R002_up_T016,R002_up,S026,2025-10-08 21:47:36,2025-10-08 21:50:12,5,17,7,2025-10-08,B016
R002_up_T016,R002_up,S044,2025-10-08 21:55:34,2025-10-08 21:58:17,9,26,8,2025-10-08,B016
R002_up_T017,R002_up,S027,2025-10-08 20:11:00,2025-10-08 20:12:27,9,9,2,2025-10-08,B006
R002_up_T017,R002_up,S050,2025-10-08 20:17:54,2025-10-08 20:19:03,8,19,2,2025-10-08,B006
R002_up_T017,R002_up,S042,2025-10-08 20:23:52,2025-10-08 20:25:49,2,13,0,2025-10-08,B006
R002_up_T017,R002_up,S049,2025-10-08 20:31:45,2025-10-08 20:33:43,8,8,-2,2025-10-08,B006
R002_up_T017,R002_up,S032,2025-10-08 20:45:18,2025-10-08 20:48:16,6,7,5,2025-10-08,B006
R002_up_T017,R002_up,S010,2025-10-08 20:55:30,2025-10-08 20:57:01,3,9,6,2025-10-08,B006
R002_up_T017,R002_up,S047,2025-10-08 21:04:49,2025-10-08 21:06:46,9,9,4,2025-10-08,B006
R002_up_T017,R002_up,S013,2025-10-08 21:06:43,2025-10-08 21:07:47,4,10,-2,2025-10-08,B006
R002_up_T017,R002_up,S016,2025-10-08 21:16:04,2025-10-08 21:18:42,5,13,-2,2025-10-08,B006
R002_up_T017,R002_up,S025,2025-10-08 21:27:54,2025-10-08 21:30:53,0,8,-1,2025-10-08,B006
R002_up_T017,R002_up,S024,2025-10-08 21:46:01,2025-10-08 21:47:10,6,10,8,2025-10-08,B006
R002_up_T017,R002_up,S031,2025-10-08 21:49:02,2025-10-08 21:50:58,6,19,6,2025-10-08,B006
R002_up_T017,R002_up,S019,2025-10-08 21:47:48,2025-10-08 21:49:15,1,4,-2,2025-10-08,B006
R002_up_T017,R002_up,S026,2025-10-08 21:56:38,2025-10-08 21:59:36,11,8,1,2025-10-08,B006
R002_up_T017,R002_up,S044,2025-10-08 22:02:49,2025-10-08 22:04:27,6,15,0,2025-10-08,B006
R002_up_T018,R002_up,S027,2025-10-08 20:43:00,2025-10-08 20:45:13,0,15,-2,2025-10-08,B021
R002_up_T018,R002_up,S050,2025-10-08 20:54:00,2025-10-08 20:55:41,4,16,1,2025-10-08,B021
R002_up_T018,R002_up,S042,2025-10-08 21:09:27,2025-10-08 21:10:50,4,11,8,2025-10-08,B021
R002_up_T018,R002_up,S049,2025-10-08 21:16:26,2025-10-08 21:18:36,7,22,7,2025-10-08,B021
R002_up_T018,R002_up,S032,2025-10-08 21:15:10,2025-10-08 21:17:48,4,17,-1,2025-10-08,B021
R002_up_T018,R002_up,S010,2025-10-08 21:23:31,2025-10-08 21:24:56,10,15,-1,2025-10-08,B021
R002_up_T018,R002_up,S047,2025-10-08 21:40:18,2025-10-08 21:43:14,11,8,5,2025-10-08,B021
R002_up_T018,R002_up,S013,2025-10-08 21:47:41,2025-10-08 21:48:51,3,16,5,2025-10-08,B021
R002_up_T018,R002_up,S016,2025-10-08 21:51:25,2025-10-08 21:54:14,9,13,1,2025-10-08,B021
R002_up_T018,R002_up,S025,2025-10-08 22:05:11,2025-10-08 22:07:13,8,20,2,2025-10-08,B021
R002_up_T018,R002_up,S024,2025-10-08 22:14:59,2025-10-08 22:16:16,0,16,4,2025-10-08,B021
R002_up_T018,R002_up,S031,2025-10-08 22:22:53,2025-10-08 22:24:17,6,10,6,2025-10-08,B021
R002_up_T018,R002_up,S019,2025-10-08 22:19:49,2025-10-08 22:20:54,8,12,-2,2025-10-08,B021
R002_up_T018,R002_up,S026,2025-10-08 22:28:39,2025-10-08 22:31:03,6,14,2,2025-10-08,B021
R002_up_T018,R002_up,S044,2025-10-08 22:35:58,2025-10-08 22:38:41,7,14,2,2025-10-08,B021
R002_up_T019,R002_up,S027,2025-10-08 21:08:00,2025-10-08 21:10:17,3,18,-2,2025-10-08,B020
R002_up_T019,R002_up,S050,2025-10-08 21:20:26,2025-10-08 21:22:28,6,15,3,2025-10-08,B020
R002_up_T019,R002_up,S042,2025-10-08 21:30:16,2025-10-08 21:32:14,9,12,4,2025-10-08,B020
R002_up_T019,R002_up,S049,2025-10-08 21:37:20,2025-10-08 21:39:37,5,16,2,2025-10-08,B020
R002_up_T019,R002_up,S032,2025-10-08 21:46:53,2025-10-08 21:49:14,6,8,4,2025-10-08,B020
R002_up_T019,R002_up,S010,2025-10-08 21:49:29,2025-10-08 21:51:39,6,11,-1,2025-10-08,B020
R002_up_T019,R002_up,S047,2025-10-08 22:01:53,2025-10-08 22:04:06,1,5,2,2025-10-08,B020
R002_up_T019,R002_up,S013,2025-10-08 22:12:07,2025-10-08 22:13:53,7,13,5,2025-10-08,B020
R002_up_T019,R002_up,S016,2025-10-08 22:21:34,2025-10-08 22:22:55,3,13,5,2025-10-08,B020
R002_up_T019,R002_up,S025,2025-10-08 22:27:38,2025-10-08 22:29:09,2,7,1,2025-10-08,B020
R002_up_T019,R002_up,S024,2025-10-08 22:37:58,2025-10-08 22:39:29,5,14,5,2025-10-08,B020
R002_up_T019,R002_up,S031,2025-10-08 22:40:46,2025-10-08 22:41:58,8,10,2,2025-10-08,B020
R002_up_T019,R002_up,S019,2025-10-08 22:43:50,2025-10-08 22:45:30,5,22,-1,2025-10-08,B020
R002_up_T019,R002_up,S026,2025-10-08 22:56:58,2025-10-08 22:59:05,4,12,7,2025-10-08,B020
R002_up_T019,R002_up,S044,2025-10-08 22:56:01,2025-10-08 22:58:47,3,20,0,2025-10-08,B020
R002_up_T020,R002_up,S027,2025-10-08 21:32:00,2025-10-08 21:34:46,8,6,7,2025-10-08,B025
R002_up_T020,R002_up,S050,2025-10-08 21:40:58,2025-10-08 21:42:33,5,16,7,2025-10-08,B025
R002_up_T020,R002_up,S042,2025-10-08 21:40:46,2025-10-08 21:43:08,8,5,0,2025-10-08,B025
R002_up_T020,R002_up,S049,2025-10-08 21:55:59,2025-10-08 21:58:24,2,6,6,2025-10-08,B025
R002_up_T020,R002_up,S032,2025-10-08 22:04:14,2025-10-08 22:06:56,4,8,7,2025-10-08,B025
R002_up_T020,R002_up,S010,2025-10-08 22:04:06,2025-10-08 22:06:38,8,21,-1,2025-10-08,B025
R002_up_T020,R002_up,S047,2025-10-08 22:25:19,2025-10-08 22:27:05,6,23,8,2025-10-08,B025
R002_up_T020,R002_up,S013,2025-10-08 22:26:58,2025-10-08 22:28:17,6,15,3,2025-10-08,B025
R002_up_T020,R002_up,S016,2025-10-08 22:35:56,2025-10-08 22:38:38,2,11,2,2025-10-08,B025
R002_up_T020,R002_up,S025,2025-10-08 22:46:26,2025-10-08 22:47:29,8,15,2,2025-10-08,B025
R002_up_T020,R002_up,S024,2025-10-08 22:50:14,2025-10-08 22:51:58,10,12,0,2025-10-08,B025
R002_up_T020,R002_up,S031,2025-10-08 23:01:25,2025-10-08 23:02:32,7,20,5,2025-10-08,B025
R002_up_T020,R002_up,S019,2025-10-08 22:59:26,2025-10-08 23:01:14,10,5,-2,2025-10-08,B025
R002_up_T020,R002_up,S026,2025-10-08 23:07:37,2025-10-08 23:09:43,7,8,0,2025-10-08,B025
R002_up_T020,R002_up,S044,2025-10-08 23:17:24,2025-10-08 23:18:41,14,4,4,2025-10-08,B025
R002_up_T021,R002_up,S027,2025-10-08 21:49:00,2025-10-08 21:51:39,5,6,-1,2025-10-08,B007
R002_up_T021,R002_up,S050,2025-10-08 22:06:56,2025-10-08 22:08:49,9,18,7,2025-10-08,B007
R002_up_T021,R002_up,S042,2025-10-08 22:12:52,2025-10-08 22:15:49,8,14,5,2025-10-08,B007
R002_up_T021,R002_up,S049,2025-10-08 22:22:51,2025-10-08 22:25:42,5,17,4,2025-10-08,B007
R002_up_T021,R002_up,S032,2025-10-08 22:31:22,2025-10-08 22:33:42,7,6,5,2025-10-08,B007
R002_up_T021,R002_up,S010,2025-10-08 22:42:29,2025-10-08 22:44:12,2,18,8,2025-10-08,B007
R002_up_T021,R002_up,S047,2025-10-08 22:45:22,2025-10-08 22:47:25,3,9,2,2025-10-08,B007
R002_up_T021,R002_up,S013,2025-10-08 22:51:47,2025-10-08 22:53:01,1,14,2,2025-10-08,B007
R002_up_T021,R002_up,S016,2025-10-08 23:02:47,2025-10-08 23:04:05,9,14,4,2025-10-08,B007
R002_up_T021,R002_up,S025,2025-10-08 23:07:56,2025-10-08 23:09:57,7,10,0,2025-10-08,B007
R002_up_T021,R002_up,S024,2025-10-08 23:13:04,2025-10-08 23:14:38,6,5,-2,2025-10-08,B007
R002_up_T021,R002_up,S031,2025-10-08 23:21:16,2025-10-08 23:23:00,4,4,1,2025-10-08,B007
R002_up_T021,R002_up,S019,2025-10-08 23:29:06,2025-10-08 23:30:45,6,6,3,2025-10-08,B007
R002_up_T021,R002_up,S026,2025-10-08 23:39:18,2025-10-08 23:40:21,8,2,7,2025-10-08,B007
R002_up_T021,R002_up,S044,2025-10-08 23:44:45,2025-10-08 23:45:46,7,5,7,2025-10-08,B007
R002_up_T022,R002_up,S027,2025-10-08 22:05:00,2025-10-08 22:06:12,0,2,-1,2025-10-08,B013
R002_up_T022,R002_up,S050,2025-10-08 22:13:53,2025-10-08 22:15:17,4,12,1,2025-10-08,B013
R002_up_T022,R002_up,S042,2025-10-08 22:27:25,2025-10-08 22:28:31,8,6,7,2025-10-08,B013
R002_up_T022,R002_up,S049,2025-10-08 22:36:34,2025-10-08 22:37:40,8,16,8,2025-10-08,B013
R002_up_T022,R002_up,S032,2025-10-08 22:40:44,2025-10-08 22:41:55,6,5,5,2025-10-08,B013
R002_up_T022,R002_up,S010,2025-10-08 22:49:14,2025-10-08 22:51:39,5,18,7,2025-10-08,B013
R002_up_T022,R002_up,S047,2025-10-08 22:57:53,2025-10-08 23:00:16,5,15,4,2025-10-08,B013
R002_up_T022,R002_up,S013,2025-10-08 23:05:34,2025-10-08 23:08:25,11,6,4,2025-10-08,B013
R002_up_T022,R002_up,S016,2025-10-08 23:15:08,2025-10-08 23:17:06,6,0,4,2025-10-08,B013
R002_up_T022,R002_up,S025,2025-10-08 23:29:18,2025-10-08 23:31:38,8,1,8,2025-10-08,B013
R002_up_T022,R002_up,S024,2025-10-08 23:35:54,2025-10-08 23:37:56,8,2,7,2025-10-08,B013
R002_up_T022,R002_up,S031,2025-10-08 23:36:29,2025-10-08 23:37:29,12,10,1,2025-10-08,B013
R002_up_T022,R002_up,S019,2025-10-08 23:43:42,2025-10-08 23:45:47,9,4,3,2025-10-08,B013
R002_up_T022,R002_up,S026,2025-10-08 23:51:41,2025-10-08 23:54:19,7,9,5,2025-10-08,B013
R002_up_T022,R002_up,S044,2025-10-09 00:02:04,2025-10-09 00:04:47,10,2,8,2025-10-08,B013
R002_up_T023,R002_up,S027,2025-10-08 22:19:00,2025-10-08 22:21:34,5,17,-2,2025-10-08,B019
R002_up_T023,R002_up,S050,2025-10-08 22:31:51,2025-10-08 22:34:03,4,18,1,2025-10-08,B019
R002_up_T023,R002_up,S042,2025-10-08 22:43:28,2025-10-08 22:46:16,2,18,5,2025-10-08,B019
R002_up_T023,R002_up,S049,2025-10-08 22:51:22,2025-10-08 22:53:03,9,23,3,2025-10-08,B019
R002_up_T023,R002_up,S032,2025-10-08 22:59:42,2025-10-08 23:02:16,7,17,5,2025-10-08,B019
R002_up_T023,R002_up,S010,2025-10-08 23:04:31,2025-10-08 23:06:07,3,6,1,2025-10-08,B019
R002_up_T023,R002_up,S047,2025-10-08 23:17:58,2025-10-08 23:20:25,13,1,3,2025-10-08,B019
R002_up_T023,R002_up,S013,2025-10-08 23:28:05,2025-10-08 23:30:30,10,6,6,2025-10-08,B019
R002_up_T023,R002_up,S016,2025-10-08 23:29:27,2025-10-08 23:32:10,10,5,-2,2025-10-08,B019
R002_up_T023,R002_up,S025,2025-10-08 23:46:25,2025-10-08 23:49:16,7,4,5,2025-10-08,B019
R002_up_T023,R002_up,S024,2025-10-08 23:55:15,2025-10-08 23:56:44,7,4,5,2025-10-08,B019
R002_up_T023,R002_up,S031,2025-10-08 23:53:19,2025-10-08 23:54:42,4,4,-2,2025-10-08,B019
R002_up_T023,R002_up,S019,2025-10-09 00:02:12,2025-10-09 00:03:56,6,4,1,2025-10-08,B019
R002_up_T023,R002_up,S026,2025-10-09 00:07:28,2025-10-09 00:10:22,3,10,1,2025-10-08,B019
R002_up_T023,R002_up,S044,2025-10-09 00:13:03,2025-10-09 00:15:06,7,2,0,2025-10-08,B019
R002_up_T024,R002_up,S027,2025-10-08 22:43:00,2025-10-08 22:45:00,5,16,4,2025-10-08,B018
R002_up_T024,R002_up,S050,2025-10-08 22:45:55,2025-10-08 22:48:47,3,11,-1,2025-10-08,B018
R002_up_T024,R002_up,S042,2025-10-08 23:01:15,2025-10-08 23:03:42,6,7,6,2025-10-08,B018
R002_up_T024,R002_up,S049,2025-10-08 23:11:10,2025-10-08 23:12:25,13,8,6,2025-10-08,B018
R002_up_T024,R002_up,S032,2025-10-08 23:15:56,2025-10-08 23:17:54,2,11,4,2025-10-08,B018
R002_up_T024,R002_up,S010,2025-10-08 23:17:46,2025-10-08 23:20:40,1,5,-2,2025-10-08,B018
R002_up_T024,R002_up,S047,2025-10-08 23:37:45,2025-10-08 23:39:15,6,4,7,2025-10-08,B018
R002_up_T024,R002_up,S013,2025-10-08 23:36:53,2025-10-08 23:38:54,8,4,0,2025-10-08,B018
R002_up_T024,R002_up,S016,2025-10-08 23:46:06,2025-10-08 23:47:15,5,10,-1,2025-10-08,B018
R002_up_T024,R002_up,S025,2025-10-09 00:01:30,2025-10-09 00:04:19,12,11,6,2025-10-08,B018
R002_up_T024,R002_up,S024,2025-10-09 00:03:31,2025-10-09 00:04:34,3,7,-1,2025-10-08,B018
R002_up_T024,R002_up,S031,2025-10-09 00:08:15,2025-10-09 00:09:17,5,4,-1,2025-10-08,B018
R002_up_T024,R002_up,S019,2025-10-09 00:16:16,2025-10-09 00:19:03,8,4,2,2025-10-08,B018
R002_up_T024,R002_up,S026,2025-10-09 00:26:31,2025-10-09 00:28:28,10,6,6,2025-10-08,B018
R002_up_T024,R002_up,S044,2025-10-09 00:29:16,2025-10-09 00:30:29,7,9,3,2025-10-08,B018
R002_down_T001,R002_down,S044,2025-10-08 05:37:00,2025-10-08 05:39:25,1,11,7,2025-10-08,B006
R002_down_T001,R002_down,S026,2025-10-08 05:41:03,2025-10-08 05:43:13,7,6,5,2025-10-08,B006
R002_down_T001,R002_down,S019,2025-10-08 05:47:20,2025-10-08 05:50:15,3,13,4,2025-10-08,B006
R002_down_T001,R002_down,S031,2025-10-08 05:55:48,2025-10-08 05:56:53,11,5,1,2025-10-08,B006
R002_down_T001,R002_down,S024,2025-10-08 06:10:26,2025-10-08 06:12:13,6,9,6,2025-10-08,B006
R002_down_T001,R002_down,S025,2025-10-08 06:08:05,2025-10-08 06:09:16,10,4,-2,2025-10-08,B006
R002_down_T001,R002_down,S016,2025-10-08 06:14:36,2025-10-08 06:16:16,7,0,-2,2025-10-08,B006
R002_down_T001,R002_down,S013,2025-10-08 06:29:16,2025-10-08 06:31:16,8,6,2,2025-10-08,B006
R002_down_T001,R002_down,S047,2025-10-08 06:39:47,2025-10-08 06:42:07,6,0,5,2025-10-08,B006
R002_down_T001,R002_down,S010,2025-10-08 06:52:08,2025-10-08 06:53:51,4,4,6,2025-10-08,B006
R002_down_T001,R002_down,S032,2025-10-08 07:02:15,2025-10-08 07:04:26,13,5,5,2025-10-08,B006
R002_down_T001,R002_down,S049,2025-10-08 07:05:22,2025-10-08 07:06:40,11,17,0,2025-10-08,B006
R002_down_T001,R002_down,S042,2025-10-08 07:13:03,2025-10-08 07:15:16,4,8,1,2025-10-08,B006
R002_down_T001,R002_down,S050,2025-10-08 07:27:20,2025-10-08 07:28:40,4,15,8,2025-10-08,B006
R002_down_T001,R002_down,S027,2025-10-08 07:27:10,2025-10-08 07:28:11,2,10,-2,2025-10-08,B006
R002_down_T002,R002_down,S044,2025-10-08 06:08:00,2025-10-08 06:10:24,11,2,4,2025-10-08,B025
R002_down_T002,R002_down,S026,2025-10-08 06:11:00,2025-10-08 06:12:43,1,8,0,2025-10-08,B025
R002_down_T002,R002_down,S019,2025-10-08 06:16:13,2025-10-08 06:18:06,7,9,-2,2025-10-08,B025
R002_down_T002,R002_down,S031,2025-10-08 06:27:01,2025-10-08 06:28:33,8,7,0,2025-10-08,B025
R002_down_T002,R002_down,S024,2025-10-08 06:39:47,2025-10-08 06:41:56,11,4,4,2025-10-08,B025
R002_down_T002,R002_down,S025,2025-10-08 06:48:54,2025-10-08 06:51:06,8,10,7,2025-10-08,B025
R002_down_T002,R002_down,S016,2025-10-08 06:51:25,2025-10-08 06:52:41,12,5,2,2025-10-08,B025
R002_down_T002,R002_down,S013,2025-10-08 06:57:28,2025-10-08 06:59:58,12,9,-1,2025-10-08,B025
R002_down_T002,R002_down,S047,2025-10-08 07:07:07,2025-10-08 07:08:13,7,4,0,2025-10-08,B025
R002_down_T002,R002_down,S010,2025-10-08 07:21:47,2025-10-08 07:23:32,7,15,6,2025-10-08,B025
R002_down_T002,R002_down,S032,2025-10-08 07:28:15,2025-10-08 07:29:23,9,16,2,2025-10-08,B025
R002_down_T002,R002_down,S049,2025-10-08 07:34:35,2025-10-08 07:37:32,4,17,1,2025-10-08,B025
R002_down_T002,R002_down,S042,2025-10-08 07:43:01,2025-10-08 07:45:47,7,9,2,2025-10-08,B025
R002_down_T002,R002_down,S050,2025-10-08 07:49:20,2025-10-08 07:50:24,2,17,0,2025-10-08,B025
R002_down_T002,R002_down,S027,2025-10-08 07:58:37,2025-10-08 07:59:54,4,10,1,2025-10-08,B025
R002_down_T003,R002_down,S044,2025-10-08 08:39:00,2025-10-08 08:41:01,5,7,1,2025-10-08,B001
R002_down_T003,R002_down,S026,2025-10-08 08:52:52,2025-10-08 08:55:22,8,20,8,2025-10-08,B001
R002_down_T003,R002_down,S019,2025-10-08 08:54:29,2025-10-08 08:55:35,6,18,0,2025-10-08,B001
R002_down_T003,R002_down,S031,2025-10-08 09:03:01,2025-10-08 09:04:45,1,17,1,2025-10-08,B001
R002_down_T003,R002_down,S024,2025-10-08 09:12:59,2025-10-08 09:15:03,9,17,2,2025-10-08,B001
R002_down_T003,R002_down,S025,2025-10-08 09:20:58,2025-10-08 09:23:25,9,20,3,2025-10-08,B001
R002_down_T003,R002_down,S016,2025-10-08 09:32:44,2025-10-08 09:34:54,6,14,5,2025-10-08,B001
R002_down_T003,R002_down,S013,2025-10-08 09:43:29,2025-10-08 09:45:57,11,15,5,2025-10-08,B001
R002_down_T003,R002_down,S047,2025-10-08 09:44:50,2025-10-08 09:47:01,3,10,-2,2025-10-08,B001
R002_down_T003,R002_down,S010,2025-10-08 09:54:52,2025-10-08 09:57:50,7,5,-1,2025-10-08,B001
R002_down_T003,R002_down,S032,2025-10-08 10:16:22,2025-10-08 10:18:03,6,13,8,2025-10-08,B001
R002_down_T003,R002_down,S049,2025-10-08 10:15:35,2025-10-08 10:17:46,6,15,1,2025-10-08,B001
R002_down_T003,R002_down,S042,2025-10-08 10:21:09,2025-10-08 10:23:43,0,11,0,2025-10-08,B001
R002_down_T003,R002_down,S050,2025-10-08 10:26:12,2025-10-08 10:29:12,3,5,-2,2025-10-08,B001
R002_down_T003,R002_down,S027,2025-10-08 10:46:25,2025-10-08 10:47:42,3,15,7,2025-10-08,B001
R002_down_T004,R002_down,S044,2025-10-08 08:58:00,2025-10-08 08:59:09,9,16,-1,2025-10-08,B021
R002_down_T004,R002_down,S026,2025-10-08 09:12:56,2025-10-08 09:14:54,5,10,8,2025-10-08,B021
R002_down_T004,R002_down,S019,2025-10-08 09:16:01,2025-10-08 09:17:43,5,10,4,2025-10-08,B021
R002_down_T004,R002_down,S031,2025-10-08 09:19:05,2025-10-08 09:20:17,7,6,-1,2025-10-08,B021
R002_down_T004,R002_down,S024,2025-10-08 09:33:59,2025-10-08 09:36:51,6,20,5,2025-10-08,B021
R002_down_T004,R002_down,S025,2025-10-08 09:43:38,2025-10-08 09:45:54,6,10,8,2025-10-08,B021
R002_down_T004,R002_down,S016,2025-10-08 09:46:21,2025-10-08 09:47:48,9,13,2,2025-10-08,B021
R002_down_T004,R002_down,S013,2025-10-08 10:01:08,2025-10-08 10:03:57,3,20,7,2025-10-08,B021
R002_down_T004,R002_down,S047,2025-10-08 10:00:45,2025-10-08 10:02:20,5,11,-2,2025-10-08,B021
R002_down_T004,R002_down,S010,2025-10-08 10:14:59,2025-10-08 10:17:08,6,11,3,2025-10-08,B021
R002_down_T004,R002_down,S032,2025-10-08 10:24:03,2025-10-08 10:25:44,9,20,1,2025-10-08,B021
R002_down_T004,R002_down,S049,2025-10-08 10:27:18,2025-10-08 10:29:36,1,19,-2,2025-10-08,B021
R002_down_T004,R002_down,S042,2025-10-08 10:36:24,2025-10-08 10:38:10,6,11,0,2025-10-08,B021
R002_down_T004,R002_down,S050,2025-10-08 10:48:10,2025-10-08 10:49:58,0,9,5,2025-10-08,B021
R002_down_T004,R002_down,S027,2025-10-08 10:56:28,2025-10-08 10:59:16,7,10,4,2025-10-08,B021
R002_down_T005,R002_down,S044,2025-10-08 09:43:00,2025-10-08 09:45:49,5,13,4,2025-10-08,B008
R002_down_T005,R002_down,S026,2025-10-08 09:50:48,2025-10-08 09:53:34,4,14,5,2025-10-08,B008
R002_down_T005,R002_down,S019,2025-10-08 09:57:36,2025-10-08 10:00:29,4,11,3,2025-10-08,B008
R002_down_T005,R002_down,S031,2025-10-08 10:06:58,2025-10-08 10:09:41,7,4,3,2025-10-08,B008
R002_down_T005,R002_down,S024,2025-10-08 10:14:35,2025-10-08 10:16:00,7,5,0,2025-10-08,B008
R002_down_T005,R002_down,S025,2025-10-08 10:18:13,2025-10-08 10:20:53,8,19,-2,2025-10-08,B008
R002_down_T005,R002_down,S016,2025-10-08 10:36:44,2025-10-08 10:39:36,6,11,8,2025-10-08,B008
R002_down_T005,R002_down,S013,2025-10-08 10:39:04,2025-10-08 10:40:48,7,19,-1,2025-10-08,B008
R002_down_T005,R002_down,S047,2025-10-08 10:49:52,2025-10-08 10:51:16,9,21,2,2025-10-08,B008
R002_down_T005,R002_down,S010,2025-10-08 11:03:17,2025-10-08 11:04:24,8,12,6,2025-10-08,B008
R002_down_T005,R002_down,S032,2025-10-08 11:13:46,2025-10-08 11:15:10,5,8,7,2025-10-08,B008
R002_down_T005,R002_down,S049,2025-10-08 11:19:26,2025-10-08 11:20:39,9,8,7,2025-10-08,B008
R002_down_T005,R002_down,S042,2025-10-08 11:20:30,2025-10-08 11:22:17,12,6,1,2025-10-08,B008
R002_down_T005,R002_down,S050,2025-10-08 11:30:37,2025-10-08 11:32:36,9,2,5,2025-10-08,B008
R002_down_T005,R002_down,S027,2025-10-08 11:34:33,2025-10-08 11:37:10,5,5,0,2025-10-08,B008
R002_down_T006,R002_down,S044,2025-10-08 10:00:00,2025-10-08 10:01:44,7,17,-2,2025-10-08,B019
R002_down_T006,R002_down,S026,2025-10-08 10:12:32,2025-10-08 10:14:05,1,8,5,2025-10-08,B019
R002_down_T006,R002_down,S019,2025-10-08 10:15:24,2025-10-08 10:17:42,7,13,1,2025-10-08,B019
R002_down_T006,R002_down,S031,2025-10-08 10:29:01,2025-10-08 10:30:28,5,15,6,2025-10-08,B019
R002_down_T006,R002_down,S024,2025-10-08 10:37:00,2025-10-08 10:39:20,2,18,5,2025-10-08,B019
R002_down_T006,R002_down,S025,2025-10-08 10:40:36,2025-10-08 10:41:44,7,11,2,2025-10-08,B019
R002_down_T006,R002_down,S016,2025-10-08 10:44:02,2025-10-08 10:45:35,9,14,-2,2025-10-08,B019
R002_down_T006,R002_down,S013,2025-10-08 10:56:28,2025-10-08 10:58:23,7,15,0,2025-10-08,B019
R002_down_T006,R002_down,S047,2025-10-08 11:09:19,2025-10-08 11:10:46,10,7,5,2025-10-08,B019
R002_down_T006,R002_down,S010,2025-10-08 11:20:27,2025-10-08 11:22:41,12,7,6,2025-10-08,B019
R002_down_T006,R002_down,S032,2025-10-08 11:24:04,2025-10-08 11:25:06,7,7,-2,2025-10-08,B019
R002_down_T006,R002_down,S049,2025-10-08 11:32:18,2025-10-08 11:34:16,12,0,0,2025-10-08,B019
R002_down_T006,R002_down,S042,2025-10-08 11:45:18,2025-10-08 11:47:58,9,2,6,2025-10-08,B019
R002_down_T006,R002_down,S050,2025-10-08 11:45:19,2025-10-08 11:47:28,3,9,-1,2025-10-08,B019
R002_down_T006,R002_down,S027,2025-10-08 12:02:02,2025-10-08 12:04:49,8,4,6,2025-10-08,B019
R002_down_T007,R002_down,S044,2025-10-08 11:10:00,2025-10-08 11:12:54,15,6,5,2025-10-08,B023
R002_down_T007,R002_down,S026,2025-10-08 11:09:29,2025-10-08 11:11:27,5,7,-2,2025-10-08,B023
R002_down_T007,R002_down,S019,2025-10-08 11:21:43,2025-10-08 11:24:21,5,6,1,2025-10-08,B023
R002_down_T007,R002_down,S031,2025-10-08 11:32:40,2025-10-08 11:34:57,10,10,3,2025-10-08,B023
R002_down_T007,R002_down,S024,2025-10-08 11:41:22,2025-10-08 11:43:11,7,3,2,2025-10-08,B023
R002_down_T007,R002_down,S025,2025-10-08 11:51:17,2025-10-08 11:53:39,7,7,6,2025-10-08,B023
R002_down_T007,R002_down,S016,2025-10-08 11:54:38,2025-10-08 11:57:25,9,7,1,2025-10-08,B023
R002_down_T007,R002_down,S013,2025-10-08 12:09:52,2025-10-08 12:12:00,7,7,4,2025-10-08,B023
R002_down_T007,R002_down,S047,2025-10-08 12:15:11,2025-10-08 12:16:49,11,7,2,2025-10-08,B023
R002_down_T007,R002_down,S010,2025-10-08 12:21:18,2025-10-08 12:23:14,7,5,-2,2025-10-08,B023
R002_down_T007,R002_down,S032,2025-10-08 12:38:09,2025-10-08 12:39:29,10,10,4,2025-10-08,B023
R002_down_T007,R002_down,S049,2025-10-08 12:47:10,2025-10-08 12:48:40,12,6,7,2025-10-08,B023
R002_down_T007,R002_down,S042,2025-10-08 12:54:00,2025-10-08 12:55:13,9,7,8,2025-10-08,B023
R002_down_T007,R002_down,S050,2025-10-08 12:55:56,2025-10-08 12:58:09,7,1,3,2025-10-08,B023
R002_down_T007,R002_down,S027,2025-10-08 13:06:12,2025-10-08 13:08:55,9,3,4,2025-10-08,B023
R002_down_T008,R002_down,S044,2025-10-08 12:00:00,2025-10-08 12:02:10,7,10,6,2025-10-08,B012
R002_down_T008,R002_down,S026,2025-10-08 12:03:49,2025-10-08 12:06:34,8,3,3,2025-10-08,B012
R002_down_T008,R002_down,S019,2025-10-08 12:12:21,2025-10-08 12:14:04,9,6,2,2025-10-08,B012
R002_down_T008,R002_down,S031,2025-10-08 12:17:56,2025-10-08 12:19:31,0,4,-2,2025-10-08,B012
R002_down_T008,R002_down,S024,2025-10-08 12:32:55,2025-10-08 12:34:23,1,2,3,2025-10-08,B012
R002_down_T008,R002_down,S025,2025-10-08 12:39:00,2025-10-08 12:40:51,2,8,4,2025-10-08,B012
R002_down_T008,R002_down,S016,2025-10-08 12:51:29,2025-10-08 12:53:16,10,8,8,2025-10-08,B012
R002_down_T008,R002_down,S013,2025-10-08 12:57:06,2025-10-08 12:58:57,9,7,4,2025-10-08,B012
R002_down_T008,R002_down,S047,2025-10-08 13:01:50,2025-10-08 13:03:27,8,4,1,2025-10-08,B012
R002_down_T008,R002_down,S010,2025-10-08 13:18:02,2025-10-08 13:20:54,0,6,7,2025-10-08,B012
R002_down_T008,R002_down,S032,2025-10-08 13:31:10,2025-10-08 13:32:39,13,5,8,2025-10-08,B012
R002_down_T008,R002_down,S049,2025-10-08 13:36:00,2025-10-08 13:37:55,9,5,7,2025-10-08,B012
R002_down_T008,R002_down,S042,2025-10-08 13:43:23,2025-10-08 13:45:33,5,1,8,2025-10-08,B012
R002_down_T008,R002_down,S050,2025-10-08 13:45:33,2025-10-08 13:47:40,6,7,3,2025-10-08,B012
R002_down_T008,R002_down,S027,2025-10-08 13:55:29,2025-10-08 13:56:54,7,11,3,2025-10-08,B012
R002_down_T009,R002_down,S044,2025-10-08 13:00:00,2025-10-08 13:01:01,3,2,6,2025-10-08,B022
R002_down_T009,R002_down,S026,2025-10-08 13:00:48,2025-10-08 13:02:35,12,7,1,2025-10-08,B022
R002_down_T009,R002_down,S019,2025-10-08 13:06:35,2025-10-08 13:08:10,10,3,-1,2025-10-08,B022
R002_down_T009,R002_down,S031,2025-10-08 13:24:52,2025-10-08 13:26:17,4,10,8,2025-10-08,B022
R002_down_T009,R002_down,S024,2025-10-08 13:26:14,2025-10-08 13:28:31,8,7,1,2025-10-08,B022
R002_down_T009,R002_down,S025,2025-10-08 13:32:01,2025-10-08 13:34:54,8,9,0,2025-10-08,B022
R002_down_T009,R002_down,S016,2025-10-08 13:41:43,2025-10-08 13:43:20,14,4,0,2025-10-08,B022
R002_down_T009,R002_down,S013,2025-10-08 13:53:36,2025-10-08 13:56:16,10,6,3,2025-10-08,B022
R002_down_T009,R002_down,S047,2025-10-08 13:58:57,2025-10-08 14:00:32,3,8,1,2025-10-08,B022
R002_down_T009,R002_down,S010,2025-10-08 14:12:43,2025-10-08 14:14:19,10,5,4,2025-10-08,B022
R002_down_T009,R002_down,S032,2025-10-08 14:19:21,2025-10-08 14:22:15,9,7,2,2025-10-08,B022
R002_down_T009,R002_down,S049,2025-10-08 14:25:57,2025-10-08 14:28:47,9,5,1,2025-10-08,B022
R002_down_T009,R002_down,S042,2025-10-08 14:31:41,2025-10-08 14:34:39,12,6,-1,2025-10-08,B022
R002_down_T009,R002_down,S050,2025-10-08 14:41:01,2025-10-08 14:43:49,6,10,1,2025-10-08,B022
R002_down_T009,R002_down,S027,2025-10-08 14:49:47,2025-10-08 14:51:20,2,2,0,2025-10-08,B022
R002_down_T010,R002_down,S044,2025-10-08 13:30:00,2025-10-08 13:31:40,6,5,-1,2025-10-08,B007
R002_down_T010,R002_down,S026,2025-10-08 13:40:44,2025-10-08 13:42:17,9,7,4,2025-10-08,B007
R002_down_T010,R002_down,S019,2025-10-08 13:48:47,2025-10-08 13:49:51,7,6,4,2025-10-08,B007
R002_down_T010,R002_down,S031,2025-10-08 13:50:58,2025-10-08 13:52:02,8,4,-1,2025-10-08,B007
R002_down_T010,R002_down,S024,2025-10-08 14:02:01,2025-10-08 14:04:45,8,1,3,2025-10-08,B007
R002_down_T010,R002_down,S025,2025-10-08 14:14:15,2025-10-08 14:15:56,9,6,8,2025-10-08,B007
R002_down_T010,R002_down,S016,2025-10-08 14:18:47,2025-10-08 14:20:45,3,3,5,2025-10-08,B007
R002_down_T010,R002_down,S013,2025-10-08 14:22:36,2025-10-08 14:24:46,4,5,-2,2025-10-08,B007
R002_down_T010,R002_down,S047,2025-10-08 14:33:27,2025-10-08 14:34:35,9,6,1,2025-10-08,B007
R002_down_T010,R002_down,S010,2025-10-08 14:42:27,2025-10-08 14:43:33,5,6,2,2025-10-08,B007
R002_down_T010,R002_down,S032,2025-10-08 14:52:16,2025-10-08 14:54:30,12,5,3,2025-10-08,B007
R002_down_T010,R002_down,S049,2025-10-08 15:04:08,2025-10-08 15:06:17,6,6,7,2025-10-08,B007
R002_down_T010,R002_down,S042,2025-10-08 15:09:07,2025-10-08 15:10:16,8,8,5,2025-10-08,B007
R002_down_T010,R002_down,S050,2025-10-08 15:10:20,2025-10-08 15:13:06,6,7,-1,2025-10-08,B007
R002_down_T010,R002_down,S027,2025-10-08 15:26:05,2025-10-08 15:27:27,16,1,3,2025-10-08,B007
R002_down_T011,R002_down,S044,2025-10-08 15:51:00,2025-10-08 15:53:27,10,4,1,2025-10-08,B004
R002_down_T011,R002_down,S026,2025-10-08 15:55:55,2025-10-08 15:58:08,8,7,-1,2025-10-08,B004
R002_down_T011,R002_down,S019,2025-10-08 16:07:12,2025-10-08 16:09:54,6,5,1,2025-10-08,B004
R002_down_T011,R002_down,S031,2025-10-08 16:16:47,2025-10-08 16:19:40,6,4,1,2025-10-08,B004
R002_down_T011,R002_down,S024,2025-10-08 16:28:28,2025-10-08 16:29:49,9,4,3,2025-10-08,B004
R002_down_T011,R002_down,S025,2025-10-08 16:30:16,2025-10-08 16:32:20,6,5,0,2025-10-08,B004
R002_down_T011,R002_down,S016,2025-10-08 16:36:50,2025-10-08 16:38:57,8,8,-1,2025-10-08,B004
R002_down_T011,R002_down,S013,2025-10-08 16:50:06,2025-10-08 16:52:50,9,2,3,2025-10-08,B004
R002_down_T011,R002_down,S047,2025-10-08 16:54:45,2025-10-08 16:57:45,11,7,0,2025-10-08,B004
R002_down_T011,R002_down,S010,2025-10-08 17:08:58,2025-10-08 17:10:41,21,5,2,2025-10-08,B004
R002_down_T011,R002_down,S032,2025-10-08 17:24:24,2025-10-08 17:25:50,8,6,7,2025-10-08,B004
R002_down_T011,R002_down,S049,2025-10-08 17:31:39,2025-10-08 17:34:08,14,9,8,2025-10-08,B004
R002_down_T011,R002_down,S042,2025-10-08 17:31:57,2025-10-08 17:34:28,16,14,0,2025-10-08,B004
R002_down_T011,R002_down,S050,2025-10-08 17:40:05,2025-10-08 17:42:20,12,7,1,2025-10-08,B004
R002_down_T011,R002_down,S027,2025-10-08 17:54:32,2025-10-08 17:55:58,16,2,6,2025-10-08,B004
R002_down_T012,R002_down,S044,2025-10-08 17:46:00,2025-10-08 17:47:34,14,15,4,2025-10-08,B013
R002_down_T012,R002_down,S026,2025-10-08 17:48:35,2025-10-08 17:50:26,10,8,1,2025-10-08,B013
R002_down_T012,R002_down,S019,2025-10-08 17:53:51,2025-10-08 17:56:12,14,5,-2,2025-10-08,B013
R002_down_T012,R002_down,S031,2025-10-08 18:09:06,2025-10-08 18:11:55,11,2,3,2025-10-08,B013
R002_down_T012,R002_down,S024,2025-10-08 18:18:38,2025-10-08 18:20:53,13,7,3,2025-10-08,B013
R002_down_T012,R002_down,S025,2025-10-08 18:30:01,2025-10-08 18:32:52,14,9,8,2025-10-08,B013
R002_down_T012,R002_down,S016,2025-10-08 18:39:11,2025-10-08 18:40:52,23,7,8,2025-10-08,B013
R002_down_T012,R002_down,S013,2025-10-08 18:47:51,2025-10-08 18:49:39,17,2,7,2025-10-08,B013
R002_down_T012,R002_down,S047,2025-10-08 18:48:36,2025-10-08 18:50:09,7,4,0,2025-10-08,B013
R002_down_T012,R002_down,S010,2025-10-08 18:58:08,2025-10-08 19:00:35,18,5,-1,2025-10-08,B013
R002_down_T012,R002_down,S032,2025-10-08 19:08:50,2025-10-08 19:11:04,8,2,-2,2025-10-08,B013
R002_down_T012,R002_down,S049,2025-10-08 19:21:28,2025-10-08 19:22:50,10,7,4,2025-10-08,B013
R002_down_T012,R002_down,S042,2025-10-08 19:29:01,2025-10-08 19:31:00,12,1,5,2025-10-08,B013
R002_down_T012,R002_down,S050,2025-10-08 19:39:10,2025-10-08 19:40:51,9,10,7,2025-10-08,B013
R002_down_T012,R002_down,S027,2025-10-08 19:49:10,2025-10-08 19:50:44,12,8,8,2025-10-08,B013
R002_down_T013,R002_down,S044,2025-10-08 18:06:00,2025-10-08 18:07:16,11,4,6,2025-10-08,B012
R002_down_T013,R002_down,S026,2025-10-08 18:09:44,2025-10-08 18:10:45,11,7,5,2025-10-08,B012
R002_down_T013,R002_down,S019,2025-10-08 18:14:08,2025-10-08 18:17:07,20,6,3,2025-10-08,B012
R002_down_T013,R002_down,S031,2025-10-08 18:28:46,2025-10-08 18:30:55,24,1,7,2025-10-08,B012
R002_down_T013,R002_down,S024,2025-10-08 18:29:50,2025-10-08 18:31:05,7,9,-1,2025-10-08,B012
R002_down_T013,R002_down,S025,2025-10-08 18:43:10,2025-10-08 18:46:09,18,7,7,2025-10-08,B012
R002_down_T013,R002_down,S016,2025-10-08 18:45:20,2025-10-08 18:47:38,15,8,1,2025-10-08,B012
R002_down_T013,R002_down,S013,2025-10-08 18:58:29,2025-10-08 19:00:06,13,6,4,2025-10-08,B012
R002_down_T013,R002_down,S047,2025-10-08 19:02:06,2025-10-08 19:04:42,16,6,1,2025-10-08,B012
R002_down_T013,R002_down,S010,2025-10-08 19:11:12,2025-10-08 19:12:53,10,2,0,2025-10-08,B012
R002_down_T013,R002_down,S032,2025-10-08 19:19:06,2025-10-08 19:20:30,11,7,-2,2025-10-08,B012
R002_down_T013,R002_down,S049,2025-10-08 19:26:14,2025-10-08 19:27:20,15,4,-1,2025-10-08,B012
R002_down_T013,R002_down,S042,2025-10-08 19:34:32,2025-10-08 19:35:50,20,4,0,2025-10-08,B012
R002_down_T013,R002_down,S050,2025-10-08 19:42:21,2025-10-08 19:43:46,21,13,2,2025-10-08,B012
R002_down_T013,R002_down,S027,2025-10-08 19:49:37,2025-10-08 19:50:46,13,9,-2,2025-10-08,B012
R002_down_T014,R002_down,S044,2025-10-08 18:30:00,2025-10-08 18:31:59,8,10,8,2025-10-08,B008
R002_down_T014,R002_down,S026,2025-10-08 18:34:59,2025-10-08 18:36:06,23,5,6,2025-10-08,B008
R002_down_T014,R002_down,S019,2025-10-08 18:42:26,2025-10-08 18:44:27,10,10,7,2025-10-08,B008
R002_down_T014,R002_down,S031,2025-10-08 18:44:07,2025-10-08 18:46:25,6,9,0,2025-10-08,B008
R002_down_T014,R002_down,S024,2025-10-08 19:00:33,2025-10-08 19:02:10,14,10,7,2025-10-08,B008
R002_down_T014,R002_down,S025,2025-10-08 19:02:53,2025-10-08 19:04:44,8,5,4,2025-10-08,B008
R002_down_T014,R002_down,S016,2025-10-08 19:11:00,2025-10-08 19:13:10,7,6,3,2025-10-08,B008
R002_down_T014,R002_down,S013,2025-10-08 19:23:43,2025-10-08 19:25:02,12,7,4,2025-10-08,B008
R002_down_T014,R002_down,S047,2025-10-08 19:28:16,2025-10-08 19:29:18,14,6,1,2025-10-08,B008
R002_down_T014,R002_down,S010,2025-10-08 19:34:54,2025-10-08 19:37:05,17,5,-2,2025-10-08,B008
R002_down_T014,R002_down,S032,2025-10-08 19:48:50,2025-10-08 19:51:17,13,5,0,2025-10-08,B008
R002_down_T014,R002_down,S049,2025-10-08 20:00:24,2025-10-08 20:02:04,11,5,4,2025-10-08,B008
R002_down_T014,R002_down,S042,2025-10-08 20:11:56,2025-10-08 20:13:14,13,2,8,2025-10-08,B008
R002_down_T014,R002_down,S050,2025-10-08 20:16:21,2025-10-08 20:18:06,13,4,5,2025-10-08,B008
R002_down_T014,R002_down,S027,2025-10-08 20:22:30,2025-10-08 20:23:44,7,5,1,2025-10-08,B008
R002_down_T015,R002_down,S044,2025-10-08 18:48:00,2025-10-08 18:50:27,12,3,1,2025-10-08,B018
R002_down_T015,R002_down,S026,2025-10-08 18:55:55,2025-10-08 18:58:26,19,3,3,2025-10-08,B018
R002_down_T015,R002_down,S019,2025-10-08 19:07:30,2025-10-08 19:10:24,19,1,6,2025-10-08,B018
R002_down_T015,R002_down,S031,2025-10-08 19:19:06,2025-10-08 19:22:06,10,5,8,2025-10-08,B018
R002_down_T015,R002_down,S024,2025-10-08 19:20:03,2025-10-08 19:21:09,17,4,0,2025-10-08,B018
R002_down_T015,R002_down,S025,2025-10-08 19:24:16,2025-10-08 19:26:10,17,12,-1,2025-10-08,B018
R002_down_T015,R002_down,S016,2025-10-08 19:33:54,2025-10-08 19:36:03,14,4,1,2025-10-08,B018
R002_down_T015,R002_down,S013,2025-10-08 19:50:41,2025-10-08 19:52:33,30,4,8,2025-10-08,B018
R002_down_T015,R002_down,S047,2025-10-08 19:56:32,2025-10-08 19:57:47,10,4,6,2025-10-08,B018
R002_down_T015,R002_down,S010,2025-10-08 19:59:31,2025-10-08 20:02:24,15,2,0,2025-10-08,B018
R002_down_T015,R002_down,S032,2025-10-08 20:10:54,2025-10-08 20:12:49,9,5,0,2025-10-08,B018
R002_down_T015,R002_down,S049,2025-10-08 20:20:22,2025-10-08 20:21:25,11,7,3,2025-10-08,B018
R002_down_T015,R002_down,S042,2025-10-08 20:21:24,2025-10-08 20:23:53,17,3,-2,2025-10-08,B018
R002_down_T015,R002_down,S050,2025-10-08 20:32:00,2025-10-08 20:33:34,16,5,0,2025-10-08,B018
R002_down_T015,R002_down,S027,2025-10-08 20:41:40,2025-10-08 20:44:40,15,1,1,2025-10-08,B018
R002_down_T016,R002_down,S044,2025-10-08 19:25:00,2025-10-08 19:26:14,10,4,0,2025-10-08,B005
R002_down_T016,R002_down,S026,2025-10-08 19:27:48,2025-10-08 19:30:15,13,0,-2,2025-10-08,B005
R002_down_T016,R002_down,S019,2025-10-08 19:39:52,2025-10-08 19:41:21,18,3,1,2025-10-08,B005
R002_down_T016,R002_down,S031,2025-10-08 19:53:46,2025-10-08 19:55:29,21,4,5,2025-10-08,B005
R002_down_T016,R002_down,S024,2025-10-08 20:03:10,2025-10-08 20:05:57,11,6,4,2025-10-08,B005
R002_down_T016,R002_down,S025,2025-10-08 20:03:44,2025-10-08 20:06:42,12,10,-2,2025-10-08,B005
R002_down_T016,R002_down,S016,2025-10-08 20:15:24,2025-10-08 20:17:35,21,6,0,2025-10-08,B005
R002_down_T016,R002_down,S013,2025-10-08 20:27:31,2025-10-08 20:30:16,11,1,2,2025-10-08,B005
R002_down_T016,R002_down,S047,2025-10-08 20:32:53,2025-10-08 20:35:02,14,6,0,2025-10-08,B005
R002_down_T016,R002_down,S010,2025-10-08 20:44:25,2025-10-08 20:45:52,12,9,0,2025-10-08,B005
R002_down_T016,R002_down,S032,2025-10-08 21:02:58,2025-10-08 21:04:33,12,7,8,2025-10-08,B005
R002_down_T016,R002_down,S049,2025-10-08 21:05:02,2025-10-08 21:06:16,8,5,4,2025-10-08,B005
R002_down_T016,R002_down,S042,2025-10-08 21:06:34,2025-10-08 21:09:15,15,0,0,2025-10-08,B005
R002_down_T016,R002_down,S050,2025-10-08 21:20:42,2025-10-08 21:22:41,16,4,7,2025-10-08,B005
R002_down_T016,R002_down,S027,2025-10-08 21:25:33,2025-10-08 21:27:07,17,7,0,2025-10-08,B005
R002_down_T017,R002_down,S044,2025-10-08 20:05:00,2025-10-08 20:07:34,19,10,1,2025-10-08,B006
R002_down_T017,R002_down,S026,2025-10-08 20:16:06,2025-10-08 20:18:13,10,6,6,2025-10-08,B006
R002_down_T017,R002_down,S019,2025-10-08 20:15:39,2025-10-08 20:18:05,16,2,-2,2025-10-08,B006
R002_down_T017,R002_down,S031,2025-10-08 20:28:16,2025-10-08 20:29:44,13,3,0,2025-10-08,B006
R002_down_T017,R002_down,S024,2025-10-08 20:41:58,2025-10-08 20:43:37,6,11,6,2025-10-08,B006
R002_down_T017,R002_down,S025,2025-10-08 20:43:27,2025-10-08 20:45:38,10,2,1,2025-10-08,B006
R002_down_T017,R002_down,S016,2025-10-08 20:52:16,2025-10-08 20:53:26,8,3,1,2025-10-08,B006
R002_down_T017,R002_down,S013,2025-10-08 21:01:32,2025-10-08 21:02:40,3,9,2,2025-10-08,B006
R002_down_T017,R002_down,S047,2025-10-08 21:09:37,2025-10-08 21:11:07,19,11,3,2025-10-08,B006
R002_down_T017,R002_down,S010,2025-10-08 21:15:12,2025-10-08 21:17:16,17,7,-1,2025-10-08,B006
R002_down_T017,R002_down,S032,2025-10-08 21:29:49,2025-10-08 21:32:25,16,5,2,2025-10-08,B006
R002_down_T017,R002_down,S049,2025-10-08 21:42:01,2025-10-08 21:43:54,13,6,7,2025-10-08,B006
R002_down_T017,R002_down,S042,2025-10-08 21:43:48,2025-10-08 21:46:44,22,2,2,2025-10-08,B006
R002_down_T017,R002_down,S050,2025-10-08 21:50:36,2025-10-08 21:52:42,18,8,0,2025-10-08,B006
R002_down_T017,R002_down,S027,2025-10-08 22:05:37,2025-10-08 22:07:12,16,3,5,2025-10-08,B006
R002_down_T018,R002_down,S044,2025-10-08 20:24:00,2025-10-08 20:26:58,7,7,0,2025-10-08,B022
R002_down_T018,R002_down,S026,2025-10-08 20:37:47,2025-10-08 20:39:47,17,0,6,2025-10-08,B022
R002_down_T018,R002_down,S019,2025-10-08 20:49:14,2025-10-08 20:51:17,10,4,8,2025-10-08,B022
R002_down_T018,R002_down,S031,2025-10-08 20:47:58,2025-10-08 20:50:38,11,8,-2,2025-10-08,B022
R002_down_T018,R002_down,S024,2025-10-08 21:01:24,2025-10-08 21:03:14,17,3,1,2025-10-08,B022
R002_down_T018,R002_down,S025,2025-10-08 21:05:40,2025-10-08 21:07:45,17,5,0,2025-10-08,B022
R002_down_T018,R002_down,S016,2025-10-08 21:21:27,2025-10-08 21:23:33,9,4,7,2025-10-08,B022
R002_down_T018,R002_down,S013,2025-10-08 21:25:46,2025-10-08 21:27:10,10,9,0,2025-10-08,B022
R002_down_T018,R002_down,S047,2025-10-08 21:36:12,2025-10-08 21:38:15,9,6,3,2025-10-08,B022
R002_down_T018,R002_down,S010,2025-10-08 21:46:25,2025-10-08 21:47:45,10,5,4,2025-10-08,B022
R002_down_T018,R002_down,S032,2025-10-08 21:55:15,2025-10-08 21:56:37,15,5,3,2025-10-08,B022
R002_down_T018,R002_down,S049,2025-10-08 21:59:28,2025-10-08 22:00:38,7,6,0,2025-10-08,B022
R002_down_T018,R002_down,S042,2025-10-08 22:08:27,2025-10-08 22:10:12,14,9,2,2025-10-08,B022
R002_down_T018,R002_down,S050,2025-10-08 22:15:15,2025-10-08 22:16:22,2,6,1,2025-10-08,B022
R002_down_T018,R002_down,S027,2025-10-08 22:29:14,2025-10-08 22:30:23,20,3,7,2025-10-08,B022
R002_down_T019,R002_down,S044,2025-10-08 20:45:00,2025-10-08 20:46:05,11,12,0,2025-10-08,B015
R002_down_T019,R002_down,S026,2025-10-08 20:54:00,2025-10-08 20:56:31,7,7,3,2025-10-08,B015
R002_down_T019,R002_down,S019,2025-10-08 21:00:21,2025-10-08 21:01:27,8,4,0,2025-10-08,B015
R002_down_T019,R002_down,S031,2025-10-08 21:13:23,2025-10-08 21:15:44,19,3,4,2025-10-08,B015
R002_down_T019,R002_down,S024,2025-10-08 21:22:52,2025-10-08 21:25:17,12,8,3,2025-10-08,B015
R002_down_T019,R002_down,S025,2025-10-08 21:32:26,2025-10-08 21:34:41,18,9,6,2025-10-08,B015
R002_down_T019,R002_down,S016,2025-10-08 21:40:53,2025-10-08 21:42:53,13,6,6,2025-10-08,B015
R002_down_T019,R002_down,S013,2025-10-08 21:54:29,2025-10-08 21:56:25,18,5,8,2025-10-08,B015
R002_down_T019,R002_down,S047,2025-10-08 22:00:28,2025-10-08 22:02:47,10,2,7,2025-10-08,B015
R002_down_T019,R002_down,S010,2025-10-08 22:13:32,2025-10-08 22:15:15,13,2,8,2025-10-08,B015
R002_down_T019,R002_down,S032,2025-10-08 22:15:13,2025-10-08 22:17:49,0,14,0,2025-10-08,B015
R002_down_T019,R002_down,S049,2025-10-08 22:24:58,2025-10-08 22:27:08,23,3,1,2025-10-08,B015
R002_down_T019,R002_down,S042,2025-10-08 22:29:46,2025-10-08 22:32:21,16,8,-1,2025-10-08,B015
R002_down_T019,R002_down,S050,2025-10-08 22:40:18,2025-10-08 22:42:39,23,15,2,2025-10-08,B015
R002_down_T019,R002_down,S027,2025-10-08 22:50:19,2025-10-08 22:53:18,13,9,1,2025-10-08,B015
R002_down_T020,R002_down,S044,2025-10-08 21:53:00,2025-10-08 21:54:56,9,6,8,2025-10-08,B016
R002_down_T020,R002_down,S026,2025-10-08 21:56:37,2025-10-08 21:58:23,17,4,5,2025-10-08,B016
R002_down_T020,R002_down,S019,2025-10-08 21:57:24,2025-10-08 22:00:21,7,1,-2,2025-10-08,B016
R002_down_T020,R002_down,S031,2025-10-08 22:07:21,2025-10-08 22:09:20,9,5,-2,2025-10-08,B016
R002_down_T020,R002_down,S024,2025-10-08 22:18:33,2025-10-08 22:21:13,19,3,1,2025-10-08,B016
R002_down_T020,R002_down,S025,2025-10-08 22:24:46,2025-10-08 22:26:02,15,6,0,2025-10-08,B016
R002_down_T020,R002_down,S016,2025-10-08 22:39:09,2025-10-08 22:41:13,12,10,6,2025-10-08,B016
R002_down_T020,R002_down,S013,2025-10-08 22:48:30,2025-10-08 22:49:37,15,9,5,2025-10-08,B016
R002_down_T020,R002_down,S047,2025-10-08 22:47:12,2025-10-08 22:49:24,16,4,-2,2025-10-08,B016
R002_down_T020,R002_down,S010,2025-10-08 23:04:46,2025-10-08 23:07:34,18,6,6,2025-10-08,B016
R002_down_T020,R002_down,S032,2025-10-08 23:11:48,2025-10-08 23:14:19,6,6,1,2025-10-08,B016
R002_down_T020,R002_down,S049,2025-10-08 23:21:25,2025-10-08 23:23:23,5,6,3,2025-10-08,B016
R002_down_T020,R002_down,S042,2025-10-08 23:28:40,2025-10-08 23:31:30,9,0,3,2025-10-08,B016
R002_down_T020,R002_down,S050,2025-10-08 23:37:50,2025-10-08 23:39:08,8,4,4,2025-10-08,B016
R002_down_T020,R002_down,S027,2025-10-08 23:47:25,2025-10-08 23:49:24,12,7,5,2025-10-08,B016
R002_down_T021,R002_down,S044,2025-10-08 22:08:00,2025-10-08 22:09:13,17,5,0,2025-10-08,B010
R002_down_T021,R002_down,S026,2025-10-08 22:18:33,2025-10-08 22:21:27,11,5,5,2025-10-08,B010
R002_down_T021,R002_down,S019,2025-10-08 22:29:24,2025-10-08 22:31:56,11,8,7,2025-10-08,B010
R002_down_T021,R002_down,S031,2025-10-08 22:39:06,2025-10-08 22:41:06,14,5,6,2025-10-08,B010
R002_down_T021,R002_down,S024,2025-10-08 22:44:38,2025-10-08 22:46:08,9,4,2,2025-10-08,B010
R002_down_T021,R002_down,S025,2025-10-08 22:52:47,2025-10-08 22:54:50,10,6,4,2025-10-08,B010
R002_down_T021,R002_down,S016,2025-10-08 22:56:59,2025-10-08 22:59:46,6,9,1,2025-10-08,B010
R002_down_T021,R002_down,S013,2025-10-08 23:10:40,2025-10-08 23:12:08,2,9,4,2025-10-08,B010
R002_down_T021,R002_down,S047,2025-10-08 23:18:36,2025-10-08 23:19:42,8,12,5,2025-10-08,B010
R002_down_T021,R002_down,S010,2025-10-08 23:23:57,2025-10-08 23:25:02,14,4,2,2025-10-08,B010
R002_down_T021,R002_down,S032,2025-10-08 23:35:04,2025-10-08 23:37:22,7,5,4,2025-10-08,B010
R002_down_T021,R002_down,S049,2025-10-08 23:43:01,2025-10-08 23:45:17,7,6,5,2025-10-08,B010
R002_down_T021,R002_down,S042,2025-10-08 23:53:04,2025-10-08 23:55:44,8,8,8,2025-10-08,B010
R002_down_T021,R002_down,S050,2025-10-08 23:59:29,2025-10-09 00:01:34,17,8,6,2025-10-08,B010
R002_down_T021,R002_down,S027,2025-10-09 00:03:45,2025-10-09 00:04:51,13,9,1,2025-10-08,B010
R002_down_T022,R002_down,S044,2025-10-08 22:57:00,2025-10-08 22:59:12,9,7,8,2025-10-08,B016
R002_down_T022,R002_down,S026,2025-10-08 22:53:16,2025-10-08 22:55:58,12,0,-2,2025-10-08,B016
R002_down_T022,R002_down,S019,2025-10-08 23:08:08,2025-10-08 23:09:22,11,8,5,2025-10-08,B016
R002_down_T022,R002_down,S031,2025-10-08 23:11:29,2025-10-08 23:13:25,7,0,-1,2025-10-08,B016
R002_down_T022,R002_down,S024,2025-10-08 23:29:03,2025-10-08 23:31:00,9,3,8,2025-10-08,B016
R002_down_T022,R002_down,S025,2025-10-08 23:27:29,2025-10-08 23:29:18,11,4,1,2025-10-08,B016
R002_down_T022,R002_down,S016,2025-10-08 23:36:52,2025-10-08 23:38:46,11,4,2,2025-10-08,B016
R002_down_T022,R002_down,S013,2025-10-08 23:45:02,2025-10-08 23:47:23,8,5,0,2025-10-08,B016
R002_down_T022,R002_down,S047,2025-10-08 23:57:07,2025-10-08 23:58:55,8,8,5,2025-10-08,B016
R002_down_T022,R002_down,S010,2025-10-09 00:04:43,2025-10-09 00:07:19,7,7,2,2025-10-08,B016
R002_down_T022,R002_down,S032,2025-10-09 00:20:56,2025-10-09 00:22:17,5,4,8,2025-10-08,B016
R002_down_T022,R002_down,S049,2025-10-09 00:27:10,2025-10-09 00:28:58,8,3,8,2025-10-08,B016
R002_down_T022,R002_down,S042,2025-10-09 00:32:45,2025-10-09 00:35:41,8,5,6,2025-10-08,B016
R002_down_T022,R002_down,S050,2025-10-09 00:42:38,2025-10-09 00:45:28,9,5,8,2025-10-08,B016
R002_down_T022,R002_down,S027,2025-10-09 00:43:19,2025-10-09 00:45:52,14,6,-1,2025-10-08,B016
R003_up_T001,R003_up,S053,2025-10-08 06:10:00,2025-10-08 06:11:37,1,6,7,2025-10-08,B003
R003_up_T001,R003_up,S022,2025-10-08 06:16:17,2025-10-08 06:19:01,9,4,5,2025-10-08,B003
R003_up_T001,R003_up,S015,2025-10-08 06:19:34,2025-10-08 06:21:07,6,6,0,2025-10-08,B003
R003_up_T001,R003_up,S046,2025-10-08 06:26:49,2025-10-08 06:29:04,2,6,2,2025-10-08,B003
R003_up_T001,R003_up,S033,2025-10-08 06:32:05,2025-10-08 06:33:11,4,5,-2,2025-10-08,B003
R003_up_T001,R003_up,S011,2025-10-08 06:45:11,2025-10-08 06:47:24,5,5,4,2025-10-08,B003
R003_up_T001,R003_up,S024,2025-10-08 06:55:28,2025-10-08 06:57:58,0,4,5,2025-10-08,B003
R003_up_T001,R003_up,S003,2025-10-08 07:06:51,2025-10-08 07:09:01,13,0,7,2025-10-08,B003
R003_up_T001,R003_up,S045,2025-10-08 07:12:06,2025-10-08 07:14:19,11,7,2,2025-10-08,B003
R003_up_T001,R003_up,S017,2025-10-08 07:13:48,2025-10-08 07:14:50,12,7,-2,2025-10-08,B003
R003_up_T001,R003_up,S059,2025-10-08 07:25:37,2025-10-08 07:27:23,15,4,2,2025-10-08,B003
R003_up_T001,R003_up,S048,2025-10-08 07:33:37,2025-10-08 07:35:51,11,9,4,2025-10-08,B003
R003_up_T001,R003_up,S042,2025-10-08 07:41:00,2025-10-08 07:42:22,17,6,0,2025-10-08,B003
R003_up_T001,R003_up,S037,2025-10-08 07:58:38,2025-10-08 08:00:04,26,9,8,2025-10-08,B003
R003_up_T002,R003_up,S053,2025-10-08 07:25:00,2025-10-08 07:26:43,15,7,2,2025-10-08,B011
R003_up_T002,R003_up,S022,2025-10-08 07:39:44,2025-10-08 07:41:21,17,6,8,2025-10-08,B011
R003_up_T002,R003_up,S015,2025-10-08 07:38:08,2025-10-08 07:40:47,12,11,0,2025-10-08,B011
R003_up_T002,R003_up,S046,2025-10-08 07:49:22,2025-10-08 07:51:45,20,5,5,2025-10-08,B011
R003_up_T002,R003_up,S033,2025-10-08 07:59:19,2025-10-08 08:00:56,17,5,6,2025-10-08,B011
R003_up_T002,R003_up,S011,2025-10-08 08:08:41,2025-10-08 08:09:48,13,1,7,2025-10-08,B011
R003_up_T002,R003_up,S024,2025-10-08 08:15:32,2025-10-08 08:17:41,15,3,7,2025-10-08,B011
R003_up_T002,R003_up,S003,2025-10-08 08:17:58,2025-10-08 08:19:21,13,9,-1,2025-10-08,B011
R003_up_T002,R003_up,S045,2025-10-08 08:33:59,2025-10-08 08:35:58,11,4,6,2025-10-08,B011
R003_up_T002,R003_up,S017,2025-10-08 08:36:02,2025-10-08 08:38:52,10,0,2,2025-10-08,B011
R003_up_T002,R003_up,S059,2025-10-08 08:46:12,2025-10-08 08:48:24,13,10,4,2025-10-08,B011
R003_up_T002,R003_up,S048,2025-10-08 08:52:13,2025-10-08 08:53:56,15,6,4,2025-10-08,B011
R003_up_T002,R003_up,S042,2025-10-08 08:58:49,2025-10-08 09:00:33,20,10,-1,2025-10-08,B011
R003_up_T002,R003_up,S037,2025-10-08 09:11:43,2025-10-08 09:14:26,14,4,1,2025-10-08,B011
R003_up_T003,R003_up,S053,2025-10-08 07:51:00,2025-10-08 07:53:08,14,5,7,2025-10-08,B016
R003_up_T003,R003_up,S022,2025-10-08 07:54:14,2025-10-08 07:55:33,10,8,0,2025-10-08,B016
R003_up_T003,R003_up,S015,2025-10-08 08:02:20,2025-10-08 08:04:34,16,9,1,2025-10-08,B016
R003_up_T003,R003_up,S046,2025-10-08 08:05:43,2025-10-08 08:08:32,11,5,-2,2025-10-08,B016
R003_up_T003,R003_up,S033,2025-10-08 08:15:10,2025-10-08 08:16:24,23,0,-2,2025-10-08,B016
R003_up_T003,R003_up,S011,2025-10-08 08:22:36,2025-10-08 08:25:14,2,1,-1,2025-10-08,B016
R003_up_T003,R003_up,S024,2025-10-08 08:36:30,2025-10-08 08:38:32,19,4,4,2025-10-08,B016
R003_up_T003,R003_up,S003,2025-10-08 08:49:30,2025-10-08 08:51:45,20,3,7,2025-10-08,B016
R003_up_T003,R003_up,S045,2025-10-08 08:51:53,2025-10-08 08:53:46,15,4,-1,2025-10-08,B016
R003_up_T003,R003_up,S017,2025-10-08 09:06:00,2025-10-08 09:08:40,16,5,7,2025-10-08,B016
R003_up_T003,R003_up,S059,2025-10-08 09:12:20,2025-10-08 09:13:49,17,8,5,2025-10-08,B016
R003_up_T003,R003_up,S048,2025-10-08 09:15:38,2025-10-08 09:17:16,20,5,2,2025-10-08,B016
R003_up_T003,R003_up,S042,2025-10-08 09:28:02,2025-10-08 09:29:31,12,2,4,2025-10-08,B016
R003_up_T003,R003_up,S037,2025-10-08 09:33:38,2025-10-08 09:36:20,22,2,1,2025-10-08,B016
R003_up_T004,R003_up,S053,2025-10-08 08:13:00,2025-10-08 08:15:47,15,3,5,2025-10-08,B016
R003_up_T004,R003_up,S022,2025-10-08 08:25:26,2025-10-08 08:27:11,15,2,7,2025-10-08,B016
R003_up_T004,R003_up,S015,2025-10-08 08:32:56,2025-10-08 08:34:21,13,10,7,2025-10-08,B016
R003_up_T004,R003_up,S046,2025-10-08 08:31:08,2025-10-08 08:33:22,14,6,0,2025-10-08,B016
R003_up_T004,R003_up,S033,2025-10-08 08:37:58,2025-10-08 08:39:00,16,6,-2,2025-10-08,B016
R003_up_T004,R003_up,S011,2025-10-08 08:52:42,2025-10-08 08:55:17,18,9,5,2025-10-08,B016
R003_up_T004,R003_up,S024,2025-10-08 08:59:47,2025-10-08 09:01:10,13,9,2,2025-10-08,B016
R003_up_T004,R003_up,S003,2025-10-08 09:10:05,2025-10-08 09:11:53,17,5,4,2025-10-08,B016
R003_up_T004,R003_up,S045,2025-10-08 09:17:24,2025-10-08 09:18:30,16,1,2,2025-10-08,B016
R003_up_T004,R003_up,S017,2025-10-08 09:19:59,2025-10-08 09:21:05,14,5,-1,2025-10-08,B016
R003_up_T004,R003_up,S059,2025-10-08 09:26:33,2025-10-08 09:28:22,17,3,-2,2025-10-08,B016
R003_up_T004,R003_up,S048,2025-10-08 09:43:01,2025-10-08 09:44:39,12,2,8,2025-10-08,B016
R003_up_T004,R003_up,S042,2025-10-08 09:51:53,2025-10-08 09:54:13,23,8,7,2025-10-08,B016
R003_up_T004,R003_up,S037,2025-10-08 09:57:09,2025-10-08 09:59:45,11,5,2,2025-10-08,B016
R003_up_T005,R003_up,S053,2025-10-08 08:32:00,2025-10-08 08:34:04,4,3,-1,2025-10-08,B020
R003_up_T005,R003_up,S022,2025-10-08 08:48:20,2025-10-08 08:50:53,21,7,6,2025-10-08,B020
R003_up_T005,R003_up,S015,2025-10-08 08:52:15,2025-10-08 08:55:05,11,4,3,2025-10-08,B020
R003_up_T005,R003_up,S046,2025-10-08 08:58:46,2025-10-08 09:01:19,12,7,2,2025-10-08,B020
R003_up_T005,R003_up,S033,2025-10-08 09:09:33,2025-10-08 09:11:05,7,3,5,2025-10-08,B020
R003_up_T005,R003_up,S011,2025-10-08 09:15:41,2025-10-08 09:18:11,17,1,4,2025-10-08,B020
R003_up_T005,R003_up,S024,2025-10-08 09:21:02,2025-10-08 09:23:40,21,8,0,2025-10-08,B020
R003_up_T005,R003_up,S003,2025-10-08 09:36:26,2025-10-08 09:38:39,18,10,5,2025-10-08,B020
R003_up_T005,R003_up,S045,2025-10-08 09:40:00,2025-10-08 09:41:03,19,7,-1,2025-10-08,B020
R003_up_T005,R003_up,S017,2025-10-08 09:45:57,2025-10-08 09:47:22,16,7,0,2025-10-08,B020
R003_up_T005,R003_up,S059,2025-10-08 10:01:01,2025-10-08 10:03:27,8,2,8,2025-10-08,B020
R003_up_T005,R003_up,S048,2025-10-08 09:58:53,2025-10-08 10:00:03,16,6,-1,2025-10-08,B020
R003_up_T005,R003_up,S042,2025-10-08 10:08:24,2025-10-08 10:11:03,15,3,-2,2025-10-08,B020
R003_up_T005,R003_up,S037,2025-10-08 10:19:31,2025-10-08 10:22:29,18,6,-1,2025-10-08,B020
R003_up_T006,R003_up,S053,2025-10-08 08:59:00,2025-10-08 09:01:00,14,1,6,2025-10-08,B006
R003_up_T006,R003_up,S022,2025-10-08 09:04:12,2025-10-08 09:06:23,13,7,1,2025-10-08,B006
R003_up_T006,R003_up,S015,2025-10-08 09:10:52,2025-10-08 09:13:37,18,7,0,2025-10-08,B006
R003_up_T006,R003_up,S046,2025-10-08 09:16:37,2025-10-08 09:19:11,18,3,-1,2025-10-08,B006
R003_up_T006,R003_up,S033,2025-10-08 09:33:30,2025-10-08 09:35:17,13,7,6,2025-10-08,B006
R003_up_T006,R003_up,S011,2025-10-08 09:35:44,2025-10-08 09:38:12,11,2,0,2025-10-08,B006
R003_up_T006,R003_up,S024,2025-10-08 09:43:52,2025-10-08 09:45:00,7,7,-1,2025-10-08,B006
R003_up_T006,R003_up,S003,2025-10-08 09:53:20,2025-10-08 09:55:14,5,5,-1,2025-10-08,B006
R003_up_T006,R003_up,S045,2025-10-08 10:08:02,2025-10-08 10:10:09,24,4,4,2025-10-08,B006
R003_up_T006,R003_up,S017,2025-10-08 10:10:56,2025-10-08 10:12:35,7,8,0,2025-10-08,B006
R003_up_T006,R003_up,S059,2025-10-08 10:26:59,2025-10-08 10:29:46,7,1,7,2025-10-08,B006
R003_up_T006,R003_up,S048,2025-10-08 10:28:29,2025-10-08 10:29:49,20,7,1,2025-10-08,B006
R003_up_T006,R003_up,S042,2025-10-08 10:41:13,2025-10-08 10:42:31,12,5,3,2025-10-08,B006
R003_up_T006,R003_up,S037,2025-10-08 10:55:25,2025-10-08 10:57:40,25,5,6,2025-10-08,B006
R003_up_T007,R003_up,S053,2025-10-08 09:25:00,2025-10-08 09:27:49,19,8,-1,2025-10-08,B006
R003_up_T007,R003_up,S022,2025-10-08 09:44:19,2025-10-08 09:45:45,19,7,7,2025-10-08,B006
R003_up_T007,R003_up,S015,2025-10-08 09:43:15,2025-10-08 09:44:55,20,5,0,2025-10-08,B006
R003_up_T007,R003_up,S046,2025-10-08 09:52:54,2025-10-08 09:54:47,15,6,4,2025-10-08,B006
R003_up_T007,R003_up,S033,2025-10-08 09:58:30,2025-10-08 10:00:52,19,3,2,2025-10-08,B006
R003_up_T007,R003_up,S011,2025-10-08 10:09:56,2025-10-08 10:12:27,9,2,4,2025-10-08,B006
R003_up_T007,R003_up,S024,2025-10-08 10:18:39,2025-10-08 10:20:36,15,5,3,2025-10-08,B006
R003_up_T007,R003_up,S003,2025-10-08 10:26:41,2025-10-08 10:29:30,22,6,1,2025-10-08,B006
R003_up_T007,R003_up,S045,2025-10-08 10:35:38,2025-10-08 10:38:22,14,1,0,2025-10-08,B006
R003_up_T007,R003_up,S017,2025-10-08 10:45:17,2025-10-08 10:47:14,19,3,2,2025-10-08,B006
R003_up_T007,R003_up,S059,2025-10-08 10:59:27,2025-10-08 11:01:54,15,6,7,2025-10-08,B006
R003_up_T007,R003_up,S048,2025-10-08 11:03:37,2025-10-08 11:05:28,16,3,4,2025-10-08,B006
R003_up_T007,R003_up,S042,2025-10-08 11:17:28,2025-10-08 11:18:47,10,8,6,2025-10-08,B006
R003_up_T007,R003_up,S037,2025-10-08 11:22:52,2025-10-08 11:25:34,6,12,1,2025-10-08,B006
R003_up_T008,R003_up,S053,2025-10-08 09:52:00,2025-10-08 09:53:58,15,8,3,2025-10-08,B001
R003_up_T008,R003_up,S022,2025-10-08 10:06:20,2025-10-08 10:07:45,14,7,7,2025-10-08,B001
R003_up_T008,R003_up,S015,2025-10-08 10:07:26,2025-10-08 10:09:54,13,8,2,2025-10-08,B001
R003_up_T008,R003_up,S046,2025-10-08 10:17:54,2025-10-08 10:20:30,15,5,5,2025-10-08,B001
R003_up_T008,R003_up,S033,2025-10-08 10:25:59,2025-10-08 10:28:37,19,5,4,2025-10-08,B001
R003_up_T008,R003_up,S011,2025-10-08 10:35:06,2025-10-08 10:37:29,27,1,5,2025-10-08,B001
R003_up_T008,R003_up,S024,2025-10-08 10:45:37,2025-10-08 10:48:22,13,7,8,2025-10-08,B001
R003_up_T008,R003_up,S003,2025-10-08 10:55:48,2025-10-08 10:58:20,18,8,7,2025-10-08,B001
R003_up_T008,R003_up,S045,2025-10-08 10:57:27,2025-10-08 10:58:46,23,7,0,2025-10-08,B001
R003_up_T008,R003_up,S017,2025-10-08 11:07:49,2025-10-08 11:09:15,8,8,5,2025-10-08,B001
R003_up_T008,R003_up,S059,2025-10-08 11:11:21,2025-10-08 11:13:36,10,6,0,2025-10-08,B001
R003_up_T008,R003_up,S048,2025-10-08 11:15:42,2025-10-08 11:17:30,5,10,-2,2025-10-08,B001
R003_up_T008,R003_up,S042,2025-10-08 11:32:01,2025-10-08 11:33:34,6,6,5,2025-10-08,B001
R003_up_T008,R003_up,S037,2025-10-08 11:44:09,2025-10-08 11:45:15,2,3,8,2025-10-08,B001
R003_up_T009,R003_up,S053,2025-10-08 10:13:00,2025-10-08 10:15:56,14,4,0,2025-10-08,B013
R003_up_T009,R003_up,S022,2025-10-08 10:26:41,2025-10-08 10:29:27,26,10,4,2025-10-08,B013
R003_up_T009,R003_up,S015,2025-10-08 10:30:45,2025-10-08 10:32:21,11,4,0,2025-10-08,B013
R003_up_T009,R003_up,S046,2025-10-08 10:39:57,2025-10-08 10:42:11,10,2,4,2025-10-08,B013
R003_up_T009,R003_up,S033,2025-10-08 10:49:59,2025-10-08 10:51:50,13,10,6,2025-10-08,B013
R003_up_T009,R003_up,S011,2025-10-08 10:53:38,2025-10-08 10:56:15,16,0,2,2025-10-08,B013
R003_up_T009,R003_up,S024,2025-10-08 10:59:13,2025-10-08 11:01:21,8,3,-1,2025-10-08,B013
R003_up_T009,R003_up,S003,2025-10-08 11:07:53,2025-10-08 11:10:06,8,10,-2,2025-10-08,B013
R003_up_T009,R003_up,S045,2025-10-08 11:22:23,2025-10-08 11:24:12,10,3,2,2025-10-08,B013
R003_up_T009,R003_up,S017,2025-10-08 11:32:13,2025-10-08 11:34:24,5,8,6,2025-10-08,B013
R003_up_T009,R003_up,S059,2025-10-08 11:33:52,2025-10-08 11:36:51,9,4,0,2025-10-08,B013
R003_up_T009,R003_up,S048,2025-10-08 11:47:48,2025-10-08 11:49:36,7,0,7,2025-10-08,B013
R003_up_T009,R003_up,S042,2025-10-08 11:55:45,2025-10-08 11:58:24,6,7,6,2025-10-08,B013
R003_up_T009,R003_up,S037,2025-10-08 12:07:08,2025-10-08 12:10:04,9,3,5,2025-10-08,B013
R003_up_T010,R003_up,S053,2025-10-08 11:04:00,2025-10-08 11:06:53,8,6,-1,2025-10-08,B015
R003_up_T010,R003_up,S022,2025-10-08 11:13:26,2025-10-08 11:16:06,6,1,-1,2025-10-08,B015
R003_up_T010,R003_up,S015,2025-10-08 11:25:34,2025-10-08 11:26:57,13,2,4,2025-10-08,B015
R003_up_T010,R003_up,S046,2025-10-08 11:33:56,2025-10-08 11:35:57,9,8,6,2025-10-08,B015
R003_up_T010,R003_up,S033,2025-10-08 11:36:41,2025-10-08 11:37:41,4,14,0,2025-10-08,B015
R003_up_T010,R003_up,S011,2025-10-08 11:48:52,2025-10-08 11:50:18,6,7,5,2025-10-08,B015
R003_up_T010,R003_up,S024,2025-10-08 11:55:36,2025-10-08 11:57:17,7,5,4,2025-10-08,B015
R003_up_T010,R003_up,S003,2025-10-08 12:07:56,2025-10-08 12:09:50,7,0,8,2025-10-08,B015
R003_up_T010,R003_up,S045,2025-10-08 12:13:51,2025-10-08 12:15:34,6,5,5,2025-10-08,B015
R003_up_T010,R003_up,S017,2025-10-08 12:13:12,2025-10-08 12:15:55,7,7,-2,2025-10-08,B015
R003_up_T010,R003_up,S059,2025-10-08 12:32:21,2025-10-08 12:34:30,11,4,7,2025-10-08,B015
R003_up_T010,R003_up,S048,2025-10-08 12:30:43,2025-10-08 12:32:36,5,3,-1,2025-10-08,B015
R003_up_T010,R003_up,S042,2025-10-08 12:46:27,2025-10-08 12:47:31,10,7,5,2025-10-08,B015
R003_up_T010,R003_up,S037,2025-10-08 12:55:48,2025-10-08 12:58:36,6,6,6,2025-10-08,B015
R003_up_T011,R003_up,S053,2025-10-08 12:41:00,2025-10-08 12:43:46,10,4,5,2025-10-08,B001
R003_up_T011,R003_up,S022,2025-10-08 12:52:26,2025-10-08 12:53:36,10,5,7,2025-10-08,B001
R003_up_T011,R003_up,S015,2025-10-08 12:55:01,2025-10-08 12:56:39,12,7,3,2025-10-08,B001
R003_up_T011,R003_up,S046,2025-10-08 12:55:43,2025-10-08 12:57:56,10,5,-2,2025-10-08,B001
R003_up_T011,R003_up,S033,2025-10-08 13:03:32,2025-10-08 13:05:16,9,7,-2,2025-10-08,B001
R003_up_T011,R003_up,S011,2025-10-08 13:18:54,2025-10-08 13:21:15,4,2,6,2025-10-08,B001
R003_up_T011,R003_up,S024,2025-10-08 13:24:35,2025-10-08 13:27:25,3,5,4,2025-10-08,B001
R003_up_T011,R003_up,S003,2025-10-08 13:33:36,2025-10-08 13:35:35,9,9,4,2025-10-08,B001
R003_up_T011,R003_up,S045,2025-10-08 13:44:54,2025-10-08 13:46:00,10,8,6,2025-10-08,B001
R003_up_T011,R003_up,S017,2025-10-08 13:44:29,2025-10-08 13:46:04,7,8,1,2025-10-08,B001
R003_up_T011,R003_up,S059,2025-10-08 13:55:42,2025-10-08 13:58:34,12,11,5,2025-10-08,B001
R003_up_T011,R003_up,S048,2025-10-08 14:05:20,2025-10-08 14:06:45,14,5,7,2025-10-08,B001
R003_up_T011,R003_up,S042,2025-10-08 14:11:12,2025-10-08 14:13:09,9,5,3,2025-10-08,B001
R003_up_T011,R003_up,S037,2025-10-08 14:19:56,2025-10-08 14:21:04,8,5,2,2025-10-08,B001
R003_up_T012,R003_up,S053,2025-10-08 14:49:00,2025-10-08 14:50:56,4,7,7,2025-10-08,B004
R003_up_T012,R003_up,S022,2025-10-08 14:53:12,2025-10-08 14:54:32,3,6,1,2025-10-08,B004
R003_up_T012,R003_up,S015,2025-10-08 15:05:28,2025-10-08 15:06:47,8,1,7,2025-10-08,B004
R003_up_T012,R003_up,S046,2025-10-08 15:05:45,2025-10-08 15:07:21,9,2,2,2025-10-08,B004
R003_up_T012,R003_up,S033,2025-10-08 15:15:53,2025-10-08 15:17:34,10,10,4,2025-10-08,B004
R003_up_T012,R003_up,S011,2025-10-08 15:27:00,2025-10-08 15:29:26,9,3,6,2025-10-08,B004
R003_up_T012,R003_up,S024,2025-10-08 15:31:46,2025-10-08 15:34:18,8,6,1,2025-10-08,B004
R003_up_T012,R003_up,S003,2025-10-08 15:44:49,2025-10-08 15:47:04,11,12,5,2025-10-08,B004
R003_up_T012,R003_up,S045,2025-10-08 15:51:01,2025-10-08 15:52:37,6,4,1,2025-10-08,B004
R003_up_T012,R003_up,S017,2025-10-08 15:54:06,2025-10-08 15:55:10,14,6,-1,2025-10-08,B004
R003_up_T012,R003_up,S059,2025-10-08 16:06:46,2025-10-08 16:07:52,9,3,4,2025-10-08,B004
R003_up_T012,R003_up,S048,2025-10-08 16:13:00,2025-10-08 16:15:04,5,8,5,2025-10-08,B004
R003_up_T012,R003_up,S042,2025-10-08 16:25:54,2025-10-08 16:28:41,6,9,7,2025-10-08,B004
R003_up_T012,R003_up,S037,2025-10-08 16:29:02,2025-10-08 16:30:32,4,4,-2,2025-10-08,B004
R003_up_T013,R003_up,S053,2025-10-08 16:08:00,2025-10-08 16:09:34,6,0,0,2025-10-08,B010
R003_up_T013,R003_up,S022,2025-10-08 16:15:36,2025-10-08 16:17:58,7,8,-2,2025-10-08,B010
R003_up_T013,R003_up,S015,2025-10-08 16:26:54,2025-10-08 16:28:48,5,6,1,2025-10-08,B010
R003_up_T013,R003_up,S046,2025-10-08 16:38:16,2025-10-08 16:39:32,6,8,7,2025-10-08,B010
R003_up_T013,R003_up,S033,2025-10-08 16:47:52,2025-10-08 16:48:55,10,4,8,2025-10-08,B010
R003_up_T013,R003_up,S011,2025-10-08 16:47:06,2025-10-08 16:48:25,10,3,-1,2025-10-08,B010
R003_up_T013,R003_up,S024,2025-10-08 16:57:47,2025-10-08 17:00:27,7,8,1,2025-10-08,B010
R003_up_T013,R003_up,S003,2025-10-08 17:09:21,2025-10-08 17:12:15,3,17,3,2025-10-08,B010
R003_up_T013,R003_up,S045,2025-10-08 17:23:47,2025-10-08 17:26:07,4,3,8,2025-10-08,B010
R003_up_T013,R003_up,S017,2025-10-08 17:28:49,2025-10-08 17:31:20,6,20,6,2025-10-08,B010
R003_up_T013,R003_up,S059,2025-10-08 17:39:27,2025-10-08 17:41:06,11,13,7,2025-10-08,B010
R003_up_T013,R003_up,S048,2025-10-08 17:40:56,2025-10-08 17:43:15,4,18,3,2025-10-08,B010
R003_up_T013,R003_up,S042,2025-10-08 17:55:59,2025-10-08 17:57:28,3,14,8,2025-10-08,B010
R003_up_T013,R003_up,S037,2025-10-08 17:57:50,2025-10-08 17:59:42,5,11,-1,2025-10-08,B010
R003_up_T014,R003_up,S053,2025-10-08 18:06:00,2025-10-08 18:07:21,5,11,0,2025-10-08,B022
R003_up_T014,R003_up,S022,2025-10-08 18:14:40,2025-10-08 18:16:59,3,18,1,2025-10-08,B022
R003_up_T014,R003_up,S015,2025-10-08 18:27:08,2025-10-08 18:28:53,3,12,6,2025-10-08,B022
R003_up_T014,R003_up,S046,2025-10-08 18:33:36,2025-10-08 18:35:36,2,9,6,2025-10-08,B022
R003_up_T014,R003_up,S033,2025-10-08 18:42:08,2025-10-08 18:44:31,8,16,6,2025-10-08,B022
R003_up_T014,R003_up,S011,2025-10-08 18:46:29,2025-10-08 18:49:04,5,11,2,2025-10-08,B022
R003_up_T014,R003_up,S024,2025-10-08 18:52:17,2025-10-08 18:55:10,5,25,-2,2025-10-08,B022
R003_up_T014,R003_up,S003,2025-10-08 19:13:45,2025-10-08 19:16:09,8,8,8,2025-10-08,B022
R003_up_T014,R003_up,S045,2025-10-08 19:12:10,2025-10-08 19:13:15,7,14,-2,2025-10-08,B022
R003_up_T014,R003_up,S017,2025-10-08 19:20:05,2025-10-08 19:22:47,8,10,0,2025-10-08,B022
R003_up_T014,R003_up,S059,2025-10-08 19:33:21,2025-10-08 19:35:54,10,23,4,2025-10-08,B022
R003_up_T014,R003_up,S048,2025-10-08 19:35:48,2025-10-08 19:38:01,2,7,0,2025-10-08,B022
R003_up_T014,R003_up,S042,2025-10-08 19:51:52,2025-10-08 19:53:31,6,4,5,2025-10-08,B022
R003_up_T014,R003_up,S037,2025-10-08 20:04:13,2025-10-08 20:06:01,10,18,7,2025-10-08,B022
R003_up_T015,R003_up,S053,2025-10-08 18:32:00,2025-10-08 18:34:42,11,12,5,2025-10-08,B017
R003_up_T015,R003_up,S022,2025-10-08 18:43:14,2025-10-08 18:45:29,11,13,6,2025-10-08,B017
R003_up_T015,R003_up,S015,2025-10-08 18:46:00,2025-10-08 18:47:02,11,15,2,2025-10-08,B017
R003_up_T015,R003_up,S046,2025-10-08 18:56:45,2025-10-08 18:59:41,4,15,8,2025-10-08,B017
R003_up_T015,R003_up,S033,2025-10-08 19:01:58,2025-10-08 19:03:02,5,15,4,2025-10-08,B017
R003_up_T015,R003_up,S011,2025-10-08 19:13:14,2025-10-08 19:14:43,8,15,8,2025-10-08,B017
R003_up_T015,R003_up,S024,2025-10-08 19:15:03,2025-10-08 19:17:52,3,7,3,2025-10-08,B017
R003_up_T015,R003_up,S003,2025-10-08 19:30:33,2025-10-08 19:32:15,6,19,8,2025-10-08,B017
R003_up_T015,R003_up,S045,2025-10-08 19:33:37,2025-10-08 19:36:35,4,9,2,2025-10-08,B017
R003_up_T015,R003_up,S017,2025-10-08 19:44:15,2025-10-08 19:47:07,4,16,5,2025-10-08,B017
R003_up_T015,R003_up,S059,2025-10-08 19:46:43,2025-10-08 19:49:33,6,3,-1,2025-10-08,B017
R003_up_T015,R003_up,S048,2025-10-08 19:59:23,2025-10-08 20:00:51,7,6,4,2025-10-08,B017
R003_up_T015,R003_up,S042,2025-10-08 20:07:07,2025-10-08 20:09:04,4,18,2,2025-10-08,B017
R003_up_T015,R003_up,S037,2025-10-08 20:20:02,2025-10-08 20:22:10,2,18,3,2025-10-08,B017
R003_up_T016,R003_up,S053,2025-10-08 18:54:00,2025-10-08 18:55:05,9,13,2,2025-10-08,B016
R003_up_T016,R003_up,S022,2025-10-08 19:06:52,2025-10-08 19:08:53,6,6,6,2025-10-08,B016
R003_up_T016,R003_up,S015,2025-10-08 19:11:10,2025-10-08 19:12:21,1,12,4,2025-10-08,B016
R003_up_T016,R003_up,S046,2025-10-08 19:10:50,2025-10-08 19:12:55,6,3,-2,2025-10-08,B016
R003_up_T016,R003_up,S033,2025-10-08 19:21:18,2025-10-08 19:23:45,11,13,1,2025-10-08,B016
R003_up_T016,R003_up,S011,2025-10-08 19:29:06,2025-10-08 19:31:45,1,13,1,2025-10-08,B016
R003_up_T016,R003_up,S024,2025-10-08 19:39:42,2025-10-08 19:40:45,5,17,3,2025-10-08,B016
R003_up_T016,R003_up,S003,2025-10-08 19:50:30,2025-10-08 19:51:42,8,19,4,2025-10-08,B016
R003_up_T016,R003_up,S045,2025-10-08 19:54:42,2025-10-08 19:56:10,5,17,-1,2025-10-08,B016
R003_up_T016,R003_up,S017,2025-10-08 20:05:50,2025-10-08 20:07:55,7,16,4,2025-10-08,B016
R003_up_T016,R003_up,S059,2025-10-08 20:16:30,2025-10-08 20:18:12,4,10,7,2025-10-08,B016
R003_up_T016,R003_up,S048,2025-10-08 20:18:11,2025-10-08 20:20:49,4,22,3,2025-10-08,B016
R003_up_T016,R003_up,S042,2025-10-08 20:25:56,2025-10-08 20:28:18,5,16,-1,2025-10-08,B016
R003_up_T016,R003_up,S037,2025-10-08 20:43:02,2025-10-08 20:45:35,7,3,6,2025-10-08,B016
R003_up_T017,R003_up,S053,2025-10-08 19:16:00,2025-10-08 19:17:48,8,19,3,2025-10-08,B022
R003_up_T017,R003_up,S022,2025-10-08 19:22:19,2025-10-08 19:24:16,9,16,0,2025-10-08,B022
R003_up_T017,R003_up,S015,2025-10-08 19:32:03,2025-10-08 19:34:24,4,17,3,2025-10-08,B022
R003_up_T017,R003_up,S046,2025-10-08 19:38:08,2025-10-08 19:41:07,2,6,3,2025-10-08,B022
R003_up_T017,R003_up,S033,2025-10-08 19:51:54,2025-10-08 19:54:00,2,13,7,2025-10-08,B022
R003_up_T017,R003_up,S011,2025-10-08 19:58:33,2025-10-08 20:00:28,6,0,6,2025-10-08,B022
R003_up_T017,R003_up,S024,2025-10-08 20:04:48,2025-10-08 20:06:17,7,12,5,2025-10-08,B022
R003_up_T017,R003_up,S003,2025-10-08 20:08:20,2025-10-08 20:11:08,8,16,0,2025-10-08,B022
R003_up_T017,R003_up,S045,2025-10-08 20:21:41,2025-10-08 20:23:11,6,14,2,2025-10-08,B022
R003_up_T017,R003_up,S017,2025-10-08 20:30:08,2025-10-08 20:31:08,4,15,4,2025-10-08,B022
R003_up_T017,R003_up,S059,2025-10-08 20:34:19,2025-10-08 20:36:26,7,14,2,2025-10-08,B022
R003_up_T017,R003_up,S048,2025-10-08 20:43:18,2025-10-08 20:46:03,5,4,5,2025-10-08,B022
R003_up_T017,R003_up,S042,2025-10-08 20:50:46,2025-10-08 20:53:31,3,8,0,2025-10-08,B022
R003_up_T017,R003_up,S037,2025-10-08 21:02:02,2025-10-08 21:03:51,13,7,1,2025-10-08,B022
R003_up_T018,R003_up,S053,2025-10-08 19:37:00,2025-10-08 19:38:56,6,10,8,2025-10-08,B009
R003_up_T018,R003_up,S022,2025-10-08 19:46:27,2025-10-08 19:47:36,0,15,7,2025-10-08,B009
R003_up_T018,R003_up,S015,2025-10-08 19:51:22,2025-10-08 19:52:26,4,10,5,2025-10-08,B009
R003_up_T018,R003_up,S046,2025-10-08 19:58:09,2025-10-08 19:59:29,5,10,6,2025-10-08,B009
R003_up_T018,R003_up,S033,2025-10-08 19:58:43,2025-10-08 20:00:13,7,13,0,2025-10-08,B009
R003_up_T018,R003_up,S011,2025-10-08 20:03:34,2025-10-08 20:05:23,5,6,-2,2025-10-08,B009
R003_up_T018,R003_up,S024,2025-10-08 20:19:22,2025-10-08 20:21:38,2,15,6,2025-10-08,B009
R003_up_T018,R003_up,S003,2025-10-08 20:32:00,2025-10-08 20:34:01,0,22,8,2025-10-08,B009
R003_up_T018,R003_up,S045,2025-10-08 20:34:16,2025-10-08 20:35:36,5,15,1,2025-10-08,B009
R003_up_T018,R003_up,S017,2025-10-08 20:42:03,2025-10-08 20:44:23,9,1,4,2025-10-08,B009
R003_up_T018,R003_up,S059,2025-10-08 20:45:56,2025-10-08 20:47:51,0,9,-1,2025-10-08,B009
R003_up_T018,R003_up,S048,2025-10-08 20:58:12,2025-10-08 20:59:12,10,14,5,2025-10-08,B009
R003_up_T018,R003_up,S042,2025-10-08 21:04:24,2025-10-08 21:05:54,2,20,3,2025-10-08,B009
R003_up_T018,R003_up,S037,2025-10-08 21:09:34,2025-10-08 21:11:54,13,9,-1,2025-10-08,B009
R003_up_T019,R003_up,S053,2025-10-08 19:55:00,2025-10-08 19:56:47,5,9,7,2025-10-08,B025
R003_up_T019,R003_up,S022,2025-10-08 20:05:42,2025-10-08 20:07:12,6,13,8,2025-10-08,B025
R003_up_T019,R003_up,S015,2025-10-08 20:02:57,2025-10-08 20:04:37,3,11,-1,2025-10-08,B025
R003_up_T019,R003_up,S046,2025-10-08 20:10:35,2025-10-08 20:12:12,3,17,1,2025-10-08,B025
R003_up_T019,R003_up,S033,2025-10-08 20:19:53,2025-10-08 20:21:07,8,12,2,2025-10-08,B025
R003_up_T019,R003_up,S011,2025-10-08 20:31:48,2025-10-08 20:33:29,3,11,7,2025-10-08,B025
R003_up_T019,R003_up,S024,2025-10-08 20:30:36,2025-10-08 20:32:24,6,22,-1,2025-10-08,B025
R003_up_T019,R003_up,S003,2025-10-08 20:39:52,2025-10-08 20:41:33,8,24,-1,2025-10-08,B025
R003_up_T019,R003_up,S045,2025-10-08 20:49:07,2025-10-08 20:51:23,4,11,-1,2025-10-08,B025
R003_up_T019,R003_up,S017,2025-10-08 20:57:57,2025-10-08 21:00:37,3,16,2,2025-10-08,B025
R003_up_T019,R003_up,S059,2025-10-08 21:02:51,2025-10-08 21:04:01,6,11,-2,2025-10-08,B025
R003_up_T019,R003_up,S048,2025-10-08 21:09:01,2025-10-08 21:11:52,7,19,-1,2025-10-08,B025
R003_up_T019,R003_up,S042,2025-10-08 21:28:13,2025-10-08 21:31:00,3,7,6,2025-10-08,B025
R003_up_T019,R003_up,S037,2025-10-08 21:40:45,2025-10-08 21:42:48,5,17,6,2025-10-08,B025
R003_up_T020,R003_up,S053,2025-10-08 20:38:00,2025-10-08 20:40:54,4,9,8,2025-10-08,B001
R003_up_T020,R003_up,S022,2025-10-08 20:36:51,2025-10-08 20:38:21,6,20,-2,2025-10-08,B001
R003_up_T020,R003_up,S015,2025-10-08 20:54:27,2025-10-08 20:57:06,6,10,8,2025-10-08,B001
R003_up_T020,R003_up,S046,2025-10-08 20:59:18,2025-10-08 21:01:47,2,18,6,2025-10-08,B001
R003_up_T020,R003_up,S033,2025-10-08 21:00:11,2025-10-08 21:02:00,3,6,-2,2025-10-08,B001
R003_up_T020,R003_up,S011,2025-10-08 21:11:51,2025-10-08 21:14:14,3,12,2,2025-10-08,B001
R003_up_T020,R003_up,S024,2025-10-08 21:17:12,2025-10-08 21:19:25,4,7,-1,2025-10-08,B001
R003_up_T020,R003_up,S003,2025-10-08 21:26:56,2025-10-08 21:27:57,4,11,-2,2025-10-08,B001
R003_up_T020,R003_up,S045,2025-10-08 21:44:17,2025-10-08 21:46:09,1,21,8,2025-10-08,B001
R003_up_T020,R003_up,S017,2025-10-08 21:39:33,2025-10-08 21:42:10,2,13,-2,2025-10-08,B001
R003_up_T020,R003_up,S059,2025-10-08 21:49:52,2025-10-08 21:51:36,7,14,0,2025-10-08,B001
R003_up_T020,R003_up,S048,2025-10-08 21:59:06,2025-10-08 22:00:17,7,16,3,2025-10-08,B001
R003_up_T020,R003_up,S042,2025-10-08 22:07:49,2025-10-08 22:10:43,8,16,3,2025-10-08,B001
R003_up_T020,R003_up,S037,2025-10-08 22:20:53,2025-10-08 22:22:20,7,10,5,2025-10-08,B001
R003_up_T021,R003_up,S053,2025-10-08 20:55:00,2025-10-08 20:57:27,5,14,7,2025-10-08,B010
R003_up_T021,R003_up,S022,2025-10-08 21:01:28,2025-10-08 21:02:51,5,6,5,2025-10-08,B010
R003_up_T021,R003_up,S015,2025-10-08 21:02:28,2025-10-08 21:05:08,3,17,0,2025-10-08,B010
R003_up_T021,R003_up,S046,2025-10-08 21:16:47,2025-10-08 21:18:33,7,16,8,2025-10-08,B010
R003_up_T021,R003_up,S033,2025-10-08 21:25:57,2025-10-08 21:28:14,2,13,8,2025-10-08,B010
R003_up_T021,R003_up,S011,2025-10-08 21:31:42,2025-10-08 21:34:41,5,8,6,2025-10-08,B010
R003_up_T021,R003_up,S024,2025-10-08 21:33:12,2025-10-08 21:34:51,5,19,-2,2025-10-08,B010
R003_up_T021,R003_up,S003,2025-10-08 21:49:25,2025-10-08 21:50:34,2,7,5,2025-10-08,B010
R003_up_T021,R003_up,S045,2025-10-08 21:55:06,2025-10-08 21:56:18,6,10,3,2025-10-08,B010
R003_up_T021,R003_up,S017,2025-10-08 21:55:24,2025-10-08 21:57:47,5,18,-2,2025-10-08,B010
R003_up_T021,R003_up,S059,2025-10-08 22:09:14,2025-10-08 22:10:32,3,22,3,2025-10-08,B010
R003_up_T021,R003_up,S048,2025-10-08 22:09:29,2025-10-08 22:10:31,7,11,-2,2025-10-08,B010
R003_up_T021,R003_up,S042,2025-10-08 22:19:32,2025-10-08 22:21:48,4,6,-2,2025-10-08,B010
R003_up_T021,R003_up,S037,2025-10-08 22:36:02,2025-10-08 22:38:24,6,13,5,2025-10-08,B010
R003_up_T022,R003_up,S053,2025-10-08 21:32:00,2025-10-08 21:34:23,9,6,1,2025-10-08,B003
R003_up_T022,R003_up,S022,2025-10-08 21:44:30,2025-10-08 21:45:53,6,12,5,2025-10-08,B003
R003_up_T022,R003_up,S015,2025-10-08 21:45:05,2025-10-08 21:46:41,8,17,-1,2025-10-08,B003
R003_up_T022,R003_up,S046,2025-10-08 21:55:16,2025-10-08 21:57:35,3,14,3,2025-10-08,B003
R003_up_T022,R003_up,S033,2025-10-08 22:07:47,2025-10-08 22:10:46,7,20,8,2025-10-08,B003
R003_up_T022,R003_up,S011,2025-10-08 22:14:14,2025-10-08 22:16:12,3,13,6,2025-10-08,B003
R003_up_T022,R003_up,S024,2025-10-08 22:16:38,2025-10-08 22:18:26,5,12,-1,2025-10-08,B003
R003_up_T022,R003_up,S003,2025-10-08 22:32:49,2025-10-08 22:35:43,5,17,7,2025-10-08,B003
R003_up_T022,R003_up,S045,2025-10-08 22:42:23,2025-10-08 22:44:29,4,12,6,2025-10-08,B003
R003_up_T022,R003_up,S017,2025-10-08 22:47:06,2025-10-08 22:49:43,2,13,5,2025-10-08,B003
R003_up_T022,R003_up,S059,2025-10-08 22:49:26,2025-10-08 22:51:28,5,15,-1,2025-10-08,B003
R003_up_T022,R003_up,S048,2025-10-08 22:54:41,2025-10-08 22:57:05,4,17,-2,2025-10-08,B003
R003_up_T022,R003_up,S042,2025-10-08 23:04:35,2025-10-08 23:07:18,11,4,-2,2025-10-08,B003
R003_up_T022,R003_up,S037,2025-10-08 23:23:23,2025-10-08 23:26:14,9,5,5,2025-10-08,B003
R003_down_T001,R003_down,S037,2025-10-08 05:31:00,2025-10-08 05:32:51,7,5,1,2025-10-08,B024
R003_down_T001,R003_down,S042,2025-10-08 05:45:46,2025-10-08 05:47:01,6,9,7,2025-10-08,B024
R003_down_T001,R003_down,S048,2025-10-08 05:47:23,2025-10-08 05:50:21,9,8,3,2025-10-08,B024
R003_down_T001,R003_down,S059,2025-10-08 05:51:15,2025-10-08 05:53:16,8,1,0,2025-10-08,B024
R003_down_T001,R003_down,S017,2025-10-08 06:04:37,2025-10-08 06:07:11,6,5,4,2025-10-08,B024
R003_down_T001,R003_down,S045,2025-10-08 06:08:14,2025-10-08 06:11:03,6,3,0,2025-10-08,B024
R003_down_T001,R003_down,S003,2025-10-08 06:18:18,2025-10-08 06:20:44,3,4,1,2025-10-08,B024
R003_down_T001,R003_down,S024,2025-10-08 06:22:20,2025-10-08 06:24:50,7,3,-1,2025-10-08,B024
R003_down_T001,R003_down,S011,2025-10-08 06:35:26,2025-10-08 06:37:59,10,3,2,2025-10-08,B024
R003_down_T001,R003_down,S033,2025-10-08 06:48:57,2025-10-08 06:50:16,5,9,7,2025-10-08,B024
R003_down_T001,R003_down,S046,2025-10-08 06:51:01,2025-10-08 06:53:37,6,7,2,2025-10-08,B024
R003_down_T001,R003_down,S015,2025-10-08 06:55:55,2025-10-08 06:57:36,13,6,-1,2025-10-08,B024
R003_down_T001,R003_down,S022,2025-10-08 07:13:54,2025-10-08 07:14:57,12,15,8,2025-10-08,B024
R003_down_T001,R003_down,S053,2025-10-08 07:16:42,2025-10-08 07:18:37,7,15,6,2025-10-08,B024
R003_down_T002,R003_down,S037,2025-10-08 06:58:00,2025-10-08 06:59:21,5,7,-2,2025-10-08,B013
R003_down_T002,R003_down,S042,2025-10-08 07:11:21,2025-10-08 07:12:47,8,12,1,2025-10-08,B013
R003_down_T002,R003_down,S048,2025-10-08 07:20:28,2025-10-08 07:23:17,2,13,4,2025-10-08,B013
R003_down_T002,R003_down,S059,2025-10-08 07:24:45,2025-10-08 07:27:41,5,19,2,2025-10-08,B013
R003_down_T002,R003_down,S017,2025-10-08 07:37:42,2025-10-08 07:39:22,6,19,5,2025-10-08,B013
R003_down_T002,R003_down,S045,2025-10-08 07:37:58,2025-10-08 07:40:08,5,15,-1,2025-10-08,B013
R003_down_T002,R003_down,S003,2025-10-08 07:48:17,2025-10-08 07:50:34,12,13,0,2025-10-08,B013
R003_down_T002,R003_down,S024,2025-10-08 08:02:12,2025-10-08 08:03:22,7,8,7,2025-10-08,B013
R003_down_T002,R003_down,S011,2025-10-08 08:02:55,2025-10-08 08:05:35,5,11,-2,2025-10-08,B013
R003_down_T002,R003_down,S033,2025-10-08 08:21:37,2025-10-08 08:23:03,9,11,8,2025-10-08,B013
R003_down_T002,R003_down,S046,2025-10-08 08:25:21,2025-10-08 08:27:47,5,16,4,2025-10-08,B013
R003_down_T002,R003_down,S015,2025-10-08 08:26:08,2025-10-08 08:27:27,0,12,-2,2025-10-08,B013
R003_down_T002,R003_down,S022,2025-10-08 08:40:11,2025-10-08 08:42:30,6,16,2,2025-10-08,B013
R003_down_T002,R003_down,S053,2025-10-08 08:51:55,2025-10-08 08:53:16,2,22,7,2025-10-08,B013
R003_down_T003,R003_down,S037,2025-10-08 07:28:00,2025-10-08 07:29:37,3,9,3,2025-10-08,B025
R003_down_T003,R003_down,S042,2025-10-08 07:37:48,2025-10-08 07:40:02,0,12,2,2025-10-08,B025
R003_down_T003,R003_down,S048,2025-10-08 07:45:55,2025-10-08 07:47:16,6,9,3,2025-10-08,B025
R003_down_T003,R003_down,S059,2025-10-08 07:52:29,2025-10-08 07:54:18,5,12,4,2025-10-08,B025
R003_down_T003,R003_down,S017,2025-10-08 07:55:29,2025-10-08 07:57:50,4,10,0,2025-10-08,B025
R003_down_T003,R003_down,S045,2025-10-08 08:03:50,2025-10-08 08:05:10,3,15,1,2025-10-08,B025
R003_down_T003,R003_down,S003,2025-10-08 08:18:05,2025-10-08 08:20:15,9,21,7,2025-10-08,B025
R003_down_T003,R003_down,S024,2025-10-08 08:17:40,2025-10-08 08:19:46,0,18,0,2025-10-08,B025
R003_down_T003,R003_down,S011,2025-10-08 08:31:35,2025-10-08 08:34:29,6,12,4,2025-10-08,B025
R003_down_T003,R003_down,S033,2025-10-08 08:38:57,2025-10-08 08:41:46,7,11,3,2025-10-08,B025
R003_down_T003,R003_down,S046,2025-10-08 08:46:39,2025-10-08 08:47:51,7,13,1,2025-10-08,B025
R003_down_T003,R003_down,S015,2025-10-08 09:00:12,2025-10-08 09:01:34,4,18,8,2025-10-08,B025
R003_down_T003,R003_down,S022,2025-10-08 09:06:06,2025-10-08 09:08:43,5,17,4,2025-10-08,B025
R003_down_T003,R003_down,S053,2025-10-08 09:15:09,2025-10-08 09:16:42,9,5,6,2025-10-08,B025
R003_down_T004,R003_down,S037,2025-10-08 08:39:00,2025-10-08 08:40:06,0,11,6,2025-10-08,B010
R003_down_T004,R003_down,S042,2025-10-08 08:51:06,2025-10-08 08:52:20,0,17,7,2025-10-08,B010
R003_down_T004,R003_down,S048,2025-10-08 08:56:16,2025-10-08 08:58:39,3,14,6,2025-10-08,B010
R003_down_T004,R003_down,S059,2025-10-08 09:03:04,2025-10-08 09:05:42,5,13,6,2025-10-08,B010
R003_down_T004,R003_down,S017,2025-10-08 09:04:07,2025-10-08 09:05:37,7,18,-2,2025-10-08,B010
R003_down_T004,R003_down,S045,2025-10-08 09:10:18,2025-10-08 09:11:42,10,10,-2,2025-10-08,B010
R003_down_T004,R003_down,S003,2025-10-08 09:25:34,2025-10-08 09:27:55,6,9,5,2025-10-08,B010
R003_down_T004,R003_down,S024,2025-10-08 09:29:31,2025-10-08 09:30:44,4,15,3,2025-10-08,B010
R003_down_T004,R003_down,S011,2025-10-08 09:39:47,2025-10-08 09:41:34,7,14,6,2025-10-08,B010
R003_down_T004,R003_down,S033,2025-10-08 09:46:50,2025-10-08 09:47:56,3,18,5,2025-10-08,B010
R003_down_T004,R003_down,S046,2025-10-08 09:51:22,2025-10-08 09:53:27,4,11,2,2025-10-08,B010
R003_down_T004,R003_down,S015,2025-10-08 09:58:57,2025-10-08 10:01:39,8,14,3,2025-10-08,B010
R003_down_T004,R003_down,S022,2025-10-08 10:06:19,2025-10-08 10:08:23,11,15,0,2025-10-08,B010
R003_down_T004,R003_down,S053,2025-10-08 10:14:38,2025-10-08 10:16:13,6,8,2,2025-10-08,B010
R003_down_T005,R003_down,S037,2025-10-08 10:40:00,2025-10-08 10:42:56,6,15,8,2025-10-08,B004
R003_down_T005,R003_down,S042,2025-10-08 10:47:57,2025-10-08 10:50:02,6,17,5,2025-10-08,B004
R003_down_T005,R003_down,S048,2025-10-08 10:54:18,2025-10-08 10:56:24,4,19,5,2025-10-08,B004
R003_down_T005,R003_down,S059,2025-10-08 10:57:18,2025-10-08 10:59:21,8,17,1,2025-10-08,B004
R003_down_T005,R003_down,S017,2025-10-08 11:03:44,2025-10-08 11:05:10,8,6,-2,2025-10-08,B004
R003_down_T005,R003_down,S045,2025-10-08 11:16:15,2025-10-08 11:18:32,15,2,3,2025-10-08,B004
R003_down_T005,R003_down,S003,2025-10-08 11:22:58,2025-10-08 11:24:20,9,6,1,2025-10-08,B004
R003_down_T005,R003_down,S024,2025-10-08 11:26:15,2025-10-08 11:28:10,4,4,-1,2025-10-08,B004
R003_down_T005,R003_down,S011,2025-10-08 11:36:36,2025-10-08 11:39:33,6,0,1,2025-10-08,B004
R003_down_T005,R003_down,S033,2025-10-08 11:50:55,2025-10-08 11:53:07,9,8,7,2025-10-08,B004
R003_down_T005,R003_down,S046,2025-10-08 11:52:57,2025-10-08 11:54:11,9,7,0,2025-10-08,B004
R003_down_T005,R003_down,S015,2025-10-08 11:58:18,2025-10-08 12:00:48,5,8,-1,2025-10-08,B004
R003_down_T005,R003_down,S022,2025-10-08 12:17:33,2025-10-08 12:20:11,5,6,8,2025-10-08,B004
R003_down_T005,R003_down,S053,2025-10-08 12:20:26,2025-10-08 12:21:37,5,6,4,2025-10-08,B004
R003_down_T006,R003_down,S037,2025-10-08 11:22:00,2025-10-08 11:23:04,10,0,3,2025-10-08,B010
R003_down_T006,R003_down,S042,2025-10-08 11:30:53,2025-10-08 11:32:35,14,5,3,2025-10-08,B010
R003_down_T006,R003_down,S048,2025-10-08 11:37:39,2025-10-08 11:40:03,9,4,3,2025-10-08,B010
R003_down_T006,R003_down,S059,2025-10-08 11:40:08,2025-10-08 11:41:17,6,3,-1,2025-10-08,B010
R003_down_T006,R003_down,S017,2025-10-08 11:52:33,2025-10-08 11:55:24,6,6,3,2025-10-08,B010
R003_down_T006,R003_down,S045,2025-10-08 11:58:32,2025-10-08 12:00:48,7,8,1,2025-10-08,B010
R003_down_T006,R003_down,S003,2025-10-08 12:03:55,2025-10-08 12:06:11,8,6,-1,2025-10-08,B010
R003_down_T006,R003_down,S024,2025-10-08 12:15:58,2025-10-08 12:18:56,8,8,5,2025-10-08,B010
R003_down_T006,R003_down,S011,2025-10-08 12:20:10,2025-10-08 12:22:14,14,5,0,2025-10-08,B010
R003_down_T006,R003_down,S033,2025-10-08 12:33:38,2025-10-08 12:36:12,3,9,6,2025-10-08,B010
R003_down_T006,R003_down,S046,2025-10-08 12:34:41,2025-10-08 12:36:15,7,5,-2,2025-10-08,B010
R003_down_T006,R003_down,S015,2025-10-08 12:44:29,2025-10-08 12:47:06,9,8,0,2025-10-08,B010
R003_down_T006,R003_down,S022,2025-10-08 13:01:27,2025-10-08 13:04:06,8,6,7,2025-10-08,B010
R003_down_T006,R003_down,S053,2025-10-08 13:09:25,2025-10-08 13:11:59,8,9,8,2025-10-08,B010
R003_down_T007,R003_down,S037,2025-10-08 11:50:00,2025-10-08 11:52:00,9,3,-2,2025-10-08,B004
R003_down_T007,R003_down,S042,2025-10-08 12:04:43,2025-10-08 12:06:17,6,4,1,2025-10-08,B004
R003_down_T007,R003_down,S048,2025-10-08 12:13:16,2025-10-08 12:14:27,5,10,3,2025-10-08,B004
R003_down_T007,R003_down,S059,2025-10-08 12:23:04,2025-10-08 12:25:01,9,3,7,2025-10-08,B004
R003_down_T007,R003_down,S017,2025-10-08 12:24:05,2025-10-08 12:26:55,9,7,-1,2025-10-08,B004
R003_down_T007,R003_down,S045,2025-10-08 12:35:10,2025-10-08 12:37:41,7,7,2,2025-10-08,B004
R003_down_T007,R003_down,S003,2025-10-08 12:44:20,2025-10-08 12:47:07,9,2,3,2025-10-08,B004
R003_down_T007,R003_down,S024,2025-10-08 12:46:29,2025-10-08 12:47:54,6,7,-2,2025-10-08,B004
R003_down_T007,R003_down,S011,2025-10-08 13:02:00,2025-10-08 13:04:30,5,5,5,2025-10-08,B004
R003_down_T007,R003_down,S033,2025-10-08 13:05:06,2025-10-08 13:08:01,6,7,-1,2025-10-08,B004
R003_down_T007,R003_down,S046,2025-10-08 13:13:46,2025-10-08 13:15:50,8,2,-1,2025-10-08,B004
R003_down_T007,R003_down,S015,2025-10-08 13:22:52,2025-10-08 13:24:44,7,7,0,2025-10-08,B004
R003_down_T007,R003_down,S022,2025-10-08 13:30:22,2025-10-08 13:32:01,7,6,-2,2025-10-08,B004
R003_down_T007,R003_down,S053,2025-10-08 13:43:12,2025-10-08 13:45:46,8,0,5,2025-10-08,B004
R003_down_T008,R003_down,S037,2025-10-08 12:38:00,2025-10-08 12:39:40,8,10,5,2025-10-08,B005
R003_down_T008,R003_down,S042,2025-10-08 12:47:11,2025-10-08 12:49:52,4,7,3,2025-10-08,B005
R003_down_T008,R003_down,S048,2025-10-08 12:50:24,2025-10-08 12:53:18,7,4,-1,2025-10-08,B005
R003_down_T008,R003_down,S059,2025-10-08 13:01:37,2025-10-08 13:02:51,12,8,3,2025-10-08,B005
R003_down_T008,R003_down,S017,2025-10-08 13:08:05,2025-10-08 13:09:08,5,9,2,2025-10-08,B005
R003_down_T008,R003_down,S045,2025-10-08 13:15:08,2025-10-08 13:16:13,9,3,3,2025-10-08,B005
R003_down_T008,R003_down,S003,2025-10-08 13:20:42,2025-10-08 13:22:18,9,3,1,2025-10-08,B005
R003_down_T008,R003_down,S024,2025-10-08 13:34:12,2025-10-08 13:35:45,6,8,8,2025-10-08,B005
R003_down_T008,R003_down,S011,2025-10-08 13:39:30,2025-10-08 13:42:15,8,1,4,2025-10-08,B005
R003_down_T008,R003_down,S033,2025-10-08 13:45:08,2025-10-08 13:47:26,11,7,0,2025-10-08,B005
R003_down_T008,R003_down,S046,2025-10-08 13:55:15,2025-10-08 13:57:11,10,4,1,2025-10-08,B005
R003_down_T008,R003_down,S015,2025-10-08 14:08:31,2025-10-08 14:10:43,11,6,7,2025-10-08,B005
R003_down_T008,R003_down,S022,2025-10-08 14:16:52,2025-10-08 14:19:24,4,7,7,2025-10-08,B005
R003_down_T008,R003_down,S053,2025-10-08 14:19:15,2025-10-08 14:20:24,6,6,2,2025-10-08,B005
R003_down_T009,R003_down,S037,2025-10-08 13:29:00,2025-10-08 13:31:16,11,1,6,2025-10-08,B014
R003_down_T009,R003_down,S042,2025-10-08 13:41:27,2025-10-08 13:42:40,7,4,8,2025-10-08,B014
R003_down_T009,R003_down,S048,2025-10-08 13:40:05,2025-10-08 13:42:22,12,5,1,2025-10-08,B014
R003_down_T009,R003_down,S059,2025-10-08 13:46:05,2025-10-08 13:48:18,12,9,1,2025-10-08,B014
R003_down_T009,R003_down,S017,2025-10-08 13:56:41,2025-10-08 13:59:17,8,6,3,2025-10-08,B014
R003_down_T009,R003_down,S045,2025-10-08 14:07:28,2025-10-08 14:10:12,4,3,5,2025-10-08,B014
R003_down_T009,R003_down,S003,2025-10-08 14:14:31,2025-10-08 14:17:30,0,0,2,2025-10-08,B014
R003_down_T009,R003_down,S024,2025-10-08 14:26:11,2025-10-08 14:29:07,8,1,6,2025-10-08,B014
R003_down_T009,R003_down,S011,2025-10-08 14:35:49,2025-10-08 14:37:36,9,6,6,2025-10-08,B014
R003_down_T009,R003_down,S033,2025-10-08 14:43:33,2025-10-08 14:45:22,5,2,5,2025-10-08,B014
R003_down_T009,R003_down,S046,2025-10-08 14:43:58,2025-10-08 14:46:26,3,8,-2,2025-10-08,B014
R003_down_T009,R003_down,S015,2025-10-08 14:59:28,2025-10-08 15:02:23,6,7,6,2025-10-08,B014
R003_down_T009,R003_down,S022,2025-10-08 15:01:59,2025-10-08 15:03:13,11,3,-2,2025-10-08,B014
R003_down_T009,R003_down,S053,2025-10-08 15:16:42,2025-10-08 15:18:17,14,11,8,2025-10-08,B014
R003_down_T010,R003_down,S037,2025-10-08 15:13:00,2025-10-08 15:14:29,12,8,8,2025-10-08,B005
R003_down_T010,R003_down,S042,2025-10-08 15:22:01,2025-10-08 15:23:15,5,4,7,2025-10-08,B005
R003_down_T010,R003_down,S048,2025-10-08 15:21:44,2025-10-08 15:23:03,9,9,1,2025-10-08,B005
R003_down_T010,R003_down,S059,2025-10-08 15:33:41,2025-10-08 15:35:08,7,2,7,2025-10-08,B005
R003_down_T010,R003_down,S017,2025-10-08 15:39:22,2025-10-08 15:41:43,11,2,5,2025-10-08,B005
R003_down_T010,R003_down,S045,2025-10-08 15:43:56,2025-10-08 15:45:46,7,6,2,2025-10-08,B005
R003_down_T010,R003_down,S003,2025-10-08 15:57:15,2025-10-08 16:00:02,7,7,7,2025-10-08,B005
R003_down_T010,R003_down,S024,2025-10-08 16:00:41,2025-10-08 16:02:02,8,10,3,2025-10-08,B005
R003_down_T010,R003_down,S011,2025-10-08 16:12:26,2025-10-08 16:15:14,10,10,6,2025-10-08,B005
R003_down_T010,R003_down,S033,2025-10-08 16:18:44,2025-10-08 16:19:58,10,8,2,2025-10-08,B005
R003_down_T010,R003_down,S046,2025-10-08 16:26:11,2025-10-08 16:28:34,9,6,1,2025-10-08,B005
R003_down_T010,R003_down,S015,2025-10-08 16:31:18,2025-10-08 16:33:57,1,8,-2,2025-10-08,B005
R003_down_T010,R003_down,S022,2025-10-08 16:51:13,2025-10-08 16:52:29,12,5,7,2025-10-08,B005
R003_down_T010,R003_down,S053,2025-10-08 16:58:05,2025-10-08 17:00:10,7,4,8,2025-10-08,B005
R003_down_T011,R003_down,S037,2025-10-08 16:46:00,2025-10-08 16:47:24,7,6,-2,2025-10-08,B017
R003_down_T011,R003_down,S042,2025-10-08 17:00:59,2025-10-08 17:03:06,7,1,3,2025-10-08,B017
R003_down_T011,R003_down,S048,2025-10-08 17:06:19,2025-10-08 17:09:09,9,10,0,2025-10-08,B017
R003_down_T011,R003_down,S059,2025-10-08 17:17:28,2025-10-08 17:18:55,17,7,4,2025-10-08,B017
R003_down_T011,R003_down,S017,2025-10-08 17:29:58,2025-10-08 17:31:45,19,5,8,2025-10-08,B017
R003_down_T011,R003_down,S045,2025-10-08 17:27:20,2025-10-08 17:28:37,11,6,-1,2025-10-08,B017
R003_down_T011,R003_down,S003,2025-10-08 17:43:18,2025-10-08 17:45:25,26,7,8,2025-10-08,B017
R003_down_T011,R003_down,S024,2025-10-08 17:43:52,2025-10-08 17:46:32,0,7,3,2025-10-08,B017
R003_down_T011,R003_down,S011,2025-10-08 17:52:38,2025-10-08 17:55:01,10,3,1,2025-10-08,B017
R003_down_T011,R003_down,S033,2025-10-08 18:02:49,2025-10-08 18:05:25,18,4,3,2025-10-08,B017
R003_down_T011,R003_down,S046,2025-10-08 18:12:37,2025-10-08 18:15:35,14,8,3,2025-10-08,B017
R003_down_T011,R003_down,S015,2025-10-08 18:15:57,2025-10-08 18:17:33,7,5,-1,2025-10-08,B017
R003_down_T011,R003_down,S022,2025-10-08 18:27:37,2025-10-08 18:29:24,15,9,3,2025-10-08,B017
R003_down_T011,R003_down,S053,2025-10-08 18:29:24,2025-10-08 18:31:26,9,6,-1,2025-10-08,B017
R003_down_T012,R003_down,S037,2025-10-08 17:41:00,2025-10-08 17:43:22,18,1,-1,2025-10-08,B009
R003_down_T012,R003_down,S042,2025-10-08 17:58:57,2025-10-08 18:01:29,12,7,7,2025-10-08,B009
R003_down_T012,R003_down,S048,2025-10-08 17:56:48,2025-10-08 17:59:08,19,6,-2,2025-10-08,B009
R003_down_T012,R003_down,S059,2025-10-08 18:09:37,2025-10-08 18:11:07,19,3,4,2025-10-08,B009
R003_down_T012,R003_down,S017,2025-10-08 18:17:45,2025-10-08 18:18:55,16,5,5,2025-10-08,B009
R003_down_T012,R003_down,S045,2025-10-08 18:25:56,2025-10-08 18:27:18,12,10,7,2025-10-08,B009
R003_down_T012,R003_down,S003,2025-10-08 18:23:59,2025-10-08 18:26:25,8,6,-2,2025-10-08,B009
R003_down_T012,R003_down,S024,2025-10-08 18:34:55,2025-10-08 18:36:27,16,5,2,2025-10-08,B009
R003_down_T012,R003_down,S011,2025-10-08 18:40:18,2025-10-08 18:42:50,12,11,-1,2025-10-08,B009
R003_down_T012,R003_down,S033,2025-10-08 18:52:06,2025-10-08 18:53:46,15,3,2,2025-10-08,B009
R003_down_T012,R003_down,S046,2025-10-08 18:59:56,2025-10-08 19:02:43,13,8,1,2025-10-08,B009
R003_down_T012,R003_down,S015,2025-10-08 19:14:34,2025-10-08 19:17:16,16,8,8,2025-10-08,B009
R003_down_T012,R003_down,S022,2025-10-08 19:19:40,2025-10-08 19:21:39,17,2,2,2025-10-08,B009
R003_down_T012,R003_down,S053,2025-10-08 19:28:48,2025-10-08 19:29:58,10,9,5,2025-10-08,B009
R003_down_T013,R003_down,S037,2025-10-08 18:25:00,2025-10-08 18:26:12,14,7,-1,2025-10-08,B021
R003_down_T013,R003_down,S042,2025-10-08 18:43:48,2025-10-08 18:45:00,4,12,7,2025-10-08,B021
R003_down_T013,R003_down,S048,2025-10-08 18:49:17,2025-10-08 18:51:11,15,3,6,2025-10-08,B021
R003_down_T013,R003_down,S059,2025-10-08 18:49:09,2025-10-08 18:50:37,18,6,-1,2025-10-08,B021
R003_down_T013,R003_down,S017,2025-10-08 19:04:07,2025-10-08 19:05:19,22,9,7,2025-10-08,B021
R003_down_T013,R003_down,S045,2025-10-08 19:10:41,2025-10-08 19:11:55,10,2,7,2025-10-08,B021
R003_down_T013,R003_down,S003,2025-10-08 19:15:07,2025-10-08 19:16:22,24,4,4,2025-10-08,B021
R003_down_T013,R003_down,S024,2025-10-08 19:22:56,2025-10-08 19:24:11,11,5,6,2025-10-08,B021
R003_down_T013,R003_down,S011,2025-10-08 19:26:37,2025-10-08 19:28:39,22,5,1,2025-10-08,B021
R003_down_T013,R003_down,S033,2025-10-08 19:33:55,2025-10-08 19:36:29,8,1,-1,2025-10-08,B021
R003_down_T013,R003_down,S046,2025-10-08 19:42:33,2025-10-08 19:45:14,16,7,-1,2025-10-08,B021
R003_down_T013,R003_down,S015,2025-10-08 19:58:27,2025-10-08 20:01:15,15,5,6,2025-10-08,B021
R003_down_T013,R003_down,S022,2025-10-08 20:07:37,2025-10-08 20:09:06,11,4,4,2025-10-08,B021
R003_down_T013,R003_down,S053,2025-10-08 20:10:32,2025-10-08 20:12:41,13,6,1,2025-10-08,B021
R003_down_T014,R003_down,S037,2025-10-08 18:51:00,2025-10-08 18:53:48,5,7,2,2025-10-08,B015
R003_down_T014,R003_down,S042,2025-10-08 18:59:13,2025-10-08 19:02:06,8,9,-2,2025-10-08,B015
R003_down_T014,R003_down,S048,2025-10-08 19:15:45,2025-10-08 19:18:00,20,4,6,2025-10-08,B015
R003_down_T014,R003_down,S059,2025-10-08 19:23:42,2025-10-08 19:25:34,12,8,8,2025-10-08,B015
R003_down_T014,R003_down,S017,2025-10-08 19:26:46,2025-10-08 19:28:32,18,5,2,2025-10-08,B015
R003_down_T014,R003_down,S045,2025-10-08 19:34:41,2025-10-08 19:37:15,12,6,2,2025-10-08,B015
R003_down_T014,R003_down,S003,2025-10-08 19:42:32,2025-10-08 19:43:59,17,7,1,2025-10-08,B015
R003_down_T014,R003_down,S024,2025-10-08 19:53:12,2025-10-08 19:55:11,16,5,6,2025-10-08,B015
R003_down_T014,R003_down,S011,2025-10-08 19:56:29,2025-10-08 19:57:48,18,5,1,2025-10-08,B015
R003_down_T014,R003_down,S033,2025-10-08 20:06:40,2025-10-08 20:07:42,22,4,3,2025-10-08,B015
R003_down_T014,R003_down,S046,2025-10-08 20:11:10,2025-10-08 20:13:06,7,10,1,2025-10-08,B015
R003_down_T014,R003_down,S015,2025-10-08 20:18:48,2025-10-08 20:21:02,19,9,1,2025-10-08,B015
R003_down_T014,R003_down,S022,2025-10-08 20:30:17,2025-10-08 20:32:24,22,0,4,2025-10-08,B015
R003_down_T014,R003_down,S053,2025-10-08 20:31:58,2025-10-08 20:34:04,23,7,0,2025-10-08,B015
R003_down_T015,R003_down,S037,2025-10-08 19:13:00,2025-10-08 19:15:26,20,7,2,2025-10-08,B002
R003_down_T015,R003_down,S042,2025-10-08 19:26:27,2025-10-08 19:27:31,8,2,6,2025-10-08,B002
R003_down_T015,R003_down,S048,2025-10-08 19:34:19,2025-10-08 19:37:13,16,9,8,2025-10-08,B002
R003_down_T015,R003_down,S059,2025-10-08 19:40:03,2025-10-08 19:41:09,9,10,6,2025-10-08,B002
R003_down_T015,R003_down,S017,2025-10-08 19:39:37,2025-10-08 19:41:30,11,2,-2,2025-10-08,B002
R003_down_T015,R003_down,S045,2025-10-08 19:46:25,2025-10-08 19:47:43,9,2,-2,2025-10-08,B002
R003_down_T015,R003_down,S003,2025-10-08 20:05:00,2025-10-08 20:06:36,22,5,8,2025-10-08,B002
R003_down_T015,R003_down,S024,2025-10-08 20:05:05,2025-10-08 20:07:47,17,3,3,2025-10-08,B002
R003_down_T015,R003_down,S011,2025-10-08 20:19:18,2025-10-08 20:21:25,13,6,8,2025-10-08,B002
R003_down_T015,R003_down,S033,2025-10-08 20:26:33,2025-10-08 20:28:24,16,5,8,2025-10-08,B002
R003_down_T015,R003_down,S046,2025-10-08 20:32:17,2025-10-08 20:33:30,16,4,5,2025-10-08,B002
R003_down_T015,R003_down,S015,2025-10-08 20:34:02,2025-10-08 20:36:52,15,9,1,2025-10-08,B002
R003_down_T015,R003_down,S022,2025-10-08 20:47:08,2025-10-08 20:48:45,15,9,3,2025-10-08,B002
R003_down_T015,R003_down,S053,2025-10-08 20:56:24,2025-10-08 20:58:09,7,5,6,2025-10-08,B002
R003_down_T016,R003_down,S037,2025-10-08 19:41:00,2025-10-08 19:42:31,10,11,5,2025-10-08,B003
R003_down_T016,R003_down,S042,2025-10-08 19:53:48,2025-10-08 19:54:53,19,3,7,2025-10-08,B003
R003_down_T016,R003_down,S048,2025-10-08 19:50:35,2025-10-08 19:52:11,16,0,-2,2025-10-08,B003
R003_down_T016,R003_down,S059,2025-10-08 20:03:12,2025-10-08 20:04:40,6,8,5,2025-10-08,B003
R003_down_T016,R003_down,S017,2025-10-08 20:04:12,2025-10-08 20:06:19,12,9,-1,2025-10-08,B003
R003_down_T016,R003_down,S045,2025-10-08 20:14:52,2025-10-08 20:16:55,18,6,2,2025-10-08,B003
R003_down_T016,R003_down,S003,2025-10-08 20:26:12,2025-10-08 20:27:38,24,2,6,2025-10-08,B003
R003_down_T016,R003_down,S024,2025-10-08 20:28:22,2025-10-08 20:30:16,16,4,2,2025-10-08,B003
R003_down_T016,R003_down,S011,2025-10-08 20:43:52,2025-10-08 20:46:09,12,8,7,2025-10-08,B003
R003_down_T016,R003_down,S033,2025-10-08 20:43:11,2025-10-08 20:45:29,9,4,-2,2025-10-08,B003
R003_down_T016,R003_down,S046,2025-10-08 20:53:47,2025-10-08 20:56:21,8,5,-1,2025-10-08,B003
R003_down_T016,R003_down,S015,2025-10-08 21:03:14,2025-10-08 21:06:00,13,8,1,2025-10-08,B003
R003_down_T016,R003_down,S022,2025-10-08 21:14:03,2025-10-08 21:16:16,28,10,3,2025-10-08,B003
R003_down_T016,R003_down,S053,2025-10-08 21:22:53,2025-10-08 21:25:40,13,2,5,2025-10-08,B003
R003_down_T017,R003_down,S037,2025-10-08 20:20:00,2025-10-08 20:21:22,14,4,-1,2025-10-08,B008
R003_down_T017,R003_down,S042,2025-10-08 20:35:36,2025-10-08 20:36:55,11,9,5,2025-10-08,B008
R003_down_T017,R003_down,S048,2025-10-08 20:43:42,2025-10-08 20:46:03,20,9,6,2025-10-08,B008
R003_down_T017,R003_down,S059,2025-10-08 20:51:59,2025-10-08 20:53:41,19,4,8,2025-10-08,B008
R003_down_T017,R003_down,S017,2025-10-08 20:51:05,2025-10-08 20:52:55,9,2,-1,2025-10-08,B008
R003_down_T017,R003_down,S045,2025-10-08 21:02:26,2025-10-08 21:05:23,15,8,4,2025-10-08,B008
R003_down_T017,R003_down,S003,2025-10-08 21:11:12,2025-10-08 21:13:56,18,6,4,2025-10-08,B008
R003_down_T017,R003_down,S024,2025-10-08 21:20:17,2025-10-08 21:22:11,17,5,6,2025-10-08,B008
R003_down_T017,R003_down,S011,2025-10-08 21:27:04,2025-10-08 21:29:33,12,6,4,2025-10-08,B008
R003_down_T017,R003_down,S033,2025-10-08 21:30:10,2025-10-08 21:32:12,22,8,-2,2025-10-08,B008
R003_down_T017,R003_down,S046,2025-10-08 21:46:10,2025-10-08 21:48:22,14,3,6,2025-10-08,B008
R003_down_T017,R003_down,S015,2025-10-08 21:47:24,2025-10-08 21:49:46,10,6,-1,2025-10-08,B008
R003_down_T017,R003_down,S022,2025-10-08 21:58:07,2025-10-08 21:59:47,17,6,0,2025-10-08,B008
R003_down_T017,R003_down,S053,2025-10-08 22:08:18,2025-10-08 22:10:13,15,8,5,2025-10-08,B008
R003_down_T018,R003_down,S037,2025-10-08 20:46:00,2025-10-08 20:48:50,17,5,3,2025-10-08,B009
R003_down_T018,R003_down,S042,2025-10-08 20:59:22,2025-10-08 21:01:50,17,6,5,2025-10-08,B009
R003_down_T018,R003_down,S048,2025-10-08 21:01:41,2025-10-08 21:04:10,5,14,0,2025-10-08,B009
R003_down_T018,R003_down,S059,2025-10-08 21:14:46,2025-10-08 21:17:23,6,7,6,2025-10-08,B009
R003_down_T018,R003_down,S017,2025-10-08 21:20:53,2025-10-08 21:23:30,14,8,4,2025-10-08,B009
R003_down_T018,R003_down,S045,2025-10-08 21:29:28,2025-10-08 21:31:50,20,4,5,2025-10-08,B009
R003_down_T018,R003_down,S003,2025-10-08 21:30:01,2025-10-08 21:32:26,6,9,-2,2025-10-08,B009
R003_down_T018,R003_down,S024,2025-10-08 21:45:03,2025-10-08 21:47:36,7,6,7,2025-10-08,B009
R003_down_T018,R003_down,S011,2025-10-08 21:55:05,2025-10-08 21:58:05,14,5,6,2025-10-08,B009
R003_down_T018,R003_down,S033,2025-10-08 21:57:19,2025-10-08 21:58:56,11,5,-2,2025-10-08,B009
R003_down_T018,R003_down,S046,2025-10-08 22:15:09,2025-10-08 22:16:36,20,4,8,2025-10-08,B009
R003_down_T018,R003_down,S015,2025-10-08 22:16:29,2025-10-08 22:18:02,12,4,3,2025-10-08,B009
R003_down_T018,R003_down,S022,2025-10-08 22:29:21,2025-10-08 22:30:47,17,2,8,2025-10-08,B009
R003_down_T018,R003_down,S053,2025-10-08 22:33:39,2025-10-08 22:35:08,25,0,7,2025-10-08,B009
R003_down_T019,R003_down,S037,2025-10-08 20:57:00,2025-10-08 20:58:25,14,5,-1,2025-10-08,B021
R003_down_T019,R003_down,S042,2025-10-08 21:06:30,2025-10-08 21:07:55,13,8,-2,2025-10-08,B021
R003_down_T019,R003_down,S048,2025-10-08 21:17:33,2025-10-08 21:19:00,13,5,2,2025-10-08,B021
R003_down_T019,R003_down,S059,2025-10-08 21:23:31,2025-10-08 21:25:06,20,8,3,2025-10-08,B021
R003_down_T019,R003_down,S017,2025-10-08 21:25:33,2025-10-08 21:27:45,20,3,-2,2025-10-08,B021
R003_down_T019,R003_down,S045,2025-10-08 21:32:29,2025-10-08 21:34:19,20,2,-2,2025-10-08,B021
R003_down_T019,R003_down,S003,2025-10-08 21:43:04,2025-10-08 21:44:58,20,0,1,2025-10-08,B021
R003_down_T019,R003_down,S024,2025-10-08 21:51:36,2025-10-08 21:52:45,7,4,3,2025-10-08,B021
R003_down_T019,R003_down,S011,2025-10-08 21:57:34,2025-10-08 21:58:48,6,7,0,2025-10-08,B021
R003_down_T019,R003_down,S033,2025-10-08 22:14:04,2025-10-08 22:16:59,21,7,8,2025-10-08,B021
R003_down_T019,R003_down,S046,2025-10-08 22:22:36,2025-10-08 22:24:29,5,7,8,2025-10-08,B021
R003_down_T019,R003_down,S015,2025-10-08 22:23:26,2025-10-08 22:25:08,13,3,2,2025-10-08,B021
R003_down_T019,R003_down,S022,2025-10-08 22:34:24,2025-10-08 22:35:37,11,4,5,2025-10-08,B021
R003_down_T019,R003_down,S053,2025-10-08 22:40:22,2025-10-08 22:41:46,11,3,5,2025-10-08,B021
R003_down_T020,R003_down,S037,2025-10-08 21:38:00,2025-10-08 21:40:27,15,8,-1,2025-10-08,B003
R003_down_T020,R003_down,S042,2025-10-08 21:54:19,2025-10-08 21:56:19,16,7,6,2025-10-08,B003
R003_down_T020,R003_down,S048,2025-10-08 21:55:36,2025-10-08 21:58:13,21,3,0,2025-10-08,B003
R003_down_T020,R003_down,S059,2025-10-08 22:04:51,2025-10-08 22:06:57,18,4,3,2025-10-08,B003
R003_down_T020,R003_down,S017,2025-10-08 22:13:18,2025-10-08 22:15:46,19,4,4,2025-10-08,B003
R003_down_T020,R003_down,S045,2025-10-08 22:14:33,2025-10-08 22:16:01,11,4,-2,2025-10-08,B003
R003_down_T020,R003_down,S003,2025-10-08 22:24:01,2025-10-08 22:26:22,6,1,0,2025-10-08,B003
R003_down_T020,R003_down,S024,2025-10-08 22:35:21,2025-10-08 22:37:16,6,6,5,2025-10-08,B003
R003_down_T020,R003_down,S011,2025-10-08 22:47:17,2025-10-08 22:48:27,10,7,8,2025-10-08,B003
R003_down_T020,R003_down,S033,2025-10-08 22:50:45,2025-10-08 22:53:27,9,2,3,2025-10-08,B003
R003_down_T020,R003_down,S046,2025-10-08 23:00:56,2025-10-08 23:02:55,6,3,4,2025-10-08,B003
R003_down_T020,R003_down,S015,2025-10-08 23:05:40,2025-10-08 23:07:28,5,9,2,2025-10-08,B003
R003_down_T020,R003_down,S022,2025-10-08 23:20:53,2025-10-08 23:22:14,7,10,8,2025-10-08,B003
R003_down_T020,R003_down,S053,2025-10-08 23:19:33,2025-10-08 23:20:45,6,6,1,2025-10-08,B003
R003_down_T021,R003_down,S037,2025-10-08 21:56:00,2025-10-08 21:57:58,9,3,-2,2025-10-08,B006
R003_down_T021,R003_down,S042,2025-10-08 22:16:54,2025-10-08 22:19:34,16,4,8,2025-10-08,B006
R003_down_T021,R003_down,S048,2025-10-08 22:25:42,2025-10-08 22:28:25,16,4,8,2025-10-08,B006
R003_down_T021,R003_down,S059,2025-10-08 22:26:06,2025-10-08 22:28:16,14,8,2,2025-10-08,B006
R003_down_T021,R003_down,S017,2025-10-08 22:38:58,2025-10-08 22:41:38,16,4,6,2025-10-08,B006
R003_down_T021,R003_down,S045,2025-10-08 22:47:21,2025-10-08 22:49:18,10,6,7,2025-10-08,B006
R003_down_T021,R003_down,S003,2025-10-08 22:51:08,2025-10-08 22:53:44,17,2,2,2025-10-08,B006
R003_down_T021,R003_down,S024,2025-10-08 23:02:20,2025-10-08 23:03:53,17,9,7,2025-10-08,B006
R003_down_T021,R003_down,S011,2025-10-08 23:09:36,2025-10-08 23:12:16,13,3,6,2025-10-08,B006
R003_down_T021,R003_down,S033,2025-10-08 23:17:42,2025-10-08 23:18:59,9,2,5,2025-10-08,B006
R003_down_T021,R003_down,S046,2025-10-08 23:27:14,2025-10-08 23:29:35,7,12,8,2025-10-08,B006
R003_down_T021,R003_down,S015,2025-10-08 23:34:00,2025-10-08 23:35:27,10,10,8,2025-10-08,B006
R003_down_T021,R003_down,S022,2025-10-08 23:34:20,2025-10-08 23:36:14,12,7,0,2025-10-08,B006
R003_down_T021,R003_down,S053,2025-10-08 23:43:58,2025-10-08 23:45:10,11,9,4,2025-10-08,B006
R003_down_T022,R003_down,S037,2025-10-08 22:49:00,2025-10-08 22:50:03,13,4,3,2025-10-08,B001
R003_down_T022,R003_down,S042,2025-10-08 23:03:08,2025-10-08 23:04:46,7,9,8,2025-10-08,B001
R003_down_T022,R003_down,S048,2025-10-08 23:00:32,2025-10-08 23:02:39,5,6,-2,2025-10-08,B001
R003_down_T022,R003_down,S059,2025-10-08 23:09:36,2025-10-08 23:10:42,12,4,0,2025-10-08,B001
R003_down_T022,R003_down,S017,2025-10-08 23:22:51,2025-10-08 23:25:17,8,3,6,2025-10-08,B001
R003_down_T022,R003_down,S045,2025-10-08 23:26:28,2025-10-08 23:27:50,7,5,1,2025-10-08,B001
R003_down_T022,R003_down,S003,2025-10-08 23:37:52,2025-10-08 23:38:59,5,9,5,2025-10-08,B001
R003_down_T022,R003_down,S024,2025-10-08 23:41:10,2025-10-08 23:43:04,6,8,3,2025-10-08,B001
R003_down_T022,R003_down,S011,2025-10-08 23:51:22,2025-10-08 23:52:51,9,1,4,2025-10-08,B001
R003_down_T022,R003_down,S033,2025-10-09 00:02:08,2025-10-09 00:04:51,2,7,7,2025-10-08,B001
R003_down_T022,R003_down,S046,2025-10-09 00:05:22,2025-10-09 00:07:00,2,5,2,2025-10-08,B001
R003_down_T022,R003_down,S015,2025-10-09 00:11:37,2025-10-09 00:14:20,7,7,1,2025-10-08,B001
R003_down_T022,R003_down,S022,2025-10-09 00:24:36,2025-10-09 00:27:13,8,7,4,2025-10-08,B001
R003_down_T022,R003_down,S053,2025-10-09 00:33:39,2025-10-09 00:36:26,8,7,6,2025-10-08,B001
R004_up_T001,R004_up,S014,2025-10-08 05:32:00,2025-10-08 05:33:55,7,7,2,2025-10-08,B017
R004_up_T001,R004_up,S034,2025-10-08 05:42:04,2025-10-08 05:44:37,6,7,6,2025-10-08,B017
R004_up_T001,R004_up,S007,2025-10-08 05:48:03,2025-10-08 05:50:21,6,13,4,2025-10-08,B017
R004_up_T001,R004_up,S049,2025-10-08 05:58:56,2025-10-08 06:00:06,10,4,5,2025-10-08,B017
R004_up_T001,R004_up,S016,2025-10-08 06:07:10,2025-10-08 06:08:43,10,5,6,2025-10-08,B017
R004_up_T001,R004_up,S003,2025-10-08 06:07:07,2025-10-08 06:08:33,12,6,-2,2025-10-08,B017
R004_up_T001,R004_up,S043,2025-10-08 06:23:22,2025-10-08 06:25:58,6,0,7,2025-10-08,B017
R004_up_T001,R004_up,S023,2025-10-08 06:24:45,2025-10-08 06:26:15,5,7,-2,2025-10-08,B017
R004_up_T001,R004_up,S013,2025-10-08 06:29:53,2025-10-08 06:32:36,6,4,-2,2025-10-08,B017
R004_up_T001,R004_up,S012,2025-10-08 06:40:14,2025-10-08 06:42:04,6,2,0,2025-10-08,B017
R004_up_T001,R004_up,S052,2025-10-08 06:54:43,2025-10-08 06:56:53,4,6,6,2025-10-08,B017
R004_up_T001,R004_up,S053,2025-10-08 06:59:17,2025-10-08 07:00:45,6,5,0,2025-10-08,B017
R004_up_T001,R004_up,S018,2025-10-08 07:11:15,2025-10-08 07:12:45,9,0,2,2025-10-08,B017
R004_up_T001,R004_up,S056,2025-10-08 07:21:48,2025-10-08 07:22:58,8,7,7,2025-10-08,B017
R004_up_T001,R004_up,S004,2025-10-08 07:24:08,2025-10-08 07:25:15,10,2,3,2025-10-08,B017
R004_up_T002,R004_up,S014,2025-10-08 06:31:00,2025-10-08 06:32:57,8,8,3,2025-10-08,B010
R004_up_T002,R004_up,S034,2025-10-08 06:40:27,2025-10-08 06:42:27,13,2,6,2025-10-08,B010
R004_up_T002,R004_up,S007,2025-10-08 06:47:18,2025-10-08 06:48:31,3,8,6,2025-10-08,B010
R004_up_T002,R004_up,S049,2025-10-08 06:57:59,2025-10-08 06:59:13,7,0,6,2025-10-08,B010
R004_up_T002,R004_up,S016,2025-10-08 07:01:56,2025-10-08 07:03:13,6,5,3,2025-10-08,B010
R004_up_T002,R004_up,S003,2025-10-08 07:09:11,2025-10-08 07:10:54,14,4,2,2025-10-08,B010
R004_up_T002,R004_up,S043,2025-10-08 07:14:20,2025-10-08 07:16:37,11,4,-1,2025-10-08,B010
R004_up_T002,R004_up,S023,2025-10-08 07:31:21,2025-10-08 07:32:51,11,0,7,2025-10-08,B010
R004_up_T002,R004_up,S013,2025-10-08 07:33:38,2025-10-08 07:35:51,5,8,4,2025-10-08,B010
R004_up_T002,R004_up,S012,2025-10-08 07:36:11,2025-10-08 07:38:02,5,5,-1,2025-10-08,B010
R004_up_T002,R004_up,S052,2025-10-08 07:44:07,2025-10-08 07:46:59,10,4,-1,2025-10-08,B010
R004_up_T002,R004_up,S053,2025-10-08 07:57:53,2025-10-08 07:59:22,14,2,3,2025-10-08,B010
R004_up_T002,R004_up,S018,2025-10-08 08:10:45,2025-10-08 08:13:09,28,6,6,2025-10-08,B010
R004_up_T002,R004_up,S056,2025-10-08 08:10:21,2025-10-08 08:12:37,6,1,-1,2025-10-08,B010
R004_up_T002,R004_up,S004,2025-10-08 08:20:02,2025-10-08 08:21:31,16,5,1,2025-10-08,B010
R004_up_T003,R004_up,S014,2025-10-08 08:05:00,2025-10-08 08:06:59,11,2,0,2025-10-08,B021
R004_up_T003,R004_up,S034,2025-10-08 08:17:10,2025-10-08 08:19:54,17,6,6,2025-10-08,B021
R004_up_T003,R004_up,S007,2025-10-08 08:18:54,2025-10-08 08:20:59,12,5,0,2025-10-08,B021
R004_up_T003,R004_up,S049,2025-10-08 08:28:44,2025-10-08 08:30:56,12,2,-2,2025-10-08,B021
R004_up_T003,R004_up,S016,2025-10-08 08:35:33,2025-10-08 08:37:31,15,9,-2,2025-10-08,B021
R004_up_T003,R004_up,S003,2025-10-08 08:49:42,2025-10-08 08:51:58,11,8,3,2025-10-08,B021
R004_up_T003,R004_up,S043,2025-10-08 09:00:41,2025-10-08 09:02:51,15,3,5,2025-10-08,B021
R004_up_T003,R004_up,S023,2025-10-08 09:01:53,2025-10-08 09:03:59,21,12,-2,2025-10-08,B021
R004_up_T003,R004_up,S013,2025-10-08 09:16:27,2025-10-08 09:18:18,16,5,7,2025-10-08,B021
R004_up_T003,R004_up,S012,2025-10-08 09:24:45,2025-10-08 09:27:21,3,0,8,2025-10-08,B021
R004_up_T003,R004_up,S052,2025-10-08 09:33:23,2025-10-08 09:35:49,4,1,7,2025-10-08,B021
R004_up_T003,R004_up,S053,2025-10-08 09:41:10,2025-10-08 09:42:42,16,5,5,2025-10-08,B021
R004_up_T003,R004_up,S018,2025-10-08 09:45:55,2025-10-08 09:47:12,12,0,2,2025-10-08,B021
R004_up_T003,R004_up,S056,2025-10-08 09:56:44,2025-10-08 09:58:46,9,1,8,2025-10-08,B021
R004_up_T003,R004_up,S004,2025-10-08 10:03:30,2025-10-08 10:05:47,20,9,7,2025-10-08,B021
R004_up_T004,R004_up,S014,2025-10-08 08:26:00,2025-10-08 08:28:03,18,7,3,2025-10-08,B022
R004_up_T004,R004_up,S034,2025-10-08 08:36:40,2025-10-08 08:38:30,17,1,7,2025-10-08,B022
R004_up_T004,R004_up,S007,2025-10-08 08:41:16,2025-10-08 08:43:45,16,7,4,2025-10-08,B022
R004_up_T004,R004_up,S049,2025-10-08 08:50:18,2025-10-08 08:53:08,15,2,3,2025-10-08,B022
R004_up_T004,R004_up,S016,2025-10-08 08:57:25,2025-10-08 08:58:45,14,7,2,2025-10-08,B022
R004_up_T004,R004_up,S003,2025-10-08 09:09:21,2025-10-08 09:10:59,5,2,7,2025-10-08,B022
R004_up_T004,R004_up,S043,2025-10-08 09:14:16,2025-10-08 09:16:34,9,2,4,2025-10-08,B022
R004_up_T004,R004_up,S023,2025-10-08 09:24:36,2025-10-08 09:25:43,6,1,4,2025-10-08,B022
R004_up_T004,R004_up,S013,2025-10-08 09:32:55,2025-10-08 09:33:57,14,3,7,2025-10-08,B022
R004_up_T004,R004_up,S012,2025-10-08 09:31:12,2025-10-08 09:33:38,10,6,-2,2025-10-08,B022
R004_up_T004,R004_up,S052,2025-10-08 09:39:48,2025-10-08 09:42:19,13,8,-2,2025-10-08,B022
R004_up_T004,R004_up,S053,2025-10-08 09:58:56,2025-10-08 10:00:19,6,3,7,2025-10-08,B022
R004_up_T004,R004_up,S018,2025-10-08 10:00:46,2025-10-08 10:02:19,13,4,-1,2025-10-08,B022
R004_up_T004,R004_up,S056,2025-10-08 10:08:58,2025-10-08 10:10:19,13,4,2,2025-10-08,B022
R004_up_T004,R004_up,S004,2025-10-08 10:14:55,2025-10-08 10:16:45,9,5,1,2025-10-08,B022
R004_up_T005,R004_up,S014,2025-10-08 08:41:00,2025-10-08 08:43:04,13,6,-1,2025-10-08,B006
R004_up_T005,R004_up,S034,2025-10-08 08:48:30,2025-10-08 08:49:34,17,14,0,2025-10-08,B006
R004_up_T005,R004_up,S007,2025-10-08 09:03:05,2025-10-08 09:04:19,13,7,8,2025-10-08,B006
R004_up_T005,R004_up,S049,2025-10-08 09:09:31,2025-10-08 09:10:47,16,5,4,2025-10-08,B006
R004_up_T005,R004_up,S016,2025-10-08 09:14:34,2025-10-08 09:16:42,13,5,3,2025-10-08,B006
R004_up_T005,R004_up,S003,2025-10-08 09:18:56,2025-10-08 09:20:53,26,2,-1,2025-10-08,B006
R004_up_T005,R004_up,S043,2025-10-08 09:32:02,2025-10-08 09:33:15,19,13,3,2025-10-08,B006
R004_up_T005,R004_up,S023,2025-10-08 09:39:02,2025-10-08 09:41:16,11,9,1,2025-10-08,B006
R004_up_T005,R004_up,S013,2025-10-08 09:43:31,2025-10-08 09:44:34,14,10,-1,2025-10-08,B006
R004_up_T005,R004_up,S012,2025-10-08 09:56:16,2025-10-08 09:58:56,19,3,5,2025-10-08,B006
R004_up_T005,R004_up,S052,2025-10-08 10:04:59,2025-10-08 10:06:13,16,9,5,2025-10-08,B006
R004_up_T005,R004_up,S053,2025-10-08 10:15:17,2025-10-08 10:17:38,20,2,5,2025-10-08,B006
R004_up_T005,R004_up,S018,2025-10-08 10:28:12,2025-10-08 10:30:06,18,12,8,2025-10-08,B006
R004_up_T005,R004_up,S056,2025-10-08 10:28:02,2025-10-08 10:29:27,11,10,2,2025-10-08,B006
R004_up_T005,R004_up,S004,2025-10-08 10:31:54,2025-10-08 10:34:24,20,6,-2,2025-10-08,B006
R004_up_T006,R004_up,S014,2025-10-08 09:30:00,2025-10-08 09:31:41,14,10,5,2025-10-08,B014
R004_up_T006,R004_up,S034,2025-10-08 09:37:12,2025-10-08 09:39:22,20,7,7,2025-10-08,B014
R004_up_T006,R004_up,S007,2025-10-08 09:38:57,2025-10-08 09:40:43,20,14,2,2025-10-08,B014
R004_up_T006,R004_up,S049,2025-10-08 09:52:33,2025-10-08 09:55:03,17,7,7,2025-10-08,B014
R004_up_T006,R004_up,S016,2025-10-08 09:53:10,2025-10-08 09:56:07,14,9,0,2025-10-08,B014
R004_up_T006,R004_up,S003,2025-10-08 10:07:46,2025-10-08 10:10:39,9,5,6,2025-10-08,B014
R004_up_T006,R004_up,S043,2025-10-08 10:16:05,2025-10-08 10:18:13,5,6,6,2025-10-08,B014
R004_up_T006,R004_up,S023,2025-10-08 10:24:41,2025-10-08 10:25:41,15,8,5,2025-10-08,B014
R004_up_T006,R004_up,S013,2025-10-08 10:30:38,2025-10-08 10:31:43,18,7,5,2025-10-08,B014
R004_up_T006,R004_up,S012,2025-10-08 10:39:56,2025-10-08 10:41:54,15,2,7,2025-10-08,B014
R004_up_T006,R004_up,S052,2025-10-08 10:42:39,2025-10-08 10:45:29,14,5,1,2025-10-08,B014
R004_up_T006,R004_up,S053,2025-10-08 10:56:14,2025-10-08 10:57:43,14,5,2,2025-10-08,B014
R004_up_T006,R004_up,S018,2025-10-08 11:08:34,2025-10-08 11:10:39,9,5,5,2025-10-08,B014
R004_up_T006,R004_up,S056,2025-10-08 11:16:09,2025-10-08 11:17:37,7,3,7,2025-10-08,B014
R004_up_T006,R004_up,S004,2025-10-08 11:21:39,2025-10-08 11:23:24,9,7,5,2025-10-08,B014
R004_up_T007,R004_up,S014,2025-10-08 09:43:00,2025-10-08 09:44:10,10,6,-1,2025-10-08,B012
R004_up_T007,R004_up,S034,2025-10-08 09:51:22,2025-10-08 09:52:26,21,9,2,2025-10-08,B012
R004_up_T007,R004_up,S007,2025-10-08 10:02:15,2025-10-08 10:03:16,17,6,6,2025-10-08,B012
R004_up_T007,R004_up,S049,2025-10-08 10:12:48,2025-10-08 10:14:33,14,6,6,2025-10-08,B012
R004_up_T007,R004_up,S016,2025-10-08 10:16:50,2025-10-08 10:17:56,14,8,4,2025-10-08,B012
R004_up_T007,R004_up,S003,2025-10-08 10:23:10,2025-10-08 10:24:25,22,8,2,2025-10-08,B012
R004_up_T007,R004_up,S043,2025-10-08 10:26:32,2025-10-08 10:29:04,13,9,-2,2025-10-08,B012
R004_up_T007,R004_up,S023,2025-10-08 10:41:14,2025-10-08 10:44:04,17,7,2,2025-10-08,B012
R004_up_T007,R004_up,S013,2025-10-08 10:50:33,2025-10-08 10:53:16,21,8,5,2025-10-08,B012
R004_up_T007,R004_up,S012,2025-10-08 10:55:15,2025-10-08 10:57:09,21,5,1,2025-10-08,B012
R004_up_T007,R004_up,S052,2025-10-08 11:10:49,2025-10-08 11:11:52,9,8,8,2025-10-08,B012
R004_up_T007,R004_up,S053,2025-10-08 11:11:09,2025-10-08 11:12:37,9,5,-2,2025-10-08,B012
R004_up_T007,R004_up,S018,2025-10-08 11:19:41,2025-10-08 11:21:36,10,4,-2,2025-10-08,B012
R004_up_T007,R004_up,S056,2025-10-08 11:30:36,2025-10-08 11:31:51,6,2,3,2025-10-08,B012
R004_up_T007,R004_up,S004,2025-10-08 11:40:33,2025-10-08 11:42:53,10,7,6,2025-10-08,B012
R004_up_T008,R004_up,S014,2025-10-08 10:24:00,2025-10-08 10:25:38,25,7,4,2025-10-08,B012
R004_up_T008,R004_up,S034,2025-10-08 10:33:55,2025-10-08 10:36:25,8,6,8,2025-10-08,B012
R004_up_T008,R004_up,S007,2025-10-08 10:40:11,2025-10-08 10:41:53,19,10,7,2025-10-08,B012
R004_up_T008,R004_up,S049,2025-10-08 10:44:44,2025-10-08 10:45:51,4,12,2,2025-10-08,B012
R004_up_T008,R004_up,S016,2025-10-08 10:54:54,2025-10-08 10:56:24,15,4,6,2025-10-08,B012
R004_up_T008,R004_up,S003,2025-10-08 10:56:49,2025-10-08 10:58:39,11,7,0,2025-10-08,B012
R004_up_T008,R004_up,S043,2025-10-08 11:03:33,2025-10-08 11:04:48,5,5,-2,2025-10-08,B012
R004_up_T008,R004_up,S023,2025-10-08 11:22:58,2025-10-08 11:25:13,8,10,8,2025-10-08,B012
R004_up_T008,R004_up,S013,2025-10-08 11:26:42,2025-10-08 11:29:30,8,5,5,2025-10-08,B012
R004_up_T008,R004_up,S012,2025-10-08 11:28:34,2025-10-08 11:31:01,8,4,-1,2025-10-08,B012
R004_up_T008,R004_up,S052,2025-10-08 11:43:26,2025-10-08 11:45:32,2,5,6,2025-10-08,B012
R004_up_T008,R004_up,S053,2025-10-08 11:48:41,2025-10-08 11:51:32,6,4,2,2025-10-08,B012
R004_up_T008,R004_up,S018,2025-10-08 11:53:37,2025-10-08 11:55:29,11,7,-2,2025-10-08,B012
R004_up_T008,R004_up,S056,2025-10-08 12:04:01,2025-10-08 12:05:41,8,2,2,2025-10-08,B012
R004_up_T008,R004_up,S004,2025-10-08 12:10:22,2025-10-08 12:12:37,9,3,0,2025-10-08,B012
R004_up_T009,R004_up,S014,2025-10-08 11:00:00,2025-10-08 11:02:03,12,1,3,2025-10-08,B015
R004_up_T009,R004_up,S034,2025-10-08 11:03:53,2025-10-08 11:04:54,5,2,0,2025-10-08,B015
R004_up_T009,R004_up,S007,2025-10-08 11:07:59,2025-10-08 11:09:25,2,3,-2,2025-10-08,B015
R004_up_T009,R004_up,S049,2025-10-08 11:24:15,2025-10-08 11:26:42,11,4,3,2025-10-08,B015
R004_up_T009,R004_up,S016,2025-10-08 11:31:39,2025-10-08 11:33:00,7,4,2,2025-10-08,B015
R004_up_T009,R004_up,S003,2025-10-08 11:40:26,2025-10-08 11:41:50,11,8,2,2025-10-08,B015
R004_up_T009,R004_up,S043,2025-10-08 11:50:49,2025-10-08 11:53:12,6,5,4,2025-10-08,B015
R004_up_T009,R004_up,S023,2025-10-08 11:56:34,2025-10-08 11:58:40,5,9,-1,2025-10-08,B015
R004_up_T009,R004_up,S013,2025-10-08 12:01:26,2025-10-08 12:03:22,4,7,-2,2025-10-08,B015
R004_up_T009,R004_up,S012,2025-10-08 12:18:03,2025-10-08 12:20:16,5,6,8,2025-10-08,B015
R004_up_T009,R004_up,S052,2025-10-08 12:19:16,2025-10-08 12:22:13,11,9,1,2025-10-08,B015
R004_up_T009,R004_up,S053,2025-10-08 12:29:16,2025-10-08 12:30:39,10,9,-1,2025-10-08,B015
R004_up_T009,R004_up,S018,2025-10-08 12:41:46,2025-10-08 12:43:34,6,8,4,2025-10-08,B015
R004_up_T009,R004_up,S056,2025-10-08 12:41:22,2025-10-08 12:43:37,10,6,-2,2025-10-08,B015
R004_up_T009,R004_up,S004,2025-10-08 12:49:28,2025-10-08 12:51:02,9,4,-2,2025-10-08,B015
R004_up_T010,R004_up,S014,2025-10-08 12:22:00,2025-10-08 12:24:48,3,2,6,2025-10-08,B014
R004_up_T010,R004_up,S034,2025-10-08 12:27:58,2025-10-08 12:30:01,3,4,5,2025-10-08,B014
R004_up_T010,R004_up,S007,2025-10-08 12:35:13,2025-10-08 12:38:12,8,3,5,2025-10-08,B014
R004_up_T010,R004_up,S049,2025-10-08 12:40:01,2025-10-08 12:41:50,3,5,-1,2025-10-08,B014
R004_up_T010,R004_up,S016,2025-10-08 12:55:47,2025-10-08 12:58:33,6,6,8,2025-10-08,B014
R004_up_T010,R004_up,S003,2025-10-08 12:55:18,2025-10-08 12:57:03,10,3,-2,2025-10-08,B014
R004_up_T010,R004_up,S043,2025-10-08 13:11:08,2025-10-08 13:13:01,5,2,5,2025-10-08,B014
R004_up_T010,R004_up,S023,2025-10-08 13:18:39,2025-10-08 13:21:15,9,8,3,2025-10-08,B014
R004_up_T010,R004_up,S013,2025-10-08 13:21:04,2025-10-08 13:22:48,13,7,-2,2025-10-08,B014
R004_up_T010,R004_up,S012,2025-10-08 13:32:06,2025-10-08 13:34:33,6,3,3,2025-10-08,B014
R004_up_T010,R004_up,S052,2025-10-08 13:44:51,2025-10-08 13:45:59,4,9,7,2025-10-08,B014
R004_up_T010,R004_up,S053,2025-10-08 13:48:44,2025-10-08 13:49:48,8,6,0,2025-10-08,B014
R004_up_T010,R004_up,S018,2025-10-08 14:01:52,2025-10-08 14:02:58,6,6,5,2025-10-08,B014
R004_up_T010,R004_up,S056,2025-10-08 14:05:57,2025-10-08 14:08:00,7,5,4,2025-10-08,B014
R004_up_T010,R004_up,S004,2025-10-08 14:15:32,2025-10-08 14:17:59,3,13,6,2025-10-08,B014
R004_up_T011,R004_up,S014,2025-10-08 13:21:00,2025-10-08 13:22:31,7,3,8,2025-10-08,B020
R004_up_T011,R004_up,S034,2025-10-08 13:16:11,2025-10-08 13:17:12,10,5,-2,2025-10-08,B020
R004_up_T011,R004_up,S007,2025-10-08 13:26:34,2025-10-08 13:28:06,4,3,2,2025-10-08,B020
R004_up_T011,R004_up,S049,2025-10-08 13:32:21,2025-10-08 13:33:40,3,9,-1,2025-10-08,B020
R004_up_T011,R004_up,S016,2025-10-08 13:42:22,2025-10-08 13:43:59,7,5,3,2025-10-08,B020
R004_up_T011,R004_up,S003,2025-10-08 13:46:48,2025-10-08 13:48:00,2,5,0,2025-10-08,B020
R004_up_T011,R004_up,S043,2025-10-08 13:53:36,2025-10-08 13:54:36,9,5,-1,2025-10-08,B020
R004_up_T011,R004_up,S023,2025-10-08 14:08:45,2025-10-08 14:10:04,12,8,6,2025-10-08,B020
R004_up_T011,R004_up,S013,2025-10-08 14:10:07,2025-10-08 14:11:07,7,7,2,2025-10-08,B020
R004_up_T011,R004_up,S012,2025-10-08 14:16:42,2025-10-08 14:17:58,1,4,3,2025-10-08,B020
R004_up_T011,R004_up,S052,2025-10-08 14:22:29,2025-10-08 14:24:19,10,5,1,2025-10-08,B020
R004_up_T011,R004_up,S053,2025-10-08 14:32:38,2025-10-08 14:34:32,8,12,0,2025-10-08,B020
R004_up_T011,R004_up,S018,2025-10-08 14:41:11,2025-10-08 14:43:46,4,8,-2,2025-10-08,B020
R004_up_T011,R004_up,S056,2025-10-08 14:53:55,2025-10-08 14:56:41,6,0,4,2025-10-08,B020
R004_up_T011,R004_up,S004,2025-10-08 15:01:40,2025-10-08 15:03:23,5,6,2,2025-10-08,B020
R004_up_T012,R004_up,S014,2025-10-08 14:57:00,2025-10-08 14:59:25,3,13,4,2025-10-08,B020
R004_up_T012,R004_up,S034,2025-10-08 15:01:21,2025-10-08 15:03:01,8,5,1,2025-10-08,B020
R004_up_T012,R004_up,S007,2025-10-08 15:14:26,2025-10-08 15:15:27,5,4,7,2025-10-08,B020
R004_up_T012,R004_up,S049,2025-10-08 15:16:51,2025-10-08 15:19:41,10,0,0,2025-10-08,B020
R004_up_T012,R004_up,S016,2025-10-08 15:24:29,2025-10-08 15:26:17,6,6,-1,2025-10-08,B020
R004_up_T012,R004_up,S003,2025-10-08 15:30:54,2025-10-08 15:32:32,11,7,-2,2025-10-08,B020
R004_up_T012,R004_up,S043,2025-10-08 15:49:31,2025-10-08 15:52:07,16,4,8,2025-10-08,B020
R004_up_T012,R004_up,S023,2025-10-08 15:56:04,2025-10-08 15:58:42,7,5,5,2025-10-08,B020
R004_up_T012,R004_up,S013,2025-10-08 15:59:20,2025-10-08 16:01:20,5,12,2,2025-10-08,B020
R004_up_T012,R004_up,S012,2025-10-08 16:10:42,2025-10-08 16:12:40,11,6,6,2025-10-08,B020
R004_up_T012,R004_up,S052,2025-10-08 16:13:15,2025-10-08 16:15:25,10,13,0,2025-10-08,B020
R004_up_T012,R004_up,S053,2025-10-08 16:25:52,2025-10-08 16:27:34,8,5,2,2025-10-08,B020
R004_up_T012,R004_up,S018,2025-10-08 16:32:52,2025-10-08 16:34:16,4,13,0,2025-10-08,B020
R004_up_T012,R004_up,S056,2025-10-08 16:37:50,2025-10-08 16:38:54,5,6,-1,2025-10-08,B020
R004_up_T012,R004_up,S004,2025-10-08 16:53:55,2025-10-08 16:56:47,13,9,7,2025-10-08,B020
R004_up_T013,R004_up,S014,2025-10-08 16:25:00,2025-10-08 16:26:02,9,11,2,2025-10-08,B007
R004_up_T013,R004_up,S034,2025-10-08 16:31:46,2025-10-08 16:33:02,9,12,3,2025-10-08,B007
R004_up_T013,R004_up,S007,2025-10-08 16:37:08,2025-10-08 16:39:24,9,9,1,2025-10-08,B007
R004_up_T013,R004_up,S049,2025-10-08 16:56:19,2025-10-08 16:58:13,11,5,8,2025-10-08,B007
R004_up_T013,R004_up,S016,2025-10-08 17:04:01,2025-10-08 17:06:01,7,4,8,2025-10-08,B007
R004_up_T013,R004_up,S003,2025-10-08 17:02:53,2025-10-08 17:05:07,6,12,-2,2025-10-08,B007
R004_up_T013,R004_up,S043,2025-10-08 17:13:33,2025-10-08 17:16:31,1,17,-1,2025-10-08,B007
R004_up_T013,R004_up,S023,2025-10-08 17:26:51,2025-10-08 17:28:10,6,10,2,2025-10-08,B007
R004_up_T013,R004_up,S013,2025-10-08 17:34:40,2025-10-08 17:37:12,10,15,4,2025-10-08,B007
R004_up_T013,R004_up,S012,2025-10-08 17:43:51,2025-10-08 17:46:18,4,12,6,2025-10-08,B007
R004_up_T013,R004_up,S052,2025-10-08 17:44:16,2025-10-08 17:46:34,3,19,-2,2025-10-08,B007
R004_up_T013,R004_up,S053,2025-10-08 18:01:06,2025-10-08 18:02:22,13,21,3,2025-10-08,B007
R004_up_T013,R004_up,S018,2025-10-08 18:10:37,2025-10-08 18:13:18,5,14,3,2025-10-08,B007
R004_up_T013,R004_up,S056,2025-10-08 18:19:49,2025-10-08 18:21:10,6,13,5,2025-10-08,B007
R004_up_T013,R004_up,S004,2025-10-08 18:25:38,2025-10-08 18:27:51,7,3,4,2025-10-08,B007
R004_up_T014,R004_up,S014,2025-10-08 17:08:00,2025-10-08 17:10:24,4,17,8,2025-10-08,B003
R004_up_T014,R004_up,S034,2025-10-08 17:05:55,2025-10-08 17:07:30,7,4,-1,2025-10-08,B003
R004_up_T014,R004_up,S007,2025-10-08 17:11:24,2025-10-08 17:13:08,6,25,-2,2025-10-08,B003
R004_up_T014,R004_up,S049,2025-10-08 17:21:11,2025-10-08 17:23:06,8,13,-2,2025-10-08,B003
R004_up_T014,R004_up,S016,2025-10-08 17:31:38,2025-10-08 17:33:30,3,18,2,2025-10-08,B003
R004_up_T014,R004_up,S003,2025-10-08 17:37:12,2025-10-08 17:38:54,2,3,-1,2025-10-08,B003
R004_up_T014,R004_up,S043,2025-10-08 17:52:47,2025-10-08 17:55:36,5,11,6,2025-10-08,B003
R004_up_T014,R004_up,S023,2025-10-08 18:00:55,2025-10-08 18:02:36,4,20,5,2025-10-08,B003
R004_up_T014,R004_up,S013,2025-10-08 18:03:18,2025-10-08 18:04:23,6,7,2,2025-10-08,B003
R004_up_T014,R004_up,S012,2025-10-08 18:09:49,2025-10-08 18:11:49,2,17,2,2025-10-08,B003
R004_up_T014,R004_up,S052,2025-10-08 18:22:19,2025-10-08 18:25:06,4,13,6,2025-10-08,B003
R004_up_T014,R004_up,S053,2025-10-08 18:33:49,2025-10-08 18:36:02,2,17,7,2025-10-08,B003
R004_up_T014,R004_up,S018,2025-10-08 18:35:44,2025-10-08 18:37:01,9,17,0,2025-10-08,B003
R004_up_T014,R004_up,S056,2025-10-08 18:43:41,2025-10-08 18:45:27,3,12,3,2025-10-08,B003
R004_up_T014,R004_up,S004,2025-10-08 18:48:18,2025-10-08 18:50:14,0,8,-1,2025-10-08,B003
R004_up_T015,R004_up,S014,2025-10-08 17:18:00,2025-10-08 17:20:55,6,14,1,2025-10-08,B010
R004_up_T015,R004_up,S034,2025-10-08 17:30:23,2025-10-08 17:32:14,7,8,6,2025-10-08,B010
R004_up_T015,R004_up,S007,2025-10-08 17:29:59,2025-10-08 17:31:42,5,18,-2,2025-10-08,B010
R004_up_T015,R004_up,S049,2025-10-08 17:44:42,2025-10-08 17:46:54,4,15,1,2025-10-08,B010
R004_up_T015,R004_up,S016,2025-10-08 17:51:31,2025-10-08 17:54:12,9,20,0,2025-10-08,B010
R004_up_T015,R004_up,S003,2025-10-08 18:03:38,2025-10-08 18:06:36,7,11,4,2025-10-08,B010
R004_up_T015,R004_up,S043,2025-10-08 18:15:16,2025-10-08 18:16:42,7,12,6,2025-10-08,B010
R004_up_T015,R004_up,S023,2025-10-08 18:17:12,2025-10-08 18:19:00,6,11,-1,2025-10-08,B010
R004_up_T015,R004_up,S013,2025-10-08 18:29:26,2025-10-08 18:32:17,4,13,6,2025-10-08,B010
R004_up_T015,R004_up,S012,2025-10-08 18:38:54,2025-10-08 18:41:45,4,22,7,2025-10-08,B010
R004_up_T015,R004_up,S052,2025-10-08 18:45:06,2025-10-08 18:47:01,8,17,5,2025-10-08,B010
R004_up_T015,R004_up,S053,2025-10-08 18:57:35,2025-10-08 18:59:53,7,10,8,2025-10-08,B010
R004_up_T015,R004_up,S018,2025-10-08 19:00:55,2025-10-08 19:02:29,4,17,3,2025-10-08,B010
R004_up_T015,R004_up,S056,2025-10-08 19:10:00,2025-10-08 19:12:52,5,11,7,2025-10-08,B010
R004_up_T015,R004_up,S004,2025-10-08 19:15:19,2025-10-08 19:16:48,7,11,3,2025-10-08,B010
R004_up_T016,R004_up,S014,2025-10-08 17:37:00,2025-10-08 17:38:54,7,21,2,2025-10-08,B015
R004_up_T016,R004_up,S034,2025-10-08 17:45:30,2025-10-08 17:46:51,3,0,5,2025-10-08,B015
R004_up_T016,R004_up,S007,2025-10-08 17:49:40,2025-10-08 17:50:56,6,11,2,2025-10-08,B015
R004_up_T016,R004_up,S049,2025-10-08 18:01:17,2025-10-08 18:02:43,7,20,3,2025-10-08,B015
R004_up_T016,R004_up,S016,2025-10-08 18:05:51,2025-10-08 18:08:22,3,5,1,2025-10-08,B015
R004_up_T016,R004_up,S003,2025-10-08 18:20:15,2025-10-08 18:22:32,4,12,6,2025-10-08,B015
R004_up_T016,R004_up,S043,2025-10-08 18:31:14,2025-10-08 18:32:46,8,21,8,2025-10-08,B015
R004_up_T016,R004_up,S023,2025-10-08 18:29:07,2025-10-08 18:30:16,8,20,-2,2025-10-08,B015
R004_up_T016,R004_up,S013,2025-10-08 18:38:45,2025-10-08 18:41:11,4,19,3,2025-10-08,B015
R004_up_T016,R004_up,S012,2025-10-08 18:44:44,2025-10-08 18:46:55,9,3,2,2025-10-08,B015
R004_up_T016,R004_up,S052,2025-10-08 18:51:08,2025-10-08 18:53:28,5,10,0,2025-10-08,B015
R004_up_T016,R004_up,S053,2025-10-08 19:08:23,2025-10-08 19:09:33,4,27,8,2025-10-08,B015
R004_up_T016,R004_up,S018,2025-10-08 19:11:18,2025-10-08 19:12:26,6,14,3,2025-10-08,B015
R004_up_T016,R004_up,S056,2025-10-08 19:13:08,2025-10-08 19:14:14,8,16,-1,2025-10-08,B015
R004_up_T016,R004_up,S004,2025-10-08 19:24:08,2025-10-08 19:25:18,5,13,3,2025-10-08,B015
R004_up_T017,R004_up,S014,2025-10-08 18:56:00,2025-10-08 18:57:33,2,12,0,2025-10-08,B002
R004_up_T017,R004_up,S034,2025-10-08 19:08:48,2025-10-08 19:09:56,7,13,7,2025-10-08,B002
R004_up_T017,R004_up,S007,2025-10-08 19:15:40,2025-10-08 19:17:17,9,15,7,2025-10-08,B002
R004_up_T017,R004_up,S049,2025-10-08 19:18:16,2025-10-08 19:21:07,5,19,0,2025-10-08,B002
R004_up_T017,R004_up,S016,2025-10-08 19:27:31,2025-10-08 19:30:01,10,11,2,2025-10-08,B002
R004_up_T017,R004_up,S003,2025-10-08 19:39:25,2025-10-08 19:42:15,0,9,4,2025-10-08,B002
R004_up_T017,R004_up,S043,2025-10-08 19:46:26,2025-10-08 19:47:57,7,18,1,2025-10-08,B002
R004_up_T017,R004_up,S023,2025-10-08 19:57:58,2025-10-08 20:00:02,6,16,3,2025-10-08,B002
R004_up_T017,R004_up,S013,2025-10-08 20:04:17,2025-10-08 20:05:46,6,17,3,2025-10-08,B002
R004_up_T017,R004_up,S012,2025-10-08 20:14:36,2025-10-08 20:17:07,5,19,7,2025-10-08,B002
R004_up_T017,R004_up,S052,2025-10-08 20:20:56,2025-10-08 20:22:48,1,10,4,2025-10-08,B002
R004_up_T017,R004_up,S053,2025-10-08 20:30:27,2025-10-08 20:31:40,8,1,2,2025-10-08,B002
R004_up_T017,R004_up,S018,2025-10-08 20:43:42,2025-10-08 20:46:37,1,23,8,2025-10-08,B002
R004_up_T017,R004_up,S056,2025-10-08 20:41:17,2025-10-08 20:42:38,6,20,-2,2025-10-08,B002
R004_up_T017,R004_up,S004,2025-10-08 20:57:09,2025-10-08 20:59:36,6,18,7,2025-10-08,B002
R004_up_T018,R004_up,S014,2025-10-08 19:28:00,2025-10-08 19:30:49,5,15,8,2025-10-08,B005
R004_up_T018,R004_up,S034,2025-10-08 19:30:12,2025-10-08 19:31:59,4,7,3,2025-10-08,B005
R004_up_T018,R004_up,S007,2025-10-08 19:32:16,2025-10-08 19:34:06,5,28,-2,2025-10-08,B005
R004_up_T018,R004_up,S049,2025-10-08 19:43:44,2025-10-08 19:44:57,8,2,0,2025-10-08,B005
R004_up_T018,R004_up,S016,2025-10-08 19:51:48,2025-10-08 19:54:43,5,20,2,2025-10-08,B005
R004_up_T018,R004_up,S003,2025-10-08 20:03:04,2025-10-08 20:04:38,3,13,3,2025-10-08,B005
R004_up_T018,R004_up,S043,2025-10-08 20:06:40,2025-10-08 20:08:14,0,22,-2,2025-10-08,B005
R004_up_T018,R004_up,S023,2025-10-08 20:23:26,2025-10-08 20:26:21,6,11,7,2025-10-08,B005
R004_up_T018,R004_up,S013,2025-10-08 20:22:17,2025-10-08 20:23:18,4,12,-2,2025-10-08,B005
R004_up_T018,R004_up,S012,2025-10-08 20:30:46,2025-10-08 20:32:12,0,15,1,2025-10-08,B005
R004_up_T018,R004_up,S052,2025-10-08 20:37:41,2025-10-08 20:39:45,6,13,-1,2025-10-08,B005
R004_up_T018,R004_up,S053,2025-10-08 20:48:34,2025-10-08 20:50:22,7,19,1,2025-10-08,B005
R004_up_T018,R004_up,S018,2025-10-08 20:56:50,2025-10-08 20:58:46,7,12,1,2025-10-08,B005
R004_up_T018,R004_up,S056,2025-10-08 21:08:45,2025-10-08 21:11:25,7,19,7,2025-10-08,B005
R004_up_T018,R004_up,S004,2025-10-08 21:13:03,2025-10-08 21:15:33,7,18,2,2025-10-08,B005
R004_up_T019,R004_up,S014,2025-10-08 19:45:00,2025-10-08 19:46:57,2,13,0,2025-10-08,B012
R004_up_T019,R004_up,S034,2025-10-08 19:58:29,2025-10-08 20:01:17,1,19,7,2025-10-08,B012
R004_up_T019,R004_up,S007,2025-10-08 20:00:19,2025-10-08 20:01:33,2,8,0,2025-10-08,B012
R004_up_T019,R004_up,S049,2025-10-08 20:15:02,2025-10-08 20:17:10,9,18,5,2025-10-08,B012
R004_up_T019,R004_up,S016,2025-10-08 20:23:33,2025-10-08 20:25:35,11,13,7,2025-10-08,B012
R004_up_T019,R004_up,S003,2025-10-08 20:24:15,2025-10-08 20:25:21,6,10,-1,2025-10-08,B012
R004_up_T019,R004_up,S043,2025-10-08 20:41:30,2025-10-08 20:44:11,9,10,8,2025-10-08,B012
R004_up_T019,R004_up,S023,2025-10-08 20:42:24,2025-10-08 20:44:27,6,10,-2,2025-10-08,B012
R004_up_T019,R004_up,S013,2025-10-08 20:52:51,2025-10-08 20:55:17,3,9,2,2025-10-08,B012
R004_up_T019,R004_up,S012,2025-10-08 21:03:20,2025-10-08 21:04:30,10,18,5,2025-10-08,B012
R004_up_T019,R004_up,S052,2025-10-08 21:06:36,2025-10-08 21:08:34,5,18,0,2025-10-08,B012
R004_up_T019,R004_up,S053,2025-10-08 21:14:54,2025-10-08 21:17:53,8,18,-1,2025-10-08,B012
R004_up_T019,R004_up,S018,2025-10-08 21:28:25,2025-10-08 21:30:53,0,15,1,2025-10-08,B012
R004_up_T019,R004_up,S056,2025-10-08 21:35:51,2025-10-08 21:38:28,5,4,2,2025-10-08,B012
R004_up_T019,R004_up,S004,2025-10-08 21:42:40,2025-10-08 21:45:14,9,11,1,2025-10-08,B012
R004_up_T020,R004_up,S014,2025-10-08 20:08:00,2025-10-08 20:10:26,11,12,1,2025-10-08,B008
R004_up_T020,R004_up,S034,2025-10-08 20:13:34,2025-10-08 20:15:31,10,8,0,2025-10-08,B008
R004_up_T020,R004_up,S007,2025-10-08 20:22:34,2025-10-08 20:25:10,5,21,2,2025-10-08,B008
R004_up_T020,R004_up,S049,2025-10-08 20:33:23,2025-10-08 20:35:44,3,13,2,2025-10-08,B008
R004_up_T020,R004_up,S016,2025-10-08 20:47:41,2025-10-08 20:48:52,11,14,8,2025-10-08,B008
R004_up_T020,R004_up,S003,2025-10-08 20:44:39,2025-10-08 20:46:07,6,12,-2,2025-10-08,B008
R004_up_T020,R004_up,S043,2025-10-08 20:56:32,2025-10-08 20:59:04,5,9,2,2025-10-08,B008
R004_up_T020,R004_up,S023,2025-10-08 21:09:13,2025-10-08 21:11:46,9,16,5,2025-10-08,B008
R004_up_T020,R004_up,S013,2025-10-08 21:12:36,2025-10-08 21:15:17,6,7,1,2025-10-08,B008
R004_up_T020,R004_up,S012,2025-10-08 21:21:22,2025-10-08 21:23:47,2,12,2,2025-10-08,B008
R004_up_T020,R004_up,S052,2025-10-08 21:29:15,2025-10-08 21:31:18,3,9,1,2025-10-08,B008
R004_up_T020,R004_up,S053,2025-10-08 21:41:41,2025-10-08 21:44:34,2,17,3,2025-10-08,B008
R004_up_T020,R004_up,S018,2025-10-08 21:57:57,2025-10-08 22:00:54,6,18,8,2025-10-08,B008
R004_up_T020,R004_up,S056,2025-10-08 21:54:50,2025-10-08 21:56:04,7,8,-2,2025-10-08,B008
R004_up_T020,R004_up,S004,2025-10-08 22:06:56,2025-10-08 22:09:07,6,19,3,2025-10-08,B008
R004_up_T021,R004_up,S014,2025-10-08 21:01:00,2025-10-08 21:02:02,0,13,1,2025-10-08,B020
R004_up_T021,R004_up,S034,2025-10-08 21:07:20,2025-10-08 21:09:58,6,8,2,2025-10-08,B020
R004_up_T021,R004_up,S007,2025-10-08 21:12:36,2025-10-08 21:15:35,9,20,0,2025-10-08,B020
R004_up_T021,R004_up,S049,2025-10-08 21:21:31,2025-10-08 21:23:18,6,17,-1,2025-10-08,B020
R004_up_T021,R004_up,S016,2025-10-08 21:35:33,2025-10-08 21:37:02,9,7,7,2025-10-08,B020
R004_up_T021,R004_up,S003,2025-10-08 21:35:59,2025-10-08 21:38:47,11,20,-1,2025-10-08,B020
R004_up_T021,R004_up,S043,2025-10-08 21:51:55,2025-10-08 21:53:45,7,6,7,2025-10-08,B020
R004_up_T021,R004_up,S023,2025-10-08 22:00:01,2025-10-08 22:01:25,6,19,6,2025-10-08,B020
R004_up_T021,R004_up,S013,2025-10-08 22:05:04,2025-10-08 22:06:44,0,10,5,2025-10-08,B020
R004_up_T021,R004_up,S012,2025-10-08 22:09:24,2025-10-08 22:11:07,11,21,3,2025-10-08,B020
R004_up_T021,R004_up,S052,2025-10-08 22:18:47,2025-10-08 22:21:20,7,18,5,2025-10-08,B020
R004_up_T021,R004_up,S053,2025-10-08 22:25:17,2025-10-08 22:27:36,11,15,2,2025-10-08,B020
R004_up_T021,R004_up,S018,2025-10-08 22:41:30,2025-10-08 22:43:57,0,15,8,2025-10-08,B020
R004_up_T021,R004_up,S056,2025-10-08 22:47:53,2025-10-08 22:50:13,7,19,7,2025-10-08,B020
R004_up_T021,R004_up,S004,2025-10-08 22:55:10,2025-10-08 22:56:26,6,13,6,2025-10-08,B020
R004_up_T022,R004_up,S014,2025-10-08 21:44:00,2025-10-08 21:46:10,5,21,6,2025-10-08,B017
R004_up_T022,R004_up,S034,2025-10-08 21:49:19,2025-10-08 21:52:09,7,21,5,2025-10-08,B017
R004_up_T022,R004_up,S007,2025-10-08 21:55:54,2025-10-08 21:58:45,4,16,3,2025-10-08,B017
R004_up_T022,R004_up,S049,2025-10-08 22:00:56,2025-10-08 22:03:16,4,11,-2,2025-10-08,B017
R004_up_T022,R004_up,S016,2025-10-08 22:14:37,2025-10-08 22:17:22,6,10,5,2025-10-08,B017
R004_up_T022,R004_up,S003,2025-10-08 22:26:59,2025-10-08 22:28:57,4,12,8,2025-10-08,B017
R004_up_T022,R004_up,S043,2025-10-08 22:31:39,2025-10-08 22:33:47,9,7,4,2025-10-08,B017
R004_up_T022,R004_up,S023,2025-10-08 22:44:04,2025-10-08 22:45:47,2,17,8,2025-10-08,B017
R004_up_T022,R004_up,S013,2025-10-08 22:44:36,2025-10-08 22:46:15,6,12,2,2025-10-08,B017
R004_up_T022,R004_up,S012,2025-10-08 22:49:04,2025-10-08 22:51:15,7,20,-1,2025-10-08,B017
R004_up_T022,R004_up,S052,2025-10-08 23:06:29,2025-10-08 23:08:01,5,12,8,2025-10-08,B017
R004_up_T022,R004_up,S053,2025-10-08 23:17:52,2025-10-08 23:19:12,7,6,8,2025-10-08,B017
R004_up_T022,R004_up,S018,2025-10-08 23:24:14,2025-10-08 23:25:43,12,6,7,2025-10-08,B017
R004_up_T022,R004_up,S056,2025-10-08 23:20:28,2025-10-08 23:23:25,9,7,-2,2025-10-08,B017
R004_up_T022,R004_up,S004,2025-10-08 23:32:29,2025-10-08 23:35:18,9,4,0,2025-10-08,B017
R004_up_T023,R004_up,S014,2025-10-08 22:01:00,2025-10-08 22:02:59,16,23,1,2025-10-08,B022
R004_up_T023,R004_up,S034,2025-10-08 22:13:27,2025-10-08 22:16:26,1,15,7,2025-10-08,B022
R004_up_T023,R004_up,S007,2025-10-08 22:14:58,2025-10-08 22:16:27,3,20,1,2025-10-08,B022
R004_up_T023,R004_up,S049,2025-10-08 22:29:20,2025-10-08 22:30:25,4,16,4,2025-10-08,B022
R004_up_T023,R004_up,S016,2025-10-08 22:32:59,2025-10-08 22:35:14,8,15,1,2025-10-08,B022
R004_up_T023,R004_up,S003,2025-10-08 22:48:28,2025-10-08 22:50:51,8,16,7,2025-10-08,B022
R004_up_T023,R004_up,S043,2025-10-08 22:52:17,2025-10-08 22:53:40,3,16,1,2025-10-08,B022
R004_up_T023,R004_up,S023,2025-10-08 23:02:49,2025-10-08 23:04:41,7,0,2,2025-10-08,B022
R004_up_T023,R004_up,S013,2025-10-08 23:13:22,2025-10-08 23:16:06,6,9,6,2025-10-08,B022
R004_up_T023,R004_up,S012,2025-10-08 23:20:29,2025-10-08 23:22:10,7,0,6,2025-10-08,B022
R004_up_T023,R004_up,S052,2025-10-08 23:24:34,2025-10-08 23:25:48,6,9,3,2025-10-08,B022
R004_up_T023,R004_up,S053,2025-10-08 23:33:44,2025-10-08 23:35:20,10,8,3,2025-10-08,B022
R004_up_T023,R004_up,S018,2025-10-08 23:45:02,2025-10-08 23:46:42,5,5,4,2025-10-08,B022
R004_up_T023,R004_up,S056,2025-10-08 23:48:11,2025-10-08 23:50:26,8,4,2,2025-10-08,B022
R004_up_T023,R004_up,S004,2025-10-09 00:00:17,2025-10-09 00:01:26,1,1,5,2025-10-08,B022
R004_up_T024,R004_up,S014,2025-10-08 22:20:00,2025-10-08 22:21:36,4,11,1,2025-10-08,B022
R004_up_T024,R004_up,S034,2025-10-08 22:30:15,2025-10-08 22:32:07,7,14,6,2025-10-08,B022
R004_up_T024,R004_up,S007,2025-10-08 22:28:48,2025-10-08 22:29:56,4,12,-2,2025-10-08,B022
R004_up_T024,R004_up,S049,2025-10-08 22:45:51,2025-10-08 22:48:06,4,15,4,2025-10-08,B022
R004_up_T024,R004_up,S016,2025-10-08 22:55:46,2025-10-08 22:57:00,6,6,6,2025-10-08,B022
R004_up_T024,R004_up,S003,2025-10-08 22:57:05,2025-10-08 22:59:01,5,14,-1,2025-10-08,B022
R004_up_T024,R004_up,S043,2025-10-08 23:11:22,2025-10-08 23:12:54,10,4,5,2025-10-08,B022
R004_up_T024,R004_up,S023,2025-10-08 23:17:14,2025-10-08 23:18:50,8,6,3,2025-10-08,B022
R004_up_T024,R004_up,S013,2025-10-08 23:24:32,2025-10-08 23:27:13,5,9,4,2025-10-08,B022
R004_up_T024,R004_up,S012,2025-10-08 23:26:12,2025-10-08 23:28:03,8,7,-2,2025-10-08,B022
R004_up_T024,R004_up,S052,2025-10-08 23:44:27,2025-10-08 23:45:41,3,7,8,2025-10-08,B022
R004_up_T024,R004_up,S053,2025-10-08 23:49:31,2025-10-08 23:50:51,9,2,2,2025-10-08,B022
R004_up_T024,R004_up,S018,2025-10-08 23:57:22,2025-10-09 00:00:12,9,13,1,2025-10-08,B022
R004_up_T024,R004_up,S056,2025-10-09 00:06:48,2025-10-09 00:08:19,6,3,4,2025-10-08,B022
R004_up_T024,R004_up,S004,2025-10-09 00:08:41,2025-10-09 00:09:51,8,8,-2,2025-10-08,B022
R004_up_T025,R004_up,S014,2025-10-08 22:41:00,2025-10-08 22:43:14,8,14,0,2025-10-08,B010
R004_up_T025,R004_up,S034,2025-10-08 22:50:18,2025-10-08 22:51:27,5,16,3,2025-10-08,B010
R004_up_T025,R004_up,S007,2025-10-08 22:52:33,2025-10-08 22:55:03,5,16,-1,2025-10-08,B010
R004_up_T025,R004_up,S049,2025-10-08 23:04:03,2025-10-08 23:05:41,8,7,1,2025-10-08,B010
R004_up_T025,R004_up,S016,2025-10-08 23:17:05,2025-10-08 23:18:57,9,9,8,2025-10-08,B010
R004_up_T025,R004_up,S003,2025-10-08 23:23:12,2025-10-08 23:25:22,7,4,5,2025-10-08,B010
R004_up_T025,R004_up,S043,2025-10-08 23:30:32,2025-10-08 23:31:39,6,12,5,2025-10-08,B010
R004_up_T025,R004_up,S023,2025-10-08 23:31:38,2025-10-08 23:33:47,10,10,-2,2025-10-08,B010
R004_up_T025,R004_up,S013,2025-10-08 23:40:29,2025-10-08 23:42:57,4,5,0,2025-10-08,B010
R004_up_T025,R004_up,S012,2025-10-08 23:48:45,2025-10-08 23:51:36,5,1,1,2025-10-08,B010
R004_up_T025,R004_up,S052,2025-10-08 23:57:54,2025-10-08 23:58:54,10,5,2,2025-10-08,B010
R004_up_T025,R004_up,S053,2025-10-09 00:04:30,2025-10-09 00:07:08,10,7,-2,2025-10-08,B010
R004_up_T025,R004_up,S018,2025-10-09 00:23:31,2025-10-09 00:25:10,9,0,8,2025-10-08,B010
R004_up_T025,R004_up,S056,2025-10-09 00:23:47,2025-10-09 00:26:01,5,7,2,2025-10-08,B010
R004_up_T025,R004_up,S004,2025-10-09 00:32:03,2025-10-09 00:34:56,9,3,1,2025-10-08,B010
R004_down_T001,R004_down,S004,2025-10-08 06:54:00,2025-10-08 06:56:57,6,10,-2,2025-10-08,B021
R004_down_T001,R004_down,S056,2025-10-08 07:01:00,2025-10-08 07:02:28,12,19,-2,2025-10-08,B021
R004_down_T001,R004_down,S018,2025-10-08 07:19:55,2025-10-08 07:22:16,0,10,8,2025-10-08,B021
R004_down_T001,R004_down,S053,2025-10-08 07:21:12,2025-10-08 07:23:47,6,9,2,2025-10-08,B021
R004_down_T001,R004_down,S052,2025-10-08 07:37:09,2025-10-08 07:39:18,6,19,8,2025-10-08,B021
R004_down_T001,R004_down,S012,2025-10-08 07:36:12,2025-10-08 07:38:06,7,17,1,2025-10-08,B021
R004_down_T001,R004_down,S013,2025-10-08 07:43:10,2025-10-08 07:45:54,8,22,-1,2025-10-08,B021
R004_down_T001,R004_down,S023,2025-10-08 07:58:19,2025-10-08 08:00:12,16,5,4,2025-10-08,B021
R004_down_T001,R004_down,S043,2025-10-08 08:06:23,2025-10-08 08:07:46,0,15,4,2025-10-08,B021
R004_down_T001,R004_down,S003,2025-10-08 08:07:39,2025-10-08 08:10:26,9,19,-2,2025-10-08,B021
R004_down_T001,R004_down,S016,2025-10-08 08:16:10,2025-10-08 08:18:22,0,21,-2,2025-10-08,B021
R004_down_T001,R004_down,S049,2025-10-08 08:25:51,2025-10-08 08:28:29,10,11,1,2025-10-08,B021
R004_down_T001,R004_down,S007,2025-10-08 08:38:14,2025-10-08 08:40:28,3,15,5,2025-10-08,B021
R004_down_T001,R004_down,S034,2025-10-08 08:43:13,2025-10-08 08:44:59,6,7,0,2025-10-08,B021
R004_down_T001,R004_down,S014,2025-10-08 08:56:57,2025-10-08 08:59:17,2,15,5,2025-10-08,B021
R004_down_T002,R004_down,S004,2025-10-08 07:49:00,2025-10-08 07:50:41,4,30,-1,2025-10-08,B011
R004_down_T002,R004_down,S056,2025-10-08 07:54:36,2025-10-08 07:57:20,7,10,-1,2025-10-08,B011
R004_down_T002,R004_down,S018,2025-10-08 08:12:05,2025-10-08 08:14:45,5,11,5,2025-10-08,B011
R004_down_T002,R004_down,S053,2025-10-08 08:19:28,2025-10-08 08:21:05,7,21,6,2025-10-08,B011
R004_down_T002,R004_down,S052,2025-10-08 08:29:12,2025-10-08 08:31:01,4,13,7,2025-10-08,B011
R004_down_T002,R004_down,S012,2025-10-08 08:29:50,2025-10-08 08:32:42,3,6,2,2025-10-08,B011
R004_down_T002,R004_down,S013,2025-10-08 08:44:59,2025-10-08 08:46:00,6,12,8,2025-10-08,B011
R004_down_T002,R004_down,S023,2025-10-08 08:49:48,2025-10-08 08:51:19,7,15,5,2025-10-08,B011
R004_down_T002,R004_down,S043,2025-10-08 08:52:52,2025-10-08 08:54:27,2,19,-1,2025-10-08,B011
R004_down_T002,R004_down,S003,2025-10-08 09:03:05,2025-10-08 09:04:33,11,10,1,2025-10-08,B011
R004_down_T002,R004_down,S016,2025-10-08 09:10:23,2025-10-08 09:13:07,5,21,0,2025-10-08,B011
R004_down_T002,R004_down,S049,2025-10-08 09:19:32,2025-10-08 09:22:21,6,18,1,2025-10-08,B011
R004_down_T002,R004_down,S007,2025-10-08 09:32:43,2025-10-08 09:34:39,3,11,5,2025-10-08,B011
R004_down_T002,R004_down,S034,2025-10-08 09:45:35,2025-10-08 09:47:06,5,23,6,2025-10-08,B011
R004_down_T002,R004_down,S014,2025-10-08 09:50:38,2025-10-08 09:52:42,5,10,1,2025-10-08,B011
R004_down_T003,R004_down,S004,2025-10-08 08:10:00,2025-10-08 08:11:46,9,15,-2,2025-10-08,B001
R004_down_T003,R004_down,S056,2025-10-08 08:21:06,2025-10-08 08:23:23,6,12,3,2025-10-08,B001
R004_down_T003,R004_down,S018,2025-10-08 08:33:06,2025-10-08 08:35:18,7,11,6,2025-10-08,B001
R004_down_T003,R004_down,S053,2025-10-08 08:41:01,2025-10-08 08:42:56,3,16,7,2025-10-08,B001
R004_down_T003,R004_down,S052,2025-10-08 08:47:46,2025-10-08 08:49:12,3,3,4,2025-10-08,B001
R004_down_T003,R004_down,S012,2025-10-08 08:47:13,2025-10-08 08:48:52,6,11,-2,2025-10-08,B001
R004_down_T003,R004_down,S013,2025-10-08 09:00:42,2025-10-08 09:02:51,7,13,4,2025-10-08,B001
R004_down_T003,R004_down,S023,2025-10-08 09:04:04,2025-10-08 09:06:08,9,9,-2,2025-10-08,B001
R004_down_T003,R004_down,S043,2025-10-08 09:16:08,2025-10-08 09:18:54,12,18,0,2025-10-08,B001
R004_down_T003,R004_down,S003,2025-10-08 09:32:32,2025-10-08 09:33:53,4,12,8,2025-10-08,B001
R004_down_T003,R004_down,S016,2025-10-08 09:29:15,2025-10-08 09:31:02,8,15,-2,2025-10-08,B001
R004_down_T003,R004_down,S049,2025-10-08 09:44:39,2025-10-08 09:47:06,7,18,6,2025-10-08,B001
R004_down_T003,R004_down,S007,2025-10-08 09:48:00,2025-10-08 09:50:28,6,8,1,2025-10-08,B001
R004_down_T003,R004_down,S034,2025-10-08 10:02:14,2025-10-08 10:04:03,10,14,4,2025-10-08,B001
R004_down_T003,R004_down,S014,2025-10-08 10:08:25,2025-10-08 10:10:44,7,6,1,2025-10-08,B001
R004_down_T004,R004_down,S004,2025-10-08 08:43:00,2025-10-08 08:45:38,9,22,8,2025-10-08,B011
R004_down_T004,R004_down,S056,2025-10-08 08:40:05,2025-10-08 08:41:47,8,18,-2,2025-10-08,B011
R004_down_T004,R004_down,S018,2025-10-08 08:56:47,2025-10-08 08:58:33,7,10,5,2025-10-08,B011
R004_down_T004,R004_down,S053,2025-10-08 09:05:10,2025-10-08 09:07:59,1,22,7,2025-10-08,B011
R004_down_T004,R004_down,S052,2025-10-08 09:14:49,2025-10-08 09:17:03,11,15,6,2025-10-08,B011
R004_down_T004,R004_down,S012,2025-10-08 09:15:39,2025-10-08 09:16:40,5,14,1,2025-10-08,B011
R004_down_T004,R004_down,S013,2025-10-08 09:20:51,2025-10-08 09:22:14,3,11,-1,2025-10-08,B011
R004_down_T004,R004_down,S023,2025-10-08 09:32:27,2025-10-08 09:34:07,2,7,4,2025-10-08,B011
R004_down_T004,R004_down,S043,2025-10-08 09:37:13,2025-10-08 09:39:10,7,11,0,2025-10-08,B011
R004_down_T004,R004_down,S003,2025-10-08 09:43:30,2025-10-08 09:45:36,4,20,-1,2025-10-08,B011
R004_down_T004,R004_down,S016,2025-10-08 09:54:58,2025-10-08 09:56:04,6,11,2,2025-10-08,B011
R004_down_T004,R004_down,S049,2025-10-08 10:02:07,2025-10-08 10:04:18,7,17,2,2025-10-08,B011
R004_down_T004,R004_down,S007,2025-10-08 10:15:19,2025-10-08 10:16:26,6,20,6,2025-10-08,B011
R004_down_T004,R004_down,S034,2025-10-08 10:20:23,2025-10-08 10:22:08,4,14,2,2025-10-08,B011
R004_down_T004,R004_down,S014,2025-10-08 10:36:12,2025-10-08 10:37:46,2,14,8,2025-10-08,B011
R004_down_T005,R004_down,S004,2025-10-08 09:01:00,2025-10-08 09:02:54,6,10,2,2025-10-08,B019
R004_down_T005,R004_down,S056,2025-10-08 09:04:52,2025-10-08 09:06:05,6,17,0,2025-10-08,B019
R004_down_T005,R004_down,S018,2025-10-08 09:16:04,2025-10-08 09:18:56,5,10,4,2025-10-08,B019
R004_down_T005,R004_down,S053,2025-10-08 09:24:18,2025-10-08 09:26:18,6,14,5,2025-10-08,B019
R004_down_T005,R004_down,S052,2025-10-08 09:27:45,2025-10-08 09:29:30,6,17,-2,2025-10-08,B019
R004_down_T005,R004_down,S012,2025-10-08 09:43:24,2025-10-08 09:45:15,3,12,7,2025-10-08,B019
R004_down_T005,R004_down,S013,2025-10-08 09:47:27,2025-10-08 09:49:45,3,14,3,2025-10-08,B019
R004_down_T005,R004_down,S023,2025-10-08 09:52:25,2025-10-08 09:55:05,7,12,-1,2025-10-08,B019
R004_down_T005,R004_down,S043,2025-10-08 10:09:39,2025-10-08 10:12:29,5,10,7,2025-10-08,B019
R004_down_T005,R004_down,S003,2025-10-08 10:10:15,2025-10-08 10:12:21,3,13,-1,2025-10-08,B019
R004_down_T005,R004_down,S016,2025-10-08 10:26:47,2025-10-08 10:28:57,6,14,6,2025-10-08,B019
R004_down_T005,R004_down,S049,2025-10-08 10:32:38,2025-10-08 10:34:18,3,16,4,2025-10-08,B019
R004_down_T005,R004_down,S007,2025-10-08 10:44:01,2025-10-08 10:46:43,4,12,7,2025-10-08,B019
R004_down_T005,R004_down,S034,2025-10-08 10:47:38,2025-10-08 10:49:28,11,16,-1,2025-10-08,B019
R004_down_T005,R004_down,S014,2025-10-08 10:58:56,2025-10-08 11:00:07,4,20,0,2025-10-08,B019
R004_down_T006,R004_down,S004,2025-10-08 09:18:00,2025-10-08 09:20:05,10,11,-1,2025-10-08,B001
R004_down_T006,R004_down,S056,2025-10-08 09:30:46,2025-10-08 09:33:15,5,12,5,2025-10-08,B001
R004_down_T006,R004_down,S018,2025-10-08 09:32:20,2025-10-08 09:34:48,4,9,-2,2025-10-08,B001
R004_down_T006,R004_down,S053,2025-10-08 09:39:11,2025-10-08 09:41:31,9,22,-2,2025-10-08,B001
R004_down_T006,R004_down,S052,2025-10-08 09:50:29,2025-10-08 09:53:14,6,12,-2,2025-10-08,B001
R004_down_T006,R004_down,S012,2025-10-08 10:00:43,2025-10-08 10:03:13,9,15,1,2025-10-08,B001
R004_down_T006,R004_down,S013,2025-10-08 10:10:21,2025-10-08 10:12:02,5,7,3,2025-10-08,B001
R004_down_T006,R004_down,S023,2025-10-08 10:13:31,2025-10-08 10:15:36,0,13,-2,2025-10-08,B001
R004_down_T006,R004_down,S043,2025-10-08 10:28:45,2025-10-08 10:31:26,4,15,5,2025-10-08,B001
R004_down_T006,R004_down,S003,2025-10-08 10:37:35,2025-10-08 10:40:24,9,16,5,2025-10-08,B001
R004_down_T006,R004_down,S016,2025-10-08 10:42:03,2025-10-08 10:44:08,10,7,1,2025-10-08,B001
R004_down_T006,R004_down,S049,2025-10-08 10:54:16,2025-10-08 10:56:13,10,7,6,2025-10-08,B001
R004_down_T006,R004_down,S007,2025-10-08 10:58:04,2025-10-08 10:59:32,2,7,2,2025-10-08,B001
R004_down_T006,R004_down,S034,2025-10-08 11:09:38,2025-10-08 11:11:51,8,1,5,2025-10-08,B001
R004_down_T006,R004_down,S014,2025-10-08 11:11:49,2025-10-08 11:13:34,13,4,-2,2025-10-08,B001
R004_down_T007,R004_down,S004,2025-10-08 10:18:00,2025-10-08 10:19:39,11,10,7,2025-10-08,B018
R004_down_T007,R004_down,S056,2025-10-08 10:22:14,2025-10-08 10:24:10,4,0,6,2025-10-08,B018
R004_down_T007,R004_down,S018,2025-10-08 10:26:19,2025-10-08 10:28:39,11,11,0,2025-10-08,B018
R004_down_T007,R004_down,S053,2025-10-08 10:34:08,2025-10-08 10:35:59,9,15,2,2025-10-08,B018
R004_down_T007,R004_down,S052,2025-10-08 10:47:44,2025-10-08 10:50:18,8,9,5,2025-10-08,B018
R004_down_T007,R004_down,S012,2025-10-08 10:56:01,2025-10-08 10:57:12,7,14,6,2025-10-08,B018
R004_down_T007,R004_down,S013,2025-10-08 11:06:42,2025-10-08 11:08:16,4,16,8,2025-10-08,B018
R004_down_T007,R004_down,S023,2025-10-08 11:09:50,2025-10-08 11:11:54,7,8,3,2025-10-08,B018
R004_down_T007,R004_down,S043,2025-10-08 11:15:19,2025-10-08 11:17:11,6,6,-1,2025-10-08,B018
R004_down_T007,R004_down,S003,2025-10-08 11:33:24,2025-10-08 11:34:58,7,9,8,2025-10-08,B018
R004_down_T007,R004_down,S016,2025-10-08 11:31:46,2025-10-08 11:33:22,2,7,-2,2025-10-08,B018
R004_down_T007,R004_down,S049,2025-10-08 11:40:58,2025-10-08 11:42:05,11,6,0,2025-10-08,B018
R004_down_T007,R004_down,S007,2025-10-08 11:52:43,2025-10-08 11:54:01,12,8,5,2025-10-08,B018
R004_down_T007,R004_down,S034,2025-10-08 12:01:57,2025-10-08 12:04:27,9,3,4,2025-10-08,B018
R004_down_T007,R004_down,S014,2025-10-08 12:09:09,2025-10-08 12:10:23,7,4,1,2025-10-08,B018
R004_down_T008,R004_down,S004,2025-10-08 11:00:00,2025-10-08 11:02:44,0,13,7,2025-10-08,B010
R004_down_T008,R004_down,S056,2025-10-08 11:05:33,2025-10-08 11:07:15,1,17,6,2025-10-08,B010
R004_down_T008,R004_down,S018,2025-10-08 11:08:21,2025-10-08 11:10:47,6,9,1,2025-10-08,B010
R004_down_T008,R004_down,S053,2025-10-08 11:13:19,2025-10-08 11:15:00,9,6,-1,2025-10-08,B010
R004_down_T008,R004_down,S052,2025-10-08 11:28:50,2025-10-08 11:30:55,6,4,4,2025-10-08,B010
R004_down_T008,R004_down,S012,2025-10-08 11:29:15,2025-10-08 11:31:15,10,9,-2,2025-10-08,B010
R004_down_T008,R004_down,S013,2025-10-08 11:39:39,2025-10-08 11:40:53,6,3,0,2025-10-08,B010
R004_down_T008,R004_down,S023,2025-10-08 11:47:08,2025-10-08 11:48:31,2,6,0,2025-10-08,B010
R004_down_T008,R004_down,S043,2025-10-08 11:56:35,2025-10-08 11:58:10,10,7,1,2025-10-08,B010
R004_down_T008,R004_down,S003,2025-10-08 12:03:07,2025-10-08 12:04:34,8,8,0,2025-10-08,B010
R004_down_T008,R004_down,S016,2025-10-08 12:19:25,2025-10-08 12:20:42,5,1,8,2025-10-08,B010
R004_down_T008,R004_down,S049,2025-10-08 12:21:26,2025-10-08 12:23:33,12,5,3,2025-10-08,B010
R004_down_T008,R004_down,S007,2025-10-08 12:30:53,2025-10-08 12:32:36,9,2,5,2025-10-08,B010
R004_down_T008,R004_down,S034,2025-10-08 12:42:52,2025-10-08 12:45:33,6,5,7,2025-10-08,B010
R004_down_T008,R004_down,S014,2025-10-08 12:55:07,2025-10-08 12:57:27,8,4,8,2025-10-08,B010
R004_down_T009,R004_down,S004,2025-10-08 11:48:00,2025-10-08 11:50:47,9,7,0,2025-10-08,B006
R004_down_T009,R004_down,S056,2025-10-08 12:03:43,2025-10-08 12:05:01,8,6,8,2025-10-08,B006
R004_down_T009,R004_down,S018,2025-10-08 12:04:35,2025-10-08 12:05:58,7,3,0,2025-10-08,B006
R004_down_T009,R004_down,S053,2025-10-08 12:09:39,2025-10-08 12:12:10,9,7,0,2025-10-08,B006
R004_down_T009,R004_down,S052,2025-10-08 12:27:26,2025-10-08 12:28:54,6,4,6,2025-10-08,B006
R004_down_T009,R004_down,S012,2025-10-08 12:26:26,2025-10-08 12:27:46,11,8,0,2025-10-08,B006
R004_down_T009,R004_down,S013,2025-10-08 12:35:57,2025-10-08 12:38:15,11,1,1,2025-10-08,B006
R004_down_T009,R004_down,S023,2025-10-08 12:40:38,2025-10-08 12:41:52,6,5,-2,2025-10-08,B006
R004_down_T009,R004_down,S043,2025-10-08 12:53:34,2025-10-08 12:55:52,0,4,1,2025-10-08,B006
R004_down_T009,R004_down,S003,2025-10-08 12:59:30,2025-10-08 13:01:55,6,8,-2,2025-10-08,B006
R004_down_T009,R004_down,S016,2025-10-08 13:12:05,2025-10-08 13:14:08,8,1,2,2025-10-08,B006
R004_down_T009,R004_down,S049,2025-10-08 13:26:06,2025-10-08 13:29:05,12,7,8,2025-10-08,B006
R004_down_T009,R004_down,S007,2025-10-08 13:28:38,2025-10-08 13:31:23,7,4,1,2025-10-08,B006
R004_down_T009,R004_down,S034,2025-10-08 13:41:46,2025-10-08 13:43:23,4,6,2,2025-10-08,B006
R004_down_T009,R004_down,S014,2025-10-08 13:46:26,2025-10-08 13:49:00,10,3,-2,2025-10-08,B006
R004_down_T010,R004_down,S004,2025-10-08 13:18:00,2025-10-08 13:20:55,7,7,-2,2025-10-08,B021
R004_down_T010,R004_down,S056,2025-10-08 13:26:27,2025-10-08 13:27:54,6,7,-1,2025-10-08,B021
R004_down_T010,R004_down,S018,2025-10-08 13:39:56,2025-10-08 13:41:55,3,6,4,2025-10-08,B021
R004_down_T010,R004_down,S053,2025-10-08 13:46:11,2025-10-08 13:48:29,4,7,4,2025-10-08,B021
R004_down_T010,R004_down,S052,2025-10-08 13:52:32,2025-10-08 13:55:07,13,8,-1,2025-10-08,B021
R004_down_T010,R004_down,S012,2025-10-08 13:59:05,2025-10-08 14:00:10,8,4,-2,2025-10-08,B021
R004_down_T010,R004_down,S013,2025-10-08 14:15:27,2025-10-08 14:18:27,11,4,7,2025-10-08,B021
R004_down_T010,R004_down,S023,2025-10-08 14:15:22,2025-10-08 14:17:36,12,6,-2,2025-10-08,B021
R004_down_T010,R004_down,S043,2025-10-08 14:30:51,2025-10-08 14:33:28,2,4,3,2025-10-08,B021
R004_down_T010,R004_down,S003,2025-10-08 14:40:58,2025-10-08 14:42:35,9,7,4,2025-10-08,B021
R004_down_T010,R004_down,S016,2025-10-08 14:44:53,2025-10-08 14:46:05,11,7,0,2025-10-08,B021
R004_down_T010,R004_down,S049,2025-10-08 14:51:07,2025-10-08 14:52:17,7,7,0,2025-10-08,B021
R004_down_T010,R004_down,S007,2025-10-08 15:04:34,2025-10-08 15:05:44,10,6,6,2025-10-08,B021
R004_down_T010,R004_down,S034,2025-10-08 15:06:36,2025-10-08 15:09:35,6,3,-1,2025-10-08,B021
R004_down_T010,R004_down,S014,2025-10-08 15:17:40,2025-10-08 15:20:30,4,7,1,2025-10-08,B021
R004_down_T011,R004_down,S004,2025-10-08 15:02:00,2025-10-08 15:03:56,5,4,7,2025-10-08,B013
R004_down_T011,R004_down,S056,2025-10-08 15:03:41,2025-10-08 15:06:07,10,1,3,2025-10-08,B013
R004_down_T011,R004_down,S018,2025-10-08 15:18:04,2025-10-08 15:19:20,8,3,8,2025-10-08,B013
R004_down_T011,R004_down,S053,2025-10-08 15:19:18,2025-10-08 15:21:11,7,9,4,2025-10-08,B013
R004_down_T011,R004_down,S052,2025-10-08 15:25:00,2025-10-08 15:26:06,3,4,0,2025-10-08,B013
R004_down_T011,R004_down,S012,2025-10-08 15:29:39,2025-10-08 15:31:00,7,8,-1,2025-10-08,B013
R004_down_T011,R004_down,S013,2025-10-08 15:39:45,2025-10-08 15:42:39,7,5,1,2025-10-08,B013
R004_down_T011,R004_down,S023,2025-10-08 15:49:53,2025-10-08 15:52:07,9,1,1,2025-10-08,B013
R004_down_T011,R004_down,S043,2025-10-08 16:02:25,2025-10-08 16:04:07,5,5,4,2025-10-08,B013
R004_down_T011,R004_down,S003,2025-10-08 16:08:14,2025-10-08 16:10:50,10,7,3,2025-10-08,B013
R004_down_T011,R004_down,S016,2025-10-08 16:19:42,2025-10-08 16:20:58,4,8,5,2025-10-08,B013
R004_down_T011,R004_down,S049,2025-10-08 16:23:42,2025-10-08 16:26:30,4,8,2,2025-10-08,B013
R004_down_T011,R004_down,S007,2025-10-08 16:32:53,2025-10-08 16:34:38,7,3,3,2025-10-08,B013
R004_down_T011,R004_down,S034,2025-10-08 16:36:39,2025-10-08 16:38:16,3,6,-2,2025-10-08,B013
R004_down_T011,R004_down,S014,2025-10-08 16:53:14,2025-10-08 16:54:28,12,0,5,2025-10-08,B013
R004_down_T012,R004_down,S004,2025-10-08 17:01:00,2025-10-08 17:02:14,6,5,3,2025-10-08,B019
R004_down_T012,R004_down,S056,2025-10-08 17:03:10,2025-10-08 17:04:11,22,8,-1,2025-10-08,B019
R004_down_T012,R004_down,S018,2025-10-08 17:12:06,2025-10-08 17:15:06,13,4,0,2025-10-08,B019
R004_down_T012,R004_down,S053,2025-10-08 17:17:05,2025-10-08 17:19:41,12,7,-2,2025-10-08,B019
R004_down_T012,R004_down,S052,2025-10-08 17:31:47,2025-10-08 17:33:56,14,8,3,2025-10-08,B019
R004_down_T012,R004_down,S012,2025-10-08 17:42:24,2025-10-08 17:44:15,18,2,8,2025-10-08,B019
R004_down_T012,R004_down,S013,2025-10-08 17:40:35,2025-10-08 17:41:42,19,6,-1,2025-10-08,B019
R004_down_T012,R004_down,S023,2025-10-08 17:54:33,2025-10-08 17:57:29,9,8,5,2025-10-08,B019
R004_down_T012,R004_down,S043,2025-10-08 17:59:10,2025-10-08 18:01:14,9,11,-1,2025-10-08,B019
R004_down_T012,R004_down,S003,2025-10-08 18:14:07,2025-10-08 18:16:36,12,0,5,2025-10-08,B019
R004_down_T012,R004_down,S016,2025-10-08 18:20:01,2025-10-08 18:21:41,19,4,3,2025-10-08,B019
R004_down_T012,R004_down,S049,2025-10-08 18:21:53,2025-10-08 18:23:59,18,6,-2,2025-10-08,B019
R004_down_T012,R004_down,S007,2025-10-08 18:32:29,2025-10-08 18:33:49,14,1,1,2025-10-08,B019
R004_down_T012,R004_down,S034,2025-10-08 18:43:53,2025-10-08 18:46:29,7,7,4,2025-10-08,B019
R004_down_T012,R004_down,S014,2025-10-08 18:49:17,2025-10-08 18:52:10,11,4,-1,2025-10-08,B019
R004_down_T013,R004_down,S004,2025-10-08 18:28:00,2025-10-08 18:30:09,13,4,7,2025-10-08,B020
R004_down_T013,R004_down,S056,2025-10-08 18:28:21,2025-10-08 18:31:16,17,5,1,2025-10-08,B020
R004_down_T013,R004_down,S018,2025-10-08 18:38:31,2025-10-08 18:39:41,11,0,0,2025-10-08,B020
R004_down_T013,R004_down,S053,2025-10-08 18:51:39,2025-10-08 18:54:33,17,7,7,2025-10-08,B020
R004_down_T013,R004_down,S052,2025-10-08 19:00:49,2025-10-08 19:02:37,9,7,4,2025-10-08,B020
R004_down_T013,R004_down,S012,2025-10-08 19:07:47,2025-10-08 19:09:21,17,1,5,2025-10-08,B020
R004_down_T013,R004_down,S013,2025-10-08 19:18:45,2025-10-08 19:20:32,20,16,7,2025-10-08,B020
R004_down_T013,R004_down,S023,2025-10-08 19:22:47,2025-10-08 19:24:22,17,10,3,2025-10-08,B020
R004_down_T013,R004_down,S043,2025-10-08 19:34:20,2025-10-08 19:36:27,13,2,5,2025-10-08,B020
R004_down_T013,R004_down,S003,2025-10-08 19:40:41,2025-10-08 19:42:34,19,0,3,2025-10-08,B020
R004_down_T013,R004_down,S016,2025-10-08 19:45:54,2025-10-08 19:47:57,20,7,1,2025-10-08,B020
R004_down_T013,R004_down,S049,2025-10-08 19:59:17,2025-10-08 20:01:09,17,7,7,2025-10-08,B020
R004_down_T013,R004_down,S007,2025-10-08 20:02:13,2025-10-08 20:04:18,15,8,1,2025-10-08,B020
R004_down_T013,R004_down,S034,2025-10-08 20:11:26,2025-10-08 20:14:23,10,7,0,2025-10-08,B020
R004_down_T013,R004_down,S014,2025-10-08 20:22:37,2025-10-08 20:24:51,15,11,2,2025-10-08,B020
R004_down_T014,R004_down,S004,2025-10-08 19:12:00,2025-10-08 19:13:43,8,2,-2,2025-10-08,B016
R004_down_T014,R004_down,S056,2025-10-08 19:26:47,2025-10-08 19:28:13,10,6,7,2025-10-08,B016
R004_down_T014,R004_down,S018,2025-10-08 19:33:23,2025-10-08 19:35:36,11,5,6,2025-10-08,B016
R004_down_T014,R004_down,S053,2025-10-08 19:32:27,2025-10-08 19:35:26,20,6,-1,2025-10-08,B016
R004_down_T014,R004_down,S052,2025-10-08 19:46:49,2025-10-08 19:49:39,15,7,1,2025-10-08,B016
R004_down_T014,R004_down,S012,2025-10-08 19:51:37,2025-10-08 19:53:13,9,0,-1,2025-10-08,B016
R004_down_T014,R004_down,S013,2025-10-08 20:04:22,2025-10-08 20:06:55,10,7,4,2025-10-08,B016
R004_down_T014,R004_down,S023,2025-10-08 20:14:00,2025-10-08 20:16:09,15,9,4,2025-10-08,B016
R004_down_T014,R004_down,S043,2025-10-08 20:19:08,2025-10-08 20:20:16,14,8,0,2025-10-08,B016
R004_down_T014,R004_down,S003,2025-10-08 20:26:50,2025-10-08 20:29:07,14,2,0,2025-10-08,B016
R004_down_T014,R004_down,S016,2025-10-08 20:41:55,2025-10-08 20:44:28,11,7,7,2025-10-08,B016
R004_down_T014,R004_down,S049,2025-10-08 20:48:13,2025-10-08 20:49:42,16,8,5,2025-10-08,B016
R004_down_T014,R004_down,S007,2025-10-08 20:56:42,2025-10-08 20:58:31,17,7,6,2025-10-08,B016
R004_down_T014,R004_down,S034,2025-10-08 21:07:29,2025-10-08 21:10:11,3,3,6,2025-10-08,B016
R004_down_T014,R004_down,S014,2025-10-08 21:09:28,2025-10-08 21:11:24,12,5,-2,2025-10-08,B016
R004_down_T015,R004_down,S004,2025-10-08 19:35:00,2025-10-08 19:36:07,13,5,-1,2025-10-08,B005
R004_down_T015,R004_down,S056,2025-10-08 19:43:44,2025-10-08 19:46:00,18,7,2,2025-10-08,B005
R004_down_T015,R004_down,S018,2025-10-08 19:55:47,2025-10-08 19:58:01,15,9,5,2025-10-08,B005
R004_down_T015,R004_down,S053,2025-10-08 20:01:24,2025-10-08 20:02:39,4,6,4,2025-10-08,B005
R004_down_T015,R004_down,S052,2025-10-08 20:09:00,2025-10-08 20:11:13,12,5,3,2025-10-08,B005
R004_down_T015,R004_down,S012,2025-10-08 20:17:01,2025-10-08 20:18:28,14,2,4,2025-10-08,B005
R004_down_T015,R004_down,S013,2025-10-08 20:22:16,2025-10-08 20:24:49,9,3,2,2025-10-08,B005
R004_down_T015,R004_down,S023,2025-10-08 20:33:12,2025-10-08 20:35:42,11,8,4,2025-10-08,B005
R004_down_T015,R004_down,S043,2025-10-08 20:41:02,2025-10-08 20:44:00,5,8,1,2025-10-08,B005
R004_down_T015,R004_down,S003,2025-10-08 20:50:20,2025-10-08 20:51:55,6,6,1,2025-10-08,B005
R004_down_T015,R004_down,S016,2025-10-08 21:01:07,2025-10-08 21:02:41,9,6,5,2025-10-08,B005
R004_down_T015,R004_down,S049,2025-10-08 21:08:25,2025-10-08 21:09:35,12,5,6,2025-10-08,B005
R004_down_T015,R004_down,S007,2025-10-08 21:13:50,2025-10-08 21:15:10,14,10,3,2025-10-08,B005
R004_down_T015,R004_down,S034,2025-10-08 21:26:53,2025-10-08 21:28:55,16,11,6,2025-10-08,B005
R004_down_T015,R004_down,S014,2025-10-08 21:29:50,2025-10-08 21:32:47,8,6,-1,2025-10-08,B005
R004_down_T016,R004_down,S004,2025-10-08 20:03:00,2025-10-08 20:04:18,11,6,5,2025-10-08,B025
R004_down_T016,R004_down,S056,2025-10-08 20:06:06,2025-10-08 20:08:31,16,3,2,2025-10-08,B025
R004_down_T016,R004_down,S018,2025-10-08 20:21:45,2025-10-08 20:23:07,22,9,8,2025-10-08,B025
R004_down_T016,R004_down,S053,2025-10-08 20:27:34,2025-10-08 20:30:01,15,7,8,2025-10-08,B025
R004_down_T016,R004_down,S052,2025-10-08 20:29:05,2025-10-08 20:30:21,8,2,-2,2025-10-08,B025
R004_down_T016,R004_down,S012,2025-10-08 20:43:53,2025-10-08 20:45:20,6,5,7,2025-10-08,B025
R004_down_T016,R004_down,S013,2025-10-08 20:47:41,2025-10-08 20:50:33,12,1,4,2025-10-08,B025
R004_down_T016,R004_down,S023,2025-10-08 20:49:51,2025-10-08 20:51:54,16,11,-2,2025-10-08,B025
R004_down_T016,R004_down,S043,2025-10-08 21:03:37,2025-10-08 21:06:24,13,6,3,2025-10-08,B025
R004_down_T016,R004_down,S003,2025-10-08 21:12:54,2025-10-08 21:14:19,12,4,2,2025-10-08,B025
R004_down_T016,R004_down,S016,2025-10-08 21:17:49,2025-10-08 21:20:35,10,5,0,2025-10-08,B025
R004_down_T016,R004_down,S049,2025-10-08 21:32:28,2025-10-08 21:35:24,21,7,6,2025-10-08,B025
R004_down_T016,R004_down,S007,2025-10-08 21:35:42,2025-10-08 21:37:35,16,9,0,2025-10-08,B025
R004_down_T016,R004_down,S034,2025-10-08 21:47:01,2025-10-08 21:49:33,15,8,2,2025-10-08,B025
R004_down_T016,R004_down,S014,2025-10-08 21:53:58,2025-10-08 21:55:55,7,4,0,2025-10-08,B025
R004_down_T017,R004_down,S004,2025-10-08 20:38:00,2025-10-08 20:40:11,13,2,-2,2025-10-08,B025
R004_down_T017,R004_down,S056,2025-10-08 20:51:55,2025-10-08 20:54:12,8,3,5,2025-10-08,B025
R004_down_T017,R004_down,S018,2025-10-08 20:56:02,2025-10-08 20:57:59,13,6,-1,2025-10-08,B025
R004_down_T017,R004_down,S053,2025-10-08 21:09:47,2025-10-08 21:12:15,5,2,7,2025-10-08,B025
R004_down_T017,R004_down,S052,2025-10-08 21:14:09,2025-10-08 21:16:41,19,11,-1,2025-10-08,B025
R004_down_T017,R004_down,S012,2025-10-08 21:27:37,2025-10-08 21:29:48,11,5,5,2025-10-08,B025
R004_down_T017,R004_down,S013,2025-10-08 21:30:39,2025-10-08 21:33:31,14,5,-1,2025-10-08,B025
R004_down_T017,R004_down,S023,2025-10-08 21:41:21,2025-10-08 21:43:32,23,6,0,2025-10-08,B025
R004_down_T017,R004_down,S043,2025-10-08 22:00:10,2025-10-08 22:01:15,14,11,8,2025-10-08,B025
R004_down_T017,R004_down,S003,2025-10-08 22:06:41,2025-10-08 22:09:41,11,5,7,2025-10-08,B025
R004_down_T017,R004_down,S016,2025-10-08 22:10:03,2025-10-08 22:12:11,17,10,1,2025-10-08,B025
R004_down_T017,R004_down,S049,2025-10-08 22:24:16,2025-10-08 22:25:18,18,3,7,2025-10-08,B025
R004_down_T017,R004_down,S007,2025-10-08 22:22:19,2025-10-08 22:25:13,23,4,-2,2025-10-08,B025
R004_down_T017,R004_down,S034,2025-10-08 22:41:49,2025-10-08 22:42:55,9,0,7,2025-10-08,B025
R004_down_T017,R004_down,S014,2025-10-08 22:47:31,2025-10-08 22:49:44,9,6,5,2025-10-08,B025
R004_down_T018,R004_down,S004,2025-10-08 21:12:00,2025-10-08 21:14:38,5,5,8,2025-10-08,B024
R004_down_T018,R004_down,S056,2025-10-08 21:10:53,2025-10-08 21:13:18,9,7,0,2025-10-08,B024
R004_down_T018,R004_down,S018,2025-10-08 21:23:15,2025-10-08 21:24:52,6,3,4,2025-10-08,B024
R004_down_T018,R004_down,S053,2025-10-08 21:24:08,2025-10-08 21:25:57,15,7,-1,2025-10-08,B024
R004_down_T018,R004_down,S052,2025-10-08 21:41:31,2025-10-08 21:43:06,7,10,6,2025-10-08,B024
R004_down_T018,R004_down,S012,2025-10-08 21:48:10,2025-10-08 21:49:44,14,6,7,2025-10-08,B024
R004_down_T018,R004_down,S013,2025-10-08 21:51:12,2025-10-08 21:53:00,15,5,1,2025-10-08,B024
R004_down_T018,R004_down,S023,2025-10-08 22:02:14,2025-10-08 22:04:32,13,0,5,2025-10-08,B024
R004_down_T018,R004_down,S043,2025-10-08 22:08:51,2025-10-08 22:10:18,13,1,3,2025-10-08,B024
R004_down_T018,R004_down,S003,2025-10-08 22:13:30,2025-10-08 22:15:09,14,6,1,2025-10-08,B024
R004_down_T018,R004_down,S016,2025-10-08 22:24:21,2025-10-08 22:26:18,14,5,4,2025-10-08,B024
R004_down_T018,R004_down,S049,2025-10-08 22:31:30,2025-10-08 22:33:55,14,8,3,2025-10-08,B024
R004_down_T018,R004_down,S007,2025-10-08 22:42:47,2025-10-08 22:43:57,8,4,6,2025-10-08,B024
R004_down_T018,R004_down,S034,2025-10-08 22:47:52,2025-10-08 22:49:46,6,9,3,2025-10-08,B024
R004_down_T018,R004_down,S014,2025-10-08 22:56:26,2025-10-08 22:57:57,16,6,1,2025-10-08,B024
R004_down_T019,R004_down,S004,2025-10-08 21:26:00,2025-10-08 21:27:16,16,8,0,2025-10-08,B014
R004_down_T019,R004_down,S056,2025-10-08 21:36:00,2025-10-08 21:37:31,8,3,4,2025-10-08,B014
R004_down_T019,R004_down,S018,2025-10-08 21:41:47,2025-10-08 21:43:57,13,3,0,2025-10-08,B014
R004_down_T019,R004_down,S053,2025-10-08 21:51:11,2025-10-08 21:52:41,7,13,3,2025-10-08,B014
R004_down_T019,R004_down,S052,2025-10-08 21:55:22,2025-10-08 21:57:45,6,2,-2,2025-10-08,B014
R004_down_T019,R004_down,S012,2025-10-08 22:06:33,2025-10-08 22:08:54,16,4,2,2025-10-08,B014
R004_down_T019,R004_down,S013,2025-10-08 22:13:16,2025-10-08 22:14:55,18,10,1,2025-10-08,B014
R004_down_T019,R004_down,S023,2025-10-08 22:27:33,2025-10-08 22:28:36,11,0,7,2025-10-08,B014
R004_down_T019,R004_down,S043,2025-10-08 22:29:40,2025-10-08 22:30:46,10,6,0,2025-10-08,B014
R004_down_T019,R004_down,S003,2025-10-08 22:44:57,2025-10-08 22:46:46,19,5,8,2025-10-08,B014
R004_down_T019,R004_down,S016,2025-10-08 22:43:42,2025-10-08 22:44:44,19,8,-2,2025-10-08,B014
R004_down_T019,R004_down,S049,2025-10-08 22:57:02,2025-10-08 22:59:20,9,11,6,2025-10-08,B014
R004_down_T019,R004_down,S007,2025-10-08 22:57:27,2025-10-08 22:59:06,3,13,-1,2025-10-08,B014
R004_down_T019,R004_down,S034,2025-10-08 23:12:29,2025-10-08 23:15:07,8,4,5,2025-10-08,B014
R004_down_T019,R004_down,S014,2025-10-08 23:22:47,2025-10-08 23:25:40,7,5,4,2025-10-08,B014
R004_down_T020,R004_down,S004,2025-10-08 22:36:00,2025-10-08 22:37:52,13,6,1,2025-10-08,B001
R004_down_T020,R004_down,S056,2025-10-08 22:40:51,2025-10-08 22:42:33,20,7,-1,2025-10-08,B001
R004_down_T020,R004_down,S018,2025-10-08 22:56:04,2025-10-08 22:57:32,21,8,6,2025-10-08,B001
R004_down_T020,R004_down,S053,2025-10-08 22:53:11,2025-10-08 22:54:14,21,1,-2,2025-10-08,B001
R004_down_T020,R004_down,S052,2025-10-08 23:05:26,2025-10-08 23:07:33,5,6,1,2025-10-08,B001
R004_down_T020,R004_down,S012,2025-10-08 23:11:19,2025-10-08 23:12:51,4,8,1,2025-10-08,B001
R004_down_T020,R004_down,S013,2025-10-08 23:20:11,2025-10-08 23:21:54,6,5,3,2025-10-08,B001
R004_down_T020,R004_down,S023,2025-10-08 23:34:21,2025-10-08 23:35:53,6,12,8,2025-10-08,B001
R004_down_T020,R004_down,S043,2025-10-08 23:42:06,2025-10-08 23:44:31,10,3,6,2025-10-08,B001
R004_down_T020,R004_down,S003,2025-10-08 23:44:03,2025-10-08 23:46:45,8,6,-1,2025-10-08,B001
R004_down_T020,R004_down,S016,2025-10-08 23:54:09,2025-10-08 23:55:50,6,1,-1,2025-10-08,B001
R004_down_T020,R004_down,S049,2025-10-09 00:09:22,2025-10-09 00:11:55,10,8,8,2025-10-08,B001
R004_down_T020,R004_down,S007,2025-10-09 00:09:53,2025-10-09 00:12:27,1,2,-1,2025-10-08,B001
R004_down_T020,R004_down,S034,2025-10-09 00:21:17,2025-10-09 00:24:16,7,5,1,2025-10-08,B001
R004_down_T020,R004_down,S014,2025-10-09 00:36:32,2025-10-09 00:38:29,5,1,7,2025-10-08,B001
R005_up_T001,R005_up,S039,2025-10-08 05:37:00,2025-10-08 05:39:05,10,4,7,2025-10-08,B001
R005_up_T001,R005_up,S007,2025-10-08 05:46:07,2025-10-08 05:47:31,8,2,7,2025-10-08,B001
R005_up_T001,R005_up,S037,2025-10-08 05:52:34,2025-10-08 05:54:24,5,7,5,2025-10-08,B001
R005_up_T001,R005_up,S027,2025-10-08 05:55:17,2025-10-08 05:56:17,5,4,-1,2025-10-08,B001
R005_up_T001,R005_up,S001,2025-10-08 06:04:03,2025-10-08 06:07:01,7,7,1,2025-10-08,B001
R005_up_T001,R005_up,S046,2025-10-08 06:07:27,2025-10-08 06:09:17,7,7,-2,2025-10-08,B001
R005_up_T001,R005_up,S028,2025-10-08 06:18:54,2025-10-08 06:21:08,10,5,3,2025-10-08,B001
R005_up_T001,R005_up,S012,2025-10-08 06:26:52,2025-10-08 06:29:29,9,3,-1,2025-10-08,B001
R005_up_T001,R005_up,S054,2025-10-08 06:36:21,2025-10-08 06:37:45,8,8,1,2025-10-08,B001
R005_up_T001,R005_up,S013,2025-10-08 06:44:59,2025-10-08 06:47:41,10,9,1,2025-10-08,B001
R005_up_T001,R005_up,S026,2025-10-08 06:48:17,2025-10-08 06:50:13,0,0,-2,2025-10-08,B001
R005_up_T001,R005_up,S033,2025-10-08 07:01:30,2025-10-08 07:04:05,9,10,0,2025-10-08,B001
R005_up_T002,R005_up,S039,2025-10-08 06:58:00,2025-10-08 06:59:26,9,2,0,2025-10-08,B010
R005_up_T002,R005_up,S007,2025-10-08 07:15:57,2025-10-08 07:18:20,18,3,7,2025-10-08,B010
R005_up_T002,R005_up,S037,2025-10-08 07:23:29,2025-10-08 07:25:05,19,5,6,2025-10-08,B010
R005_up_T002,R005_up,S027,2025-10-08 07:25:55,2025-10-08 07:28:17,9,6,-2,2025-10-08,B010
R005_up_T002,R005_up,S001,2025-10-08 07:45:13,2025-10-08 07:46:17,13,3,8,2025-10-08,B010
R005_up_T002,R005_up,S046,2025-10-08 07:46:00,2025-10-08 07:47:28,16,5,4,2025-10-08,B010
R005_up_T002,R005_up,S028,2025-10-08 07:47:53,2025-10-08 07:49:16,17,3,0,2025-10-08,B010
R005_up_T002,R005_up,S012,2025-10-08 08:07:09,2025-10-08 08:09:17,8,10,8,2025-10-08,B010
R005_up_T002,R005_up,S054,2025-10-08 08:04:36,2025-10-08 08:05:44,12,10,-1,2025-10-08,B010
R005_up_T002,R005_up,S013,2025-10-08 08:19:46,2025-10-08 08:21:30,19,2,7,2025-10-08,B010
R005_up_T002,R005_up,S026,2025-10-08 08:26:26,2025-10-08 08:28:30,14,8,8,2025-10-08,B010
R005_up_T002,R005_up,S033,2025-10-08 08:35:05,2025-10-08 08:36:28,16,1,6,2025-10-08,B010
R005_up_T003,R005_up,S039,2025-10-08 08:07:00,2025-10-08 08:08:48,19,2,2,2025-10-08,B017
R005_up_T003,R005_up,S007,2025-10-08 08:18:18,2025-10-08 08:19:32,13,12,3,2025-10-08,B017
R005_up_T003,R005_up,S037,2025-10-08 08:29:58,2025-10-08 08:31:18,12,11,8,2025-10-08,B017
R005_up_T003,R005_up,S027,2025-10-08 08:37:22,2025-10-08 08:39:26,15,2,6,2025-10-08,B017
R005_up_T003,R005_up,S001,2025-10-08 08:40:06,2025-10-08 08:42:21,17,6,0,2025-10-08,B017
R005_up_T003,R005_up,S046,2025-10-08 08:46:41,2025-10-08 08:47:47,16,7,0,2025-10-08,B017
R005_up_T003,R005_up,S028,2025-10-08 08:57:13,2025-10-08 08:59:33,11,5,5,2025-10-08,B017
R005_up_T003,R005_up,S012,2025-10-08 09:07:10,2025-10-08 09:08:32,13,5,4,2025-10-08,B017
R005_up_T003,R005_up,S054,2025-10-08 09:07:58,2025-10-08 09:09:51,23,4,0,2025-10-08,B017
R005_up_T003,R005_up,S013,2025-10-08 09:21:09,2025-10-08 09:24:09,18,4,6,2025-10-08,B017
R005_up_T003,R005_up,S026,2025-10-08 09:27:17,2025-10-08 09:28:18,27,11,5,2025-10-08,B017
R005_up_T003,R005_up,S033,2025-10-08 09:33:57,2025-10-08 09:35:19,11,3,3,2025-10-08,B017
R005_up_T004,R005_up,S039,2025-10-08 08:26:00,2025-10-08 08:27:28,8,3,1,2025-10-08,B018
R005_up_T004,R005_up,S007,2025-10-08 08:38:43,2025-10-08 08:40:22,10,3,4,2025-10-08,B018
R005_up_T004,R005_up,S037,2025-10-08 08:49:28,2025-10-08 08:52:07,12,3,8,2025-10-08,B018
R005_up_T004,R005_up,S027,2025-10-08 08:59:39,2025-10-08 09:01:50,7,3,8,2025-10-08,B018
R005_up_T004,R005_up,S001,2025-10-08 09:07:54,2025-10-08 09:08:57,17,5,8,2025-10-08,B018
R005_up_T004,R005_up,S046,2025-10-08 09:02:52,2025-10-08 09:04:59,16,5,-2,2025-10-08,B018
R005_up_T004,R005_up,S028,2025-10-08 09:16:37,2025-10-08 09:17:40,22,6,5,2025-10-08,B018
R005_up_T004,R005_up,S012,2025-10-08 09:28:58,2025-10-08 09:30:52,22,8,7,2025-10-08,B018
R005_up_T004,R005_up,S054,2025-10-08 09:35:09,2025-10-08 09:36:20,18,8,7,2025-10-08,B018
R005_up_T004,R005_up,S013,2025-10-08 09:36:54,2025-10-08 09:39:28,19,4,1,2025-10-08,B018
R005_up_T004,R005_up,S026,2025-10-08 09:44:12,2025-10-08 09:46:25,2,7,1,2025-10-08,B018
R005_up_T004,R005_up,S033,2025-10-08 10:00:38,2025-10-08 10:03:07,12,5,7,2025-10-08,B018
R005_up_T005,R005_up,S039,2025-10-08 08:52:00,2025-10-08 08:54:21,8,3,3,2025-10-08,B011
R005_up_T005,R005_up,S007,2025-10-08 09:07:19,2025-10-08 09:09:33,22,9,6,2025-10-08,B011
R005_up_T005,R005_up,S037,2025-10-08 09:17:39,2025-10-08 09:19:10,21,7,7,2025-10-08,B011
R005_up_T005,R005_up,S027,2025-10-08 09:21:51,2025-10-08 09:24:21,13,10,1,2025-10-08,B011
R005_up_T005,R005_up,S001,2025-10-08 09:33:56,2025-10-08 09:36:26,14,6,5,2025-10-08,B011
R005_up_T005,R005_up,S046,2025-10-08 09:33:49,2025-10-08 09:35:14,14,5,-2,2025-10-08,B011
R005_up_T005,R005_up,S028,2025-10-08 09:40:07,2025-10-08 09:42:00,11,7,-2,2025-10-08,B011
R005_up_T005,R005_up,S012,2025-10-08 09:59:39,2025-10-08 10:02:25,14,5,8,2025-10-08,B011
R005_up_T005,R005_up,S054,2025-10-08 09:58:36,2025-10-08 10:01:07,14,8,0,2025-10-08,B011
R005_up_T005,R005_up,S013,2025-10-08 10:07:39,2025-10-08 10:09:39,17,12,1,2025-10-08,B011
R005_up_T005,R005_up,S026,2025-10-08 10:18:21,2025-10-08 10:19:27,17,9,6,2025-10-08,B011
R005_up_T005,R005_up,S033,2025-10-08 10:25:38,2025-10-08 10:28:31,4,4,4,2025-10-08,B011
R005_up_T006,R005_up,S039,2025-10-08 09:39:00,2025-10-08 09:41:38,14,6,3,2025-10-08,B017
R005_up_T006,R005_up,S007,2025-10-08 09:50:44,2025-10-08 09:52:38,29,7,5,2025-10-08,B017
R005_up_T006,R005_up,S037,2025-10-08 10:00:21,2025-10-08 10:01:59,16,6,6,2025-10-08,B017
R005_up_T006,R005_up,S027,2025-10-08 10:05:46,2025-10-08 10:08:35,27,4,1,2025-10-08,B017
R005_up_T006,R005_up,S001,2025-10-08 10:21:57,2025-10-08 10:23:15,14,10,7,2025-10-08,B017
R005_up_T006,R005_up,S046,2025-10-08 10:18:06,2025-10-08 10:20:10,19,1,-2,2025-10-08,B017
R005_up_T006,R005_up,S028,2025-10-08 10:25:04,2025-10-08 10:28:04,12,11,-1,2025-10-08,B017
R005_up_T006,R005_up,S012,2025-10-08 10:35:12,2025-10-08 10:36:18,24,5,-1,2025-10-08,B017
R005_up_T006,R005_up,S054,2025-10-08 10:40:05,2025-10-08 10:41:50,17,2,-1,2025-10-08,B017
R005_up_T006,R005_up,S013,2025-10-08 10:56:04,2025-10-08 10:58:09,6,10,7,2025-10-08,B017
R005_up_T006,R005_up,S026,2025-10-08 10:58:04,2025-10-08 10:59:42,15,10,2,2025-10-08,B017
R005_up_T006,R005_up,S033,2025-10-08 11:07:23,2025-10-08 11:09:53,10,8,2,2025-10-08,B017
R005_up_T007,R005_up,S039,2025-10-08 10:27:00,2025-10-08 10:29:31,15,7,-1,2025-10-08,B006
R005_up_T007,R005_up,S007,2025-10-08 10:43:30,2025-10-08 10:45:23,19,5,4,2025-10-08,B006
R005_up_T007,R005_up,S037,2025-10-08 10:49:53,2025-10-08 10:52:01,9,4,2,2025-10-08,B006
R005_up_T007,R005_up,S027,2025-10-08 11:02:45,2025-10-08 11:04:38,16,10,3,2025-10-08,B006
R005_up_T007,R005_up,S001,2025-10-08 11:14:25,2025-10-08 11:16:37,10,0,6,2025-10-08,B006
R005_up_T007,R005_up,S046,2025-10-08 11:17:19,2025-10-08 11:19:10,7,6,2,2025-10-08,B006
R005_up_T007,R005_up,S028,2025-10-08 11:26:09,2025-10-08 11:28:07,3,5,5,2025-10-08,B006
R005_up_T007,R005_up,S012,2025-10-08 11:28:33,2025-10-08 11:29:38,6,0,-2,2025-10-08,B006
R005_up_T007,R005_up,S054,2025-10-08 11:42:15,2025-10-08 11:45:04,4,9,6,2025-10-08,B006
R005_up_T007,R005_up,S013,2025-10-08 11:46:59,2025-10-08 11:48:18,9,6,1,2025-10-08,B006
R005_up_T007,R005_up,S026,2025-10-08 11:50:26,2025-10-08 11:52:49,8,0,-1,2025-10-08,B006
R005_up_T007,R005_up,S033,2025-10-08 12:03:09,2025-10-08 12:04:16,10,7,0,2025-10-08,B006
R005_up_T008,R005_up,S039,2025-10-08 10:51:00,2025-10-08 10:53:59,18,0,-1,2025-10-08,B002
R005_up_T008,R005_up,S007,2025-10-08 11:04:32,2025-10-08 11:07:05,3,8,1,2025-10-08,B002
R005_up_T008,R005_up,S037,2025-10-08 11:12:18,2025-10-08 11:14:09,12,0,-1,2025-10-08,B002
R005_up_T008,R005_up,S027,2025-10-08 11:26:40,2025-10-08 11:28:48,5,6,4,2025-10-08,B002
R005_up_T008,R005_up,S001,2025-10-08 11:32:59,2025-10-08 11:35:20,9,3,1,2025-10-08,B002
R005_up_T008,R005_up,S046,2025-10-08 11:37:51,2025-10-08 11:40:42,10,13,0,2025-10-08,B002
R005_up_T008,R005_up,S028,2025-10-08 11:46:51,2025-10-08 11:49:12,6,5,2,2025-10-08,B002
R005_up_T008,R005_up,S012,2025-10-08 12:01:05,2025-10-08 12:02:40,4,6,7,2025-10-08,B002
R005_up_T008,R005_up,S054,2025-10-08 12:01:26,2025-10-08 12:02:41,8,4,2,2025-10-08,B002
R005_up_T008,R005_up,S013,2025-10-08 12:11:38,2025-10-08 12:13:29,6,7,4,2025-10-08,B002
R005_up_T008,R005_up,S026,2025-10-08 12:11:45,2025-10-08 12:12:53,12,8,-2,2025-10-08,B002
R005_up_T008,R005_up,S033,2025-10-08 12:27:47,2025-10-08 12:30:20,5,6,3,2025-10-08,B002
R005_up_T009,R005_up,S039,2025-10-08 11:15:00,2025-10-08 11:16:40,10,9,6,2025-10-08,B019
R005_up_T009,R005_up,S007,2025-10-08 11:23:33,2025-10-08 11:24:45,5,4,6,2025-10-08,B019
R005_up_T009,R005_up,S037,2025-10-08 11:26:26,2025-10-08 11:27:34,6,0,1,2025-10-08,B019
R005_up_T009,R005_up,S027,2025-10-08 11:37:40,2025-10-08 11:38:52,11,5,2,2025-10-08,B019
R005_up_T009,R005_up,S001,2025-10-08 11:51:55,2025-10-08 11:53:43,0,0,8,2025-10-08,B019
R005_up_T009,R005_up,S046,2025-10-08 11:55:03,2025-10-08 11:56:24,12,5,5,2025-10-08,B019
R005_up_T009,R005_up,S028,2025-10-08 12:03:09,2025-10-08 12:05:24,11,3,7,2025-10-08,B019
R005_up_T009,R005_up,S012,2025-10-08 12:05:45,2025-10-08 12:07:22,11,7,0,2025-10-08,B019
R005_up_T009,R005_up,S054,2025-10-08 12:16:56,2025-10-08 12:19:29,5,7,5,2025-10-08,B019
R005_up_T009,R005_up,S013,2025-10-08 12:24:57,2025-10-08 12:27:54,9,7,5,2025-10-08,B019
R005_up_T009,R005_up,S026,2025-10-08 12:33:37,2025-10-08 12:34:59,10,6,7,2025-10-08,B019
R005_up_T009,R005_up,S033,2025-10-08 12:35:16,2025-10-08 12:37:58,9,4,0,2025-10-08,B019
R005_up_T010,R005_up,S039,2025-10-08 12:06:00,2025-10-08 12:08:34,10,5,-2,2025-10-08,B002
R005_up_T010,R005_up,S007,2025-10-08 12:22:57,2025-10-08 12:24:16,13,7,4,2025-10-08,B002
R005_up_T010,R005_up,S037,2025-10-08 12:27:26,2025-10-08 12:28:50,11,9,0,2025-10-08,B002
R005_up_T010,R005_up,S027,2025-10-08 12:41:58,2025-10-08 12:44:10,7,10,4,2025-10-08,B002
R005_up_T010,R005_up,S001,2025-10-08 12:52:36,2025-10-08 12:54:32,14,10,6,2025-10-08,B002
R005_up_T010,R005_up,S046,2025-10-08 12:58:32,2025-10-08 13:00:38,7,2,6,2025-10-08,B002
R005_up_T010,R005_up,S028,2025-10-08 13:05:06,2025-10-08 13:06:28,5,4,6,2025-10-08,B002
R005_up_T010,R005_up,S012,2025-10-08 13:16:02,2025-10-08 13:17:05,5,6,7,2025-10-08,B002
R005_up_T010,R005_up,S054,2025-10-08 13:12:11,2025-10-08 13:14:23,7,9,-2,2025-10-08,B002
R005_up_T010,R005_up,S013,2025-10-08 13:22:35,2025-10-08 13:25:05,8,2,-1,2025-10-08,B002
R005_up_T010,R005_up,S026,2025-10-08 13:38:12,2025-10-08 13:39:58,8,7,8,2025-10-08,B002
R005_up_T010,R005_up,S033,2025-10-08 13:47:57,2025-10-08 13:50:40,6,6,7,2025-10-08,B002
R005_up_T011,R005_up,S039,2025-10-08 12:57:00,2025-10-08 12:58:45,5,7,-1,2025-10-08,B009
R005_up_T011,R005_up,S007,2025-10-08 13:14:36,2025-10-08 13:16:10,8,1,8,2025-10-08,B009
R005_up_T011,R005_up,S037,2025-10-08 13:19:23,2025-10-08 13:21:41,8,8,4,2025-10-08,B009
R005_up_T011,R005_up,S027,2025-10-08 13:29:51,2025-10-08 13:31:39,5,5,3,2025-10-08,B009
R005_up_T011,R005_up,S001,2025-10-08 13:32:58,2025-10-08 13:34:32,7,10,-1,2025-10-08,B009
R005_up_T011,R005_up,S046,2025-10-08 13:40:08,2025-10-08 13:41:11,11,3,1,2025-10-08,B009
R005_up_T011,R005_up,S028,2025-10-08 13:47:19,2025-10-08 13:49:49,11,9,3,2025-10-08,B009
R005_up_T011,R005_up,S012,2025-10-08 13:52:49,2025-10-08 13:54:18,5,3,-1,2025-10-08,B009
R005_up_T011,R005_up,S054,2025-10-08 14:00:19,2025-10-08 14:03:15,9,1,1,2025-10-08,B009
R005_up_T011,R005_up,S013,2025-10-08 14:08:28,2025-10-08 14:10:02,2,12,-1,2025-10-08,B009
R005_up_T011,R005_up,S026,2025-10-08 14:18:43,2025-10-08 14:21:05,8,3,4,2025-10-08,B009
R005_up_T011,R005_up,S033,2025-10-08 14:33:34,2025-10-08 14:35:19,6,10,7,2025-10-08,B009
R005_up_T012,R005_up,S039,2025-10-08 13:32:00,2025-10-08 13:34:36,6,6,-1,2025-10-08,B018
R005_up_T012,R005_up,S007,2025-10-08 13:42:00,2025-10-08 13:43:03,7,8,-1,2025-10-08,B018
R005_up_T012,R005_up,S037,2025-10-08 13:47:51,2025-10-08 13:50:15,4,5,-2,2025-10-08,B018
R005_up_T012,R005_up,S027,2025-10-08 14:06:56,2025-10-08 14:08:30,10,7,5,2025-10-08,B018
R005_up_T012,R005_up,S001,2025-10-08 14:17:04,2025-10-08 14:19:42,4,0,7,2025-10-08,B018
R005_up_T012,R005_up,S046,2025-10-08 14:23:32,2025-10-08 14:25:37,7,6,7,2025-10-08,B018
R005_up_T012,R005_up,S028,2025-10-08 14:22:18,2025-10-08 14:25:15,8,6,-1,2025-10-08,B018
R005_up_T012,R005_up,S012,2025-10-08 14:34:05,2025-10-08 14:35:35,5,4,1,2025-10-08,B018
R005_up_T012,R005_up,S054,2025-10-08 14:39:17,2025-10-08 14:41:24,8,6,1,2025-10-08,B018
R005_up_T012,R005_up,S013,2025-10-08 14:43:30,2025-10-08 14:44:44,6,7,-2,2025-10-08,B018
R005_up_T012,R005_up,S026,2025-10-08 14:57:28,2025-10-08 14:59:55,8,7,7,2025-10-08,B018
R005_up_T012,R005_up,S033,2025-10-08 15:04:20,2025-10-08 15:07:15,9,6,3,2025-10-08,B018
R005_up_T013,R005_up,S039,2025-10-08 14:25:00,2025-10-08 14:26:49,7,4,2,2025-10-08,B013
R005_up_T013,R005_up,S007,2025-10-08 14:38:24,2025-10-08 14:41:23,5,2,6,2025-10-08,B013
R005_up_T013,R005_up,S037,2025-10-08 14:43:47,2025-10-08 14:46:22,5,8,1,2025-10-08,B013
R005_up_T013,R005_up,S027,2025-10-08 14:57:55,2025-10-08 15:00:19,9,4,5,2025-10-08,B013
R005_up_T013,R005_up,S001,2025-10-08 15:09:51,2025-10-08 15:10:54,11,2,8,2025-10-08,B013
R005_up_T013,R005_up,S046,2025-10-08 15:06:50,2025-10-08 15:08:35,7,9,-1,2025-10-08,B013
R005_up_T013,R005_up,S028,2025-10-08 15:20:29,2025-10-08 15:23:18,6,11,6,2025-10-08,B013
R005_up_T013,R005_up,S012,2025-10-08 15:30:00,2025-10-08 15:32:30,5,3,4,2025-10-08,B013
R005_up_T013,R005_up,S054,2025-10-08 15:31:49,2025-10-08 15:32:56,14,2,-1,2025-10-08,B013
R005_up_T013,R005_up,S013,2025-10-08 15:38:06,2025-10-08 15:40:24,5,0,-1,2025-10-08,B013
R005_up_T013,R005_up,S026,2025-10-08 15:45:02,2025-10-08 15:46:45,5,3,0,2025-10-08,B013
R005_up_T013,R005_up,S033,2025-10-08 15:54:16,2025-10-08 15:56:46,10,7,-2,2025-10-08,B013
R005_up_T014,R005_up,S039,2025-10-08 15:21:00,2025-10-08 15:22:41,2,7,5,2025-10-08,B008
R005_up_T014,R005_up,S007,2025-10-08 15:33:36,2025-10-08 15:36:23,5,2,8,2025-10-08,B008
R005_up_T014,R005_up,S037,2025-10-08 15:36:56,2025-10-08 15:38:36,3,7,3,2025-10-08,B008
R005_up_T014,R005_up,S027,2025-10-08 15:44:58,2025-10-08 15:47:55,7,9,1,2025-10-08,B008
R005_up_T014,R005_up,S001,2025-10-08 16:01:27,2025-10-08 16:03:35,8,1,8,2025-10-08,B008
R005_up_T014,R005_up,S046,2025-10-08 16:07:19,2025-10-08 16:08:55,3,2,7,2025-10-08,B008
R005_up_T014,R005_up,S028,2025-10-08 16:12:49,2025-10-08 16:15:37,0,6,7,2025-10-08,B008
R005_up_T014,R005_up,S012,2025-10-08 16:17:23,2025-10-08 16:19:44,8,0,1,2025-10-08,B008
R005_up_T014,R005_up,S054,2025-10-08 16:31:04,2025-10-08 16:33:49,11,3,8,2025-10-08,B008
R005_up_T014,R005_up,S013,2025-10-08 16:30:40,2025-10-08 16:31:44,6,6,-2,2025-10-08,B008
R005_up_T014,R005_up,S026,2025-10-08 16:40:33,2025-10-08 16:41:36,11,9,3,2025-10-08,B008
R005_up_T014,R005_up,S033,2025-10-08 16:48:38,2025-10-08 16:49:54,7,9,2,2025-10-08,B008
R005_up_T015,R005_up,S039,2025-10-08 17:32:00,2025-10-08 17:33:31,5,21,5,2025-10-08,B021
R005_up_T015,R005_up,S007,2025-10-08 17:43:11,2025-10-08 17:45:11,8,12,7,2025-10-08,B021
R005_up_T015,R005_up,S037,2025-10-08 17:50:11,2025-10-08 17:52:31,8,19,6,2025-10-08,B021
R005_up_T015,R005_up,S027,2025-10-08 17:56:56,2025-10-08 17:58:53,2,12,2,2025-10-08,B021
R005_up_T015,R005_up,S001,2025-10-08 18:01:38,2025-10-08 18:04:23,0,19,-2,2025-10-08,B021
R005_up_T015,R005_up,S046,2025-10-08 18:18:39,2025-10-08 18:20:11,2,15,8,2025-10-08,B021
R005_up_T015,R005_up,S028,2025-10-08 18:21:26,2025-10-08 18:22:34,4,14,5,2025-10-08,B021
R005_up_T015,R005_up,S012,2025-10-08 18:26:35,2025-10-08 18:29:33,12,15,1,2025-10-08,B021
R005_up_T015,R005_up,S054,2025-10-08 18:38:34,2025-10-08 18:40:28,9,12,6,2025-10-08,B021
R005_up_T015,R005_up,S013,2025-10-08 18:41:12,2025-10-08 18:43:04,11,23,1,2025-10-08,B021
R005_up_T015,R005_up,S026,2025-10-08 18:53:19,2025-10-08 18:54:31,2,11,7,2025-10-08,B021
R005_up_T015,R005_up,S033,2025-10-08 18:52:23,2025-10-08 18:53:34,4,19,-2,2025-10-08,B021
R005_up_T016,R005_up,S039,2025-10-08 17:50:00,2025-10-08 17:52:29,1,9,0,2025-10-08,B002
R005_up_T016,R005_up,S007,2025-10-08 18:01:44,2025-10-08 18:02:47,6,17,1,2025-10-08,B002
R005_up_T016,R005_up,S037,2025-10-08 18:14:18,2025-10-08 18:16:42,3,0,6,2025-10-08,B002
R005_up_T016,R005_up,S027,2025-10-08 18:25:34,2025-10-08 18:28:11,5,19,7,2025-10-08,B002
R005_up_T016,R005_up,S001,2025-10-08 18:27:39,2025-10-08 18:29:12,8,12,1,2025-10-08,B002
R005_up_T016,R005_up,S046,2025-10-08 18:29:51,2025-10-08 18:32:27,3,10,-2,2025-10-08,B002
R005_up_T016,R005_up,S028,2025-10-08 18:46:02,2025-10-08 18:48:32,6,18,8,2025-10-08,B002
R005_up_T016,R005_up,S012,2025-10-08 18:46:50,2025-10-08 18:48:17,8,22,-1,2025-10-08,B002
R005_up_T016,R005_up,S054,2025-10-08 19:01:00,2025-10-08 19:03:20,8,8,8,2025-10-08,B002
R005_up_T016,R005_up,S013,2025-10-08 19:06:27,2025-10-08 19:08:55,7,15,5,2025-10-08,B002
R005_up_T016,R005_up,S026,2025-10-08 19:07:47,2025-10-08 19:09:22,8,13,0,2025-10-08,B002
R005_up_T016,R005_up,S033,2025-10-08 19:26:24,2025-10-08 19:28:12,9,12,8,2025-10-08,B002
R005_up_T017,R005_up,S039,2025-10-08 18:26:00,2025-10-08 18:28:11,7,16,-2,2025-10-08,B001
R005_up_T017,R005_up,S007,2025-10-08 18:41:41,2025-10-08 18:44:31,5,12,2,2025-10-08,B001
R005_up_T017,R005_up,S037,2025-10-08 18:53:44,2025-10-08 18:55:21,7,7,6,2025-10-08,B001
R005_up_T017,R005_up,S027,2025-10-08 19:00:01,2025-10-08 19:02:27,2,11,3,2025-10-08,B001
R005_up_T017,R005_up,S001,2025-10-08 19:11:45,2025-10-08 19:14:15,4,11,6,2025-10-08,B001
R005_up_T017,R005_up,S046,2025-10-08 19:13:51,2025-10-08 19:15:45,3,18,1,2025-10-08,B001
R005_up_T017,R005_up,S028,2025-10-08 19:26:33,2025-10-08 19:29:25,2,14,8,2025-10-08,B001
R005_up_T017,R005_up,S012,2025-10-08 19:32:16,2025-10-08 19:33:37,3,10,1,2025-10-08,B001
R005_up_T017,R005_up,S054,2025-10-08 19:34:32,2025-10-08 19:36:54,7,14,-2,2025-10-08,B001
R005_up_T017,R005_up,S013,2025-10-08 19:52:08,2025-10-08 19:54:22,8,4,7,2025-10-08,B001
R005_up_T017,R005_up,S026,2025-10-08 19:55:47,2025-10-08 19:57:25,1,16,4,2025-10-08,B001
R005_up_T017,R005_up,S033,2025-10-08 20:00:56,2025-10-08 20:03:47,8,11,0,2025-10-08,B001
R005_up_T018,R005_up,S039,2025-10-08 18:55:00,2025-10-08 18:56:18,8,19,4,2025-10-08,B004
R005_up_T018,R005_up,S007,2025-10-08 19:03:24,2025-10-08 19:04:58,6,19,2,2025-10-08,B004
R005_up_T018,R005_up,S037,2025-10-08 19:07:56,2025-10-08 19:09:03,0,21,-1,2025-10-08,B004
R005_up_T018,R005_up,S027,2025-10-08 19:22:15,2025-10-08 19:25:14,1,14,4,2025-10-08,B004
R005_up_T018,R005_up,S001,2025-10-08 19:34:23,2025-10-08 19:36:01,5,7,6,2025-10-08,B004
R005_up_T018,R005_up,S046,2025-10-08 19:40:12,2025-10-08 19:42:36,12,16,6,2025-10-08,B004
R005_up_T018,R005_up,S028,2025-10-08 19:40:41,2025-10-08 19:42:37,5,16,0,2025-10-08,B004
R005_up_T018,R005_up,S012,2025-10-08 19:53:17,2025-10-08 19:55:23,5,14,1,2025-10-08,B004
R005_up_T018,R005_up,S054,2025-10-08 20:06:36,2025-10-08 20:08:24,9,11,8,2025-10-08,B004
R005_up_T018,R005_up,S013,2025-10-08 20:12:32,2025-10-08 20:13:45,1,9,7,2025-10-08,B004
R005_up_T018,R005_up,S026,2025-10-08 20:13:08,2025-10-08 20:15:22,4,11,2,2025-10-08,B004
R005_up_T018,R005_up,S033,2025-10-08 20:27:58,2025-10-08 20:30:26,4,9,6,2025-10-08,B004
R005_up_T019,R005_up,S039,2025-10-08 19:50:00,2025-10-08 19:51:45,5,15,3,2025-10-08,B017
R005_up_T019,R005_up,S007,2025-10-08 20:00:20,2025-10-08 20:03:17,2,17,4,2025-10-08,B017
R005_up_T019,R005_up,S037,2025-10-08 20:06:24,2025-10-08 20:07:45,8,11,2,2025-10-08,B017
R005_up_T019,R005_up,S027,2025-10-08 20:20:54,2025-10-08 20:23:15,9,19,8,2025-10-08,B017
R005_up_T019,R005_up,S001,2025-10-08 20:21:22,2025-10-08 20:22:47,4,9,-1,2025-10-08,B017
R005_up_T019,R005_up,S046,2025-10-08 20:33:39,2025-10-08 20:34:59,3,15,6,2025-10-08,B017
R005_up_T019,R005_up,S028,2025-10-08 20:41:19,2025-10-08 20:42:33,6,19,8,2025-10-08,B017
R005_up_T019,R005_up,S012,2025-10-08 20:46:34,2025-10-08 20:48:43,6,15,3,2025-10-08,B017
R005_up_T019,R005_up,S054,2025-10-08 20:57:24,2025-10-08 20:58:50,7,16,7,2025-10-08,B017
R005_up_T019,R005_up,S013,2025-10-08 20:56:37,2025-10-08 20:59:32,12,16,-1,2025-10-08,B017
R005_up_T019,R005_up,S026,2025-10-08 21:05:25,2025-10-08 21:06:40,3,6,1,2025-10-08,B017
R005_up_T019,R005_up,S033,2025-10-08 21:11:34,2025-10-08 21:14:25,9,10,-2,2025-10-08,B017
R005_up_T020,R005_up,S039,2025-10-08 20:16:00,2025-10-08 20:17:02,1,17,6,2025-10-08,B017
R005_up_T020,R005_up,S007,2025-10-08 20:17:21,2025-10-08 20:19:04,4,18,-1,2025-10-08,B017
R005_up_T020,R005_up,S037,2025-10-08 20:31:45,2025-10-08 20:34:40,6,20,6,2025-10-08,B017
R005_up_T020,R005_up,S027,2025-10-08 20:43:11,2025-10-08 20:44:33,7,14,5,2025-10-08,B017
R005_up_T020,R005_up,S001,2025-10-08 20:45:41,2025-10-08 20:47:35,12,23,0,2025-10-08,B017
R005_up_T020,R005_up,S046,2025-10-08 21:00:18,2025-10-08 21:01:21,2,9,8,2025-10-08,B017
R005_up_T020,R005_up,S028,2025-10-08 21:03:49,2025-10-08 21:04:49,4,14,6,2025-10-08,B017
R005_up_T020,R005_up,S012,2025-10-08 21:06:17,2025-10-08 21:08:31,8,21,-1,2025-10-08,B017
R005_up_T020,R005_up,S054,2025-10-08 21:14:10,2025-10-08 21:16:50,5,8,0,2025-10-08,B017
R005_up_T020,R005_up,S013,2025-10-08 21:28:59,2025-10-08 21:30:51,5,13,5,2025-10-08,B017
R005_up_T020,R005_up,S026,2025-10-08 21:30:36,2025-10-08 21:33:23,1,15,0,2025-10-08,B017
R005_up_T020,R005_up,S033,2025-10-08 21:47:50,2025-10-08 21:49:09,1,11,7,2025-10-08,B017
R005_up_T021,R005_up,S039,2025-10-08 20:43:00,2025-10-08 20:45:02,5,11,8,2025-10-08,B008
R005_up_T021,R005_up,S007,2025-10-08 20:51:53,2025-10-08 20:53:29,6,19,8,2025-10-08,B008
R005_up_T021,R005_up,S037,2025-10-08 20:53:10,2025-10-08 20:54:20,1,9,2,2025-10-08,B008
R005_up_T021,R005_up,S027,2025-10-08 21:04:36,2025-10-08 21:06:28,7,14,3,2025-10-08,B008
R005_up_T021,R005_up,S001,2025-10-08 21:13:35,2025-10-08 21:14:54,2,12,5,2025-10-08,B008
R005_up_T021,R005_up,S046,2025-10-08 21:21:20,2025-10-08 21:22:41,2,22,7,2025-10-08,B008
R005_up_T021,R005_up,S028,2025-10-08 21:25:24,2025-10-08 21:28:16,9,3,6,2025-10-08,B008
R005_up_T021,R005_up,S012,2025-10-08 21:27:07,2025-10-08 21:28:34,6,11,-2,2025-10-08,B008
R005_up_T021,R005_up,S054,2025-10-08 21:34:27,2025-10-08 21:36:22,0,17,-1,2025-10-08,B008
R005_up_T021,R005_up,S013,2025-10-08 21:45:47,2025-10-08 21:47:59,5,18,2,2025-10-08,B008
R005_up_T021,R005_up,S026,2025-10-08 21:48:52,2025-10-08 21:50:27,7,13,-2,2025-10-08,B008
R005_up_T021,R005_up,S033,2025-10-08 22:04:02,2025-10-08 22:06:09,7,13,2,2025-10-08,B008
R005_up_T022,R005_up,S039,2025-10-08 22:06:00,2025-10-08 22:08:36,2,11,-2,2025-10-08,B002
R005_up_T022,R005_up,S007,2025-10-08 22:17:53,2025-10-08 22:20:26,6,12,0,2025-10-08,B002
R005_up_T022,R005_up,S037,2025-10-08 22:35:08,2025-10-08 22:37:57,5,11,8,2025-10-08,B002
R005_up_T022,R005_up,S027,2025-10-08 22:40:40,2025-10-08 22:43:19,3,23,3,2025-10-08,B002
R005_up_T022,R005_up,S001,2025-10-08 22:52:36,2025-10-08 22:53:53,8,14,5,2025-10-08,B002
R005_up_T022,R005_up,S046,2025-10-08 23:00:14,2025-10-08 23:02:46,4,16,7,2025-10-08,B002
R005_up_T022,R005_up,S028,2025-10-08 23:07:15,2025-10-08 23:09:10,5,17,8,2025-10-08,B002
R005_up_T022,R005_up,S012,2025-10-08 23:08:52,2025-10-08 23:11:48,4,8,-2,2025-10-08,B002
R005_up_T022,R005_up,S054,2025-10-08 23:19:35,2025-10-08 23:21:57,6,10,2,2025-10-08,B002
R005_up_T022,R005_up,S013,2025-10-08 23:31:50,2025-10-08 23:33:53,10,0,5,2025-10-08,B002
R005_up_T022,R005_up,S026,2025-10-08 23:30:46,2025-10-08 23:33:41,2,5,-2,2025-10-08,B002
R005_up_T022,R005_up,S033,2025-10-08 23:42:56,2025-10-08 23:45:40,7,9,-2,2025-10-08,B002
R005_up_T023,R005_up,S039,2025-10-08 22:23:00,2025-10-08 22:24:59,10,16,-1,2025-10-08,B016
R005_up_T023,R005_up,S007,2025-10-08 22:39:55,2025-10-08 22:42:43,3,13,6,2025-10-08,B016
R005_up_T023,R005_up,S037,2025-10-08 22:45:33,2025-10-08 22:48:07,6,13,3,2025-10-08,B016
R005_up_T023,R005_up,S027,2025-10-08 22:54:55,2025-10-08 22:57:05,9,10,0,2025-10-08,B016
R005_up_T023,R005_up,S001,2025-10-08 23:02:44,2025-10-08 23:05:04,7,5,0,2025-10-08,B016
R005_up_T023,R005_up,S046,2025-10-08 23:09:54,2025-10-08 23:12:41,15,2,0,2025-10-08,B016
R005_up_T023,R005_up,S028,2025-10-08 23:19:22,2025-10-08 23:20:40,5,2,3,2025-10-08,B016
R005_up_T023,R005_up,S012,2025-10-08 23:28:14,2025-10-08 23:30:36,9,11,3,2025-10-08,B016
R005_up_T023,R005_up,S054,2025-10-08 23:31:02,2025-10-08 23:33:50,6,7,0,2025-10-08,B016
R005_up_T023,R005_up,S013,2025-10-08 23:42:39,2025-10-08 23:45:28,9,7,2,2025-10-08,B016
R005_up_T023,R005_up,S026,2025-10-08 23:46:41,2025-10-08 23:49:38,5,2,-1,2025-10-08,B016
R005_up_T023,R005_up,S033,2025-10-08 23:58:10,2025-10-09 00:00:14,1,8,-1,2025-10-08,B016
R005_down_T001,R005_down,S033,2025-10-08 05:34:00,2025-10-08 05:35:12,14,2,4,2025-10-08,B011
R005_down_T001,R005_down,S026,2025-10-08 05:36:49,2025-10-08 05:39:48,10,0,-1,2025-10-08,B011
R005_down_T001,R005_down,S013,2025-10-08 05:54:33,2025-10-08 05:56:40,7,2,6,2025-10-08,B011
R005_down_T001,R005_down,S054,2025-10-08 05:57:07,2025-10-08 05:59:42,5,5,3,2025-10-08,B011
R005_down_T001,R005_down,S012,2025-10-08 06:02:49,2025-10-08 06:04:26,8,8,2,2025-10-08,B011
R005_down_T001,R005_down,S028,2025-10-08 06:09:01,2025-10-08 06:10:23,5,3,1,2025-10-08,B011
R005_down_T001,R005_down,S046,2025-10-08 06:12:25,2025-10-08 06:13:46,9,9,-2,2025-10-08,B011
R005_down_T001,R005_down,S001,2025-10-08 06:31:22,2025-10-08 06:32:36,7,5,8,2025-10-08,B011
R005_down_T001,R005_down,S027,2025-10-08 06:31:52,2025-10-08 06:33:40,5,8,3,2025-10-08,B011
R005_down_T001,R005_down,S037,2025-10-08 06:40:37,2025-10-08 06:43:23,14,7,5,2025-10-08,B011
R005_down_T001,R005_down,S007,2025-10-08 06:49:52,2025-10-08 06:52:05,7,7,5,2025-10-08,B011
R005_down_T001,R005_down,S039,2025-10-08 06:52:45,2025-10-08 06:53:49,13,4,0,2025-10-08,B011
R005_down_T002,R005_down,S033,2025-10-08 06:35:00,2025-10-08 06:37:55,11,3,5,2025-10-08,B018
R005_down_T002,R005_down,S026,2025-10-08 06:39:05,2025-10-08 06:40:44,10,0,0,2025-10-08,B018
R005_down_T002,R005_down,S013,2025-10-08 06:56:54,2025-10-08 06:58:09,10,5,8,2025-10-08,B018
R005_down_T002,R005_down,S054,2025-10-08 07:01:46,2025-10-08 07:04:36,10,0,7,2025-10-08,B018
R005_down_T002,R005_down,S012,2025-10-08 07:03:16,2025-10-08 07:05:19,3,18,2,2025-10-08,B018
R005_down_T002,R005_down,S028,2025-10-08 07:15:47,2025-10-08 07:17:36,6,18,8,2025-10-08,B018
R005_down_T002,R005_down,S046,2025-10-08 07:14:09,2025-10-08 07:16:26,7,1,-1,2025-10-08,B018
R005_down_T002,R005_down,S001,2025-10-08 07:31:02,2025-10-08 07:32:45,6,20,4,2025-10-08,B018
R005_down_T002,R005_down,S027,2025-10-08 07:33:26,2025-10-08 07:35:41,9,14,0,2025-10-08,B018
R005_down_T002,R005_down,S037,2025-10-08 07:44:53,2025-10-08 07:47:51,2,20,5,2025-10-08,B018
R005_down_T002,R005_down,S007,2025-10-08 07:49:08,2025-10-08 07:50:23,7,12,-1,2025-10-08,B018
R005_down_T002,R005_down,S039,2025-10-08 08:05:06,2025-10-08 08:06:27,5,14,8,2025-10-08,B018
R005_down_T003,R005_down,S033,2025-10-08 07:53:00,2025-10-08 07:55:06,8,14,4,2025-10-08,B005
R005_down_T003,R005_down,S026,2025-10-08 08:01:16,2025-10-08 08:03:39,7,15,3,2025-10-08,B005
R005_down_T003,R005_down,S013,2025-10-08 08:15:19,2025-10-08 08:16:33,4,9,5,2025-10-08,B005
R005_down_T003,R005_down,S054,2025-10-08 08:14:18,2025-10-08 08:15:44,4,5,-2,2025-10-08,B005
R005_down_T003,R005_down,S012,2025-10-08 08:26:08,2025-10-08 08:28:04,1,7,4,2025-10-08,B005
R005_down_T003,R005_down,S028,2025-10-08 08:32:41,2025-10-08 08:35:12,10,14,4,2025-10-08,B005
R005_down_T003,R005_down,S046,2025-10-08 08:41:22,2025-10-08 08:42:58,8,8,4,2025-10-08,B005
R005_down_T003,R005_down,S001,2025-10-08 08:46:17,2025-10-08 08:48:15,4,7,-1,2025-10-08,B005
R005_down_T003,R005_down,S027,2025-10-08 09:00:49,2025-10-08 09:02:15,4,21,6,2025-10-08,B005
R005_down_T003,R005_down,S037,2025-10-08 08:58:57,2025-10-08 09:01:38,7,13,-2,2025-10-08,B005
R005_down_T003,R005_down,S007,2025-10-08 09:11:10,2025-10-08 09:12:18,6,16,2,2025-10-08,B005
R005_down_T003,R005_down,S039,2025-10-08 09:22:37,2025-10-08 09:25:16,9,5,5,2025-10-08,B005
R005_down_T004,R005_down,S033,2025-10-08 08:27:00,2025-10-08 08:29:15,7,8,0,2025-10-08,B005
R005_down_T004,R005_down,S026,2025-10-08 08:38:32,2025-10-08 08:39:50,11,11,2,2025-10-08,B005
R005_down_T004,R005_down,S013,2025-10-08 08:53:51,2025-10-08 08:56:21,3,21,7,2025-10-08,B005
R005_down_T004,R005_down,S054,2025-10-08 08:56:41,2025-10-08 08:58:14,7,18,3,2025-10-08,B005
R005_down_T004,R005_down,S012,2025-10-08 09:04:48,2025-10-08 09:06:32,7,8,5,2025-10-08,B005
R005_down_T004,R005_down,S028,2025-10-08 09:11:05,2025-10-08 09:13:07,10,17,5,2025-10-08,B005
R005_down_T004,R005_down,S046,2025-10-08 09:21:07,2025-10-08 09:23:01,12,26,7,2025-10-08,B005
R005_down_T004,R005_down,S001,2025-10-08 09:22:22,2025-10-08 09:23:30,4,17,-1,2025-10-08,B005
R005_down_T004,R005_down,S027,2025-10-08 09:30:54,2025-10-08 09:32:10,5,18,2,2025-10-08,B005
R005_down_T004,R005_down,S037,2025-10-08 09:33:57,2025-10-08 09:36:41,5,11,-1,2025-10-08,B005
R005_down_T004,R005_down,S007,2025-10-08 09:49:08,2025-10-08 09:51:08,8,0,4,2025-10-08,B005
R005_down_T004,R005_down,S039,2025-10-08 09:59:15,2025-10-08 10:01:59,0,24,6,2025-10-08,B005
R005_down_T005,R005_down,S033,2025-10-08 08:54:00,2025-10-08 08:56:35,3,11,2,2025-10-08,B018
R005_down_T005,R005_down,S026,2025-10-08 09:03:43,2025-10-08 09:04:48,5,13,1,2025-10-08,B018
R005_down_T005,R005_down,S013,2025-10-08 09:13:21,2025-10-08 09:15:54,1,17,2,2025-10-08,B018
R005_down_T005,R005_down,S054,2025-10-08 09:18:49,2025-10-08 09:20:39,2,19,0,2025-10-08,B018
R005_down_T005,R005_down,S012,2025-10-08 09:26:28,2025-10-08 09:28:02,5,14,2,2025-10-08,B018
R005_down_T005,R005_down,S028,2025-10-08 09:38:11,2025-10-08 09:40:32,4,11,7,2025-10-08,B018
R005_down_T005,R005_down,S046,2025-10-08 09:44:07,2025-10-08 09:45:26,6,12,5,2025-10-08,B018
R005_down_T005,R005_down,S001,2025-10-08 09:49:26,2025-10-08 09:51:15,8,3,-1,2025-10-08,B018
R005_down_T005,R005_down,S027,2025-10-08 09:58:43,2025-10-08 10:01:04,7,17,1,2025-10-08,B018
R005_down_T005,R005_down,S037,2025-10-08 10:07:33,2025-10-08 10:09:45,4,13,3,2025-10-08,B018
R005_down_T005,R005_down,S007,2025-10-08 10:14:21,2025-10-08 10:16:57,3,22,2,2025-10-08,B018
R005_down_T005,R005_down,S039,2025-10-08 10:22:13,2025-10-08 10:23:35,6,3,2,2025-10-08,B018
R005_down_T006,R005_down,S033,2025-10-08 09:13:00,2025-10-08 09:14:12,1,8,-2,2025-10-08,B005
R005_down_T006,R005_down,S026,2025-10-08 09:30:02,2025-10-08 09:32:30,7,12,7,2025-10-08,B005
R005_down_T006,R005_down,S013,2025-10-08 09:39:47,2025-10-08 09:42:40,16,5,6,2025-10-08,B005
R005_down_T006,R005_down,S054,2025-10-08 09:48:05,2025-10-08 09:49:24,3,10,8,2025-10-08,B005
R005_down_T006,R005_down,S012,2025-10-08 09:46:40,2025-10-08 09:48:28,4,14,1,2025-10-08,B005
R005_down_T006,R005_down,S028,2025-10-08 09:58:54,2025-10-08 10:00:42,6,22,6,2025-10-08,B005
R005_down_T006,R005_down,S046,2025-10-08 10:02:06,2025-10-08 10:03:31,10,16,2,2025-10-08,B005
R005_down_T006,R005_down,S001,2025-10-08 10:16:39,2025-10-08 10:18:22,3,19,8,2025-10-08,B005
R005_down_T006,R005_down,S027,2025-10-08 10:16:15,2025-10-08 10:17:16,10,18,1,2025-10-08,B005
R005_down_T006,R005_down,S037,2025-10-08 10:22:30,2025-10-08 10:24:54,10,17,2,2025-10-08,B005
R005_down_T006,R005_down,S007,2025-10-08 10:35:46,2025-10-08 10:36:53,4,18,6,2025-10-08,B005
R005_down_T006,R005_down,S039,2025-10-08 10:45:47,2025-10-08 10:48:33,6,8,8,2025-10-08,B005
R005_down_T007,R005_down,S033,2025-10-08 10:01:00,2025-10-08 10:02:40,5,16,0,2025-10-08,B023
R005_down_T007,R005_down,S026,2025-10-08 10:07:47,2025-10-08 10:10:14,7,10,-1,2025-10-08,B023
R005_down_T007,R005_down,S013,2025-10-08 10:24:26,2025-10-08 10:27:25,10,11,4,2025-10-08,B023
R005_down_T007,R005_down,S054,2025-10-08 10:29:55,2025-10-08 10:31:53,4,11,3,2025-10-08,B023
R005_down_T007,R005_down,S012,2025-10-08 10:37:44,2025-10-08 10:39:43,2,19,4,2025-10-08,B023
R005_down_T007,R005_down,S028,2025-10-08 10:48:09,2025-10-08 10:49:33,4,13,7,2025-10-08,B023
R005_down_T007,R005_down,S046,2025-10-08 10:47:08,2025-10-08 10:48:19,5,26,0,2025-10-08,B023
R005_down_T007,R005_down,S001,2025-10-08 10:57:54,2025-10-08 11:00:24,9,13,1,2025-10-08,B023
R005_down_T007,R005_down,S027,2025-10-08 11:09:18,2025-10-08 11:12:08,9,7,4,2025-10-08,B023
R005_down_T007,R005_down,S037,2025-10-08 11:10:03,2025-10-08 11:11:05,8,5,-2,2025-10-08,B023
R005_down_T007,R005_down,S007,2025-10-08 11:19:48,2025-10-08 11:20:53,8,2,1,2025-10-08,B023
R005_down_T007,R005_down,S039,2025-10-08 11:33:12,2025-10-08 11:34:55,3,7,6,2025-10-08,B023
R005_down_T008,R005_down,S033,2025-10-08 10:21:00,2025-10-08 10:23:49,10,11,-1,2025-10-08,B004
R005_down_T008,R005_down,S026,2025-10-08 10:36:38,2025-10-08 10:37:46,7,9,5,2025-10-08,B004
R005_down_T008,R005_down,S013,2025-10-08 10:44:17,2025-10-08 10:46:16,0,8,3,2025-10-08,B004
R005_down_T008,R005_down,S054,2025-10-08 10:51:51,2025-10-08 10:54:46,6,8,4,2025-10-08,B004
R005_down_T008,R005_down,S012,2025-10-08 10:53:40,2025-10-08 10:55:17,7,13,-2,2025-10-08,B004
R005_down_T008,R005_down,S028,2025-10-08 11:09:59,2025-10-08 11:12:53,5,5,8,2025-10-08,B004
R005_down_T008,R005_down,S046,2025-10-08 11:08:31,2025-10-08 11:11:23,1,2,-1,2025-10-08,B004
R005_down_T008,R005_down,S001,2025-10-08 11:28:38,2025-10-08 11:30:41,7,10,8,2025-10-08,B004
R005_down_T008,R005_down,S027,2025-10-08 11:32:56,2025-10-08 11:35:02,7,7,5,2025-10-08,B004
R005_down_T008,R005_down,S037,2025-10-08 11:41:07,2025-10-08 11:43:57,5,8,7,2025-10-08,B004
R005_down_T008,R005_down,S007,2025-10-08 11:46:03,2025-10-08 11:47:18,6,5,3,2025-10-08,B004
R005_down_T008,R005_down,S039,2025-10-08 11:58:31,2025-10-08 12:01:01,7,4,7,2025-10-08,B004
R005_down_T009,R005_down,S033,2025-10-08 10:41:00,2025-10-08 10:42:03,8,16,0,2025-10-08,B020
R005_down_T009,R005_down,S026,2025-10-08 10:49:30,2025-10-08 10:52:04,9,12,1,2025-10-08,B020
R005_down_T009,R005_down,S013,2025-10-08 11:07:32,2025-10-08 11:09:36,7,8,8,2025-10-08,B020
R005_down_T009,R005_down,S054,2025-10-08 11:10:51,2025-10-08 11:12:28,2,5,5,2025-10-08,B020
R005_down_T009,R005_down,S012,2025-10-08 11:19:07,2025-10-08 11:20:32,6,4,8,2025-10-08,B020
R005_down_T009,R005_down,S028,2025-10-08 11:20:10,2025-10-08 11:22:27,3,3,2,2025-10-08,B020
R005_down_T009,R005_down,S046,2025-10-08 11:27:06,2025-10-08 11:29:58,10,6,2,2025-10-08,B020
R005_down_T009,R005_down,S001,2025-10-08 11:39:02,2025-10-08 11:41:15,6,8,4,2025-10-08,B020
R005_down_T009,R005_down,S027,2025-10-08 11:46:40,2025-10-08 11:48:24,6,11,4,2025-10-08,B020
R005_down_T009,R005_down,S037,2025-10-08 11:52:22,2025-10-08 11:54:39,5,4,4,2025-10-08,B020
R005_down_T009,R005_down,S007,2025-10-08 12:00:58,2025-10-08 12:02:45,8,4,5,2025-10-08,B020
R005_down_T009,R005_down,S039,2025-10-08 12:04:42,2025-10-08 12:06:35,12,9,1,2025-10-08,B020
R005_down_T010,R005_down,S033,2025-10-08 11:01:00,2025-10-08 11:02:08,3,8,3,2025-10-08,B007
R005_down_T010,R005_down,S026,2025-10-08 11:04:31,2025-10-08 11:07:25,6,2,-2,2025-10-08,B007
R005_down_T010,R005_down,S013,2025-10-08 11:17:18,2025-10-08 11:19:00,8,2,1,2025-10-08,B007
R005_down_T010,R005_down,S054,2025-10-08 11:29:00,2025-10-08 11:31:39,6,5,7,2025-10-08,B007
R005_down_T010,R005_down,S012,2025-10-08 11:29:02,2025-10-08 11:31:47,7,10,0,2025-10-08,B007
R005_down_T010,R005_down,S028,2025-10-08 11:35:53,2025-10-08 11:37:15,10,9,-1,2025-10-08,B007
R005_down_T010,R005_down,S046,2025-10-08 11:50:34,2025-10-08 11:52:40,7,5,8,2025-10-08,B007
R005_down_T010,R005_down,S001,2025-10-08 11:58:26,2025-10-08 12:00:40,10,8,5,2025-10-08,B007
R005_down_T010,R005_down,S027,2025-10-08 12:05:02,2025-10-08 12:06:12,4,6,5,2025-10-08,B007
R005_down_T010,R005_down,S037,2025-10-08 12:12:23,2025-10-08 12:13:43,8,11,7,2025-10-08,B007
R005_down_T010,R005_down,S007,2025-10-08 12:12:35,2025-10-08 12:13:47,11,5,0,2025-10-08,B007
R005_down_T010,R005_down,S039,2025-10-08 12:18:12,2025-10-08 12:20:32,10,11,-1,2025-10-08,B007
R005_down_T011,R005_down,S033,2025-10-08 12:54:00,2025-10-08 12:55:00,11,11,8,2025-10-08,B021
R005_down_T011,R005_down,S026,2025-10-08 12:55:54,2025-10-08 12:58:00,10,6,2,2025-10-08,B021
R005_down_T011,R005_down,S013,2025-10-08 13:08:36,2025-10-08 13:10:37,6,10,4,2025-10-08,B021
R005_down_T011,R005_down,S054,2025-10-08 13:12:33,2025-10-08 13:14:00,7,4,1,2025-10-08,B021
R005_down_T011,R005_down,S012,2025-10-08 13:15:43,2025-10-08 13:17:43,4,5,-1,2025-10-08,B021
R005_down_T011,R005_down,S028,2025-10-08 13:23:15,2025-10-08 13:26:07,9,0,-1,2025-10-08,B021
R005_down_T011,R005_down,S046,2025-10-08 13:40:41,2025-10-08 13:42:02,5,8,8,2025-10-08,B021
R005_down_T011,R005_down,S001,2025-10-08 13:41:15,2025-10-08 13:42:17,4,9,-1,2025-10-08,B021
R005_down_T011,R005_down,S027,2025-10-08 13:52:58,2025-10-08 13:54:56,6,5,4,2025-10-08,B021
R005_down_T011,R005_down,S037,2025-10-08 14:03:16,2025-10-08 14:05:32,9,10,8,2025-10-08,B021
R005_down_T011,R005_down,S007,2025-10-08 14:02:25,2025-10-08 14:03:41,6,4,-1,2025-10-08,B021
R005_down_T011,R005_down,S039,2025-10-08 14:19:07,2025-10-08 14:20:13,5,3,8,2025-10-08,B021
R005_down_T012,R005_down,S033,2025-10-08 13:37:00,2025-10-08 13:38:28,12,6,5,2025-10-08,B023
R005_down_T012,R005_down,S026,2025-10-08 13:45:38,2025-10-08 13:48:30,5,5,5,2025-10-08,B023
R005_down_T012,R005_down,S013,2025-10-08 13:52:43,2025-10-08 13:54:14,7,4,0,2025-10-08,B023
R005_down_T012,R005_down,S054,2025-10-08 14:03:57,2025-10-08 14:06:04,13,7,6,2025-10-08,B023
R005_down_T012,R005_down,S012,2025-10-08 14:04:43,2025-10-08 14:06:36,10,0,0,2025-10-08,B023
R005_down_T012,R005_down,S028,2025-10-08 14:12:59,2025-10-08 14:14:43,7,8,2,2025-10-08,B023
R005_down_T012,R005_down,S046,2025-10-08 14:25:12,2025-10-08 14:26:38,4,9,7,2025-10-08,B023
R005_down_T012,R005_down,S001,2025-10-08 14:34:14,2025-10-08 14:36:19,8,6,7,2025-10-08,B023
R005_down_T012,R005_down,S027,2025-10-08 14:34:43,2025-10-08 14:36:02,12,5,1,2025-10-08,B023
R005_down_T012,R005_down,S037,2025-10-08 14:42:44,2025-10-08 14:44:30,9,6,3,2025-10-08,B023
R005_down_T012,R005_down,S007,2025-10-08 14:54:22,2025-10-08 14:56:39,4,0,6,2025-10-08,B023
R005_down_T012,R005_down,S039,2025-10-08 15:01:36,2025-10-08 15:02:47,1,5,4,2025-10-08,B023
R005_down_T013,R005_down,S033,2025-10-08 15:00:00,2025-10-08 15:01:17,7,1,4,2025-10-08,B014
R005_down_T013,R005_down,S026,2025-10-08 15:05:19,2025-10-08 15:07:21,10,5,1,2025-10-08,B014
R005_down_T013,R005_down,S013,2025-10-08 15:11:37,2025-10-08 15:13:26,2,4,-2,2025-10-08,B014
R005_down_T013,R005_down,S054,2025-10-08 15:20:51,2025-10-08 15:22:09,7,8,2,2025-10-08,B014
R005_down_T013,R005_down,S012,2025-10-08 15:28:32,2025-10-08 15:31:13,10,7,4,2025-10-08,B014
R005_down_T013,R005_down,S028,2025-10-08 15:33:09,2025-10-08 15:34:48,2,10,0,2025-10-08,B014
R005_down_T013,R005_down,S046,2025-10-08 15:42:00,2025-10-08 15:43:12,6,3,2,2025-10-08,B014
R005_down_T013,R005_down,S001,2025-10-08 15:49:53,2025-10-08 15:51:13,6,4,0,2025-10-08,B014
R005_down_T013,R005_down,S027,2025-10-08 16:03:39,2025-10-08 16:06:36,9,4,7,2025-10-08,B014
R005_down_T013,R005_down,S037,2025-10-08 16:01:46,2025-10-08 16:04:32,4,8,-2,2025-10-08,B014
R005_down_T013,R005_down,S007,2025-10-08 16:20:13,2025-10-08 16:22:33,8,6,7,2025-10-08,B014
R005_down_T013,R005_down,S039,2025-10-08 16:24:51,2025-10-08 16:27:29,4,1,2,2025-10-08,B014
R005_down_T014,R005_down,S033,2025-10-08 17:37:00,2025-10-08 17:39:26,9,3,6,2025-10-08,B019
R005_down_T014,R005_down,S026,2025-10-08 17:45:13,2025-10-08 17:47:48,3,2,4,2025-10-08,B019
R005_down_T014,R005_down,S013,2025-10-08 17:56:49,2025-10-08 17:58:48,22,1,6,2025-10-08,B019
R005_down_T014,R005_down,S054,2025-10-08 18:03:27,2025-10-08 18:05:02,17,5,7,2025-10-08,B019
R005_down_T014,R005_down,S012,2025-10-08 18:02:24,2025-10-08 18:05:11,9,3,0,2025-10-08,B019
R005_down_T014,R005_down,S028,2025-10-08 18:17:57,2025-10-08 18:19:35,5,0,7,2025-10-08,B019
R005_down_T014,R005_down,S046,2025-10-08 18:22:12,2025-10-08 18:24:32,15,5,4,2025-10-08,B019
R005_down_T014,R005_down,S001,2025-10-08 18:34:47,2025-10-08 18:37:19,12,8,5,2025-10-08,B019
R005_down_T014,R005_down,S027,2025-10-08 18:44:58,2025-10-08 18:47:05,16,4,8,2025-10-08,B019
R005_down_T014,R005_down,S037,2025-10-08 18:48:56,2025-10-08 18:50:15,17,9,6,2025-10-08,B019
R005_down_T014,R005_down,S007,2025-10-08 18:50:20,2025-10-08 18:51:52,19,5,-1,2025-10-08,B019
R005_down_T014,R005_down,S039,2025-10-08 19:00:10,2025-10-08 19:02:59,18,4,2,2025-10-08,B019
R005_down_T015,R005_down,S033,2025-10-08 17:52:00,2025-10-08 17:54:01,17,4,1,2025-10-08,B018
R005_down_T015,R005_down,S026,2025-10-08 17:58:42,2025-10-08 17:59:48,16,6,-1,2025-10-08,B018
R005_down_T015,R005_down,S013,2025-10-08 18:13:47,2025-10-08 18:15:35,4,4,3,2025-10-08,B018
R005_down_T015,R005_down,S054,2025-10-08 18:19:06,2025-10-08 18:20:59,9,6,3,2025-10-08,B018
R005_down_T015,R005_down,S012,2025-10-08 18:23:12,2025-10-08 18:26:00,2,6,1,2025-10-08,B018
R005_down_T015,R005_down,S028,2025-10-08 18:37:51,2025-10-08 18:39:20,7,8,8,2025-10-08,B018
R005_down_T015,R005_down,S046,2025-10-08 18:34:14,2025-10-08 18:35:51,15,10,-2,2025-10-08,B018
R005_down_T015,R005_down,S001,2025-10-08 18:48:54,2025-10-08 18:51:52,5,1,2,2025-10-08,B018
R005_down_T015,R005_down,S027,2025-10-08 18:58:17,2025-10-08 19:00:56,22,6,3,2025-10-08,B018
R005_down_T015,R005_down,S037,2025-10-08 19:01:07,2025-10-08 19:03:44,15,9,-1,2025-10-08,B018
R005_down_T015,R005_down,S007,2025-10-08 19:17:52,2025-10-08 19:20:14,9,5,7,2025-10-08,B018
R005_down_T015,R005_down,S039,2025-10-08 19:22:11,2025-10-08 19:24:35,16,5,2,2025-10-08,B018
R005_down_T016,R005_down,S033,2025-10-08 19:43:00,2025-10-08 19:44:38,11,7,0,2025-10-08,B025
R005_down_T016,R005_down,S026,2025-10-08 19:52:13,2025-10-08 19:54:45,8,8,0,2025-10-08,B025
R005_down_T016,R005_down,S013,2025-10-08 20:01:38,2025-10-08 20:03:47,12,8,0,2025-10-08,B025
R005_down_T016,R005_down,S054,2025-10-08 20:08:56,2025-10-08 20:11:13,1,5,1,2025-10-08,B025
R005_down_T016,R005_down,S012,2025-10-08 20:20:57,2025-10-08 20:22:58,11,6,6,2025-10-08,B025
R005_down_T016,R005_down,S028,2025-10-08 20:25:50,2025-10-08 20:28:19,11,6,3,2025-10-08,B025
R005_down_T016,R005_down,S046,2025-10-08 20:34:10,2025-10-08 20:35:19,15,12,4,2025-10-08,B025
R005_down_T016,R005_down,S001,2025-10-08 20:41:28,2025-10-08 20:43:19,14,7,2,2025-10-08,B025
R005_down_T016,R005_down,S027,2025-10-08 20:46:04,2025-10-08 20:48:48,7,6,-1,2025-10-08,B025
R005_down_T016,R005_down,S037,2025-10-08 20:56:18,2025-10-08 20:57:21,13,6,3,2025-10-08,B025
R005_down_T016,R005_down,S007,2025-10-08 21:05:14,2025-10-08 21:07:10,21,6,5,2025-10-08,B025
R005_down_T016,R005_down,S039,2025-10-08 21:11:49,2025-10-08 21:13:34,12,3,3,2025-10-08,B025
R005_down_T017,R005_down,S033,2025-10-08 20:30:00,2025-10-08 20:32:38,5,6,3,2025-10-08,B011
R005_down_T017,R005_down,S026,2025-10-08 20:44:02,2025-10-08 20:45:59,15,0,7,2025-10-08,B011
R005_down_T017,R005_down,S013,2025-10-08 20:47:41,2025-10-08 20:50:28,15,9,0,2025-10-08,B011
R005_down_T017,R005_down,S054,2025-10-08 20:55:18,2025-10-08 20:57:18,6,6,1,2025-10-08,B011
R005_down_T017,R005_down,S012,2025-10-08 21:00:58,2025-10-08 21:03:02,12,4,1,2025-10-08,B011
R005_down_T017,R005_down,S028,2025-10-08 21:07:52,2025-10-08 21:09:28,16,6,0,2025-10-08,B011
R005_down_T017,R005_down,S046,2025-10-08 21:20:17,2025-10-08 21:21:42,17,8,5,2025-10-08,B011
R005_down_T017,R005_down,S001,2025-10-08 21:25:11,2025-10-08 21:27:16,6,5,-1,2025-10-08,B011
R005_down_T017,R005_down,S027,2025-10-08 21:30:57,2025-10-08 21:33:51,13,2,-2,2025-10-08,B011
R005_down_T017,R005_down,S037,2025-10-08 21:47:38,2025-10-08 21:49:22,8,5,7,2025-10-08,B011
R005_down_T017,R005_down,S007,2025-10-08 21:51:55,2025-10-08 21:53:59,17,0,3,2025-10-08,B011
R005_down_T017,R005_down,S039,2025-10-08 22:02:51,2025-10-08 22:05:06,16,2,6,2025-10-08,B011
R005_down_T018,R005_down,S033,2025-10-08 20:59:00,2025-10-08 21:01:12,11,7,7,2025-10-08,B024
R005_down_T018,R005_down,S026,2025-10-08 21:01:29,2025-10-08 21:03:25,10,9,1,2025-10-08,B024
R005_down_T018,R005_down,S013,2025-10-08 21:16:09,2025-10-08 21:17:22,4,5,4,2025-10-08,B024
R005_down_T018,R005_down,S054,2025-10-08 21:19:32,2025-10-08 21:20:39,14,10,2,2025-10-08,B024
R005_down_T018,R005_down,S012,2025-10-08 21:24:14,2025-10-08 21:25:33,21,5,1,2025-10-08,B024
R005_down_T018,R005_down,S028,2025-10-08 21:31:46,2025-10-08 21:34:21,18,2,2,2025-10-08,B024
R005_down_T018,R005_down,S046,2025-10-08 21:44:51,2025-10-08 21:46:32,12,1,7,2025-10-08,B024
R005_down_T018,R005_down,S001,2025-10-08 21:48:55,2025-10-08 21:50:43,17,8,2,2025-10-08,B024
R005_down_T018,R005_down,S027,2025-10-08 21:57:53,2025-10-08 21:59:02,24,3,4,2025-10-08,B024
R005_down_T018,R005_down,S037,2025-10-08 22:02:37,2025-10-08 22:04:03,12,5,4,2025-10-08,B024
R005_down_T018,R005_down,S007,2025-10-08 22:09:23,2025-10-08 22:11:08,11,9,2,2025-10-08,B024
R005_down_T018,R005_down,S039,2025-10-08 22:22:19,2025-10-08 22:24:25,17,5,6,2025-10-08,B024
R005_down_T019,R005_down,S033,2025-10-08 21:40:00,2025-10-08 21:41:22,12,7,0,2025-10-08,B018
R005_down_T019,R005_down,S026,2025-10-08 21:52:46,2025-10-08 21:55:06,9,2,4,2025-10-08,B018
R005_down_T019,R005_down,S013,2025-10-08 22:00:11,2025-10-08 22:03:04,13,7,2,2025-10-08,B018
R005_down_T019,R005_down,S054,2025-10-08 22:07:54,2025-10-08 22:10:15,8,6,3,2025-10-08,B018
R005_down_T019,R005_down,S012,2025-10-08 22:15:13,2025-10-08 22:17:24,13,4,3,2025-10-08,B018
R005_down_T019,R005_down,S028,2025-10-08 22:19:23,2025-10-08 22:21:41,8,4,0,2025-10-08,B018
R005_down_T019,R005_down,S046,2025-10-08 22:27:42,2025-10-08 22:28:48,17,0,1,2025-10-08,B018
R005_down_T019,R005_down,S001,2025-10-08 22:38:37,2025-10-08 22:39:47,13,9,3,2025-10-08,B018
R005_down_T019,R005_down,S027,2025-10-08 22:48:47,2025-10-08 22:50:59,10,7,6,2025-10-08,B018
R005_down_T019,R005_down,S037,2025-10-08 22:51:24,2025-10-08 22:54:09,8,4,3,2025-10-08,B018
R005_down_T019,R005_down,S007,2025-10-08 22:56:13,2025-10-08 22:58:13,15,8,-2,2025-10-08,B018
R005_down_T019,R005_down,S039,2025-10-08 23:03:42,2025-10-08 23:05:23,3,6,-2,2025-10-08,B018
R005_down_T020,R005_down,S033,2025-10-08 22:19:00,2025-10-08 22:20:17,11,5,6,2025-10-08,B019
R005_down_T020,R005_down,S026,2025-10-08 22:27:02,2025-10-08 22:28:53,7,6,6,2025-10-08,B019
R005_down_T020,R005_down,S013,2025-10-08 22:31:06,2025-10-08 22:32:12,18,4,-1,2025-10-08,B019
R005_down_T020,R005_down,S054,2025-10-08 22:40:14,2025-10-08 22:42:36,10,5,3,2025-10-08,B019
R005_down_T020,R005_down,S012,2025-10-08 22:52:09,2025-10-08 22:53:45,22,5,8,2025-10-08,B019
R005_down_T020,R005_down,S028,2025-10-08 22:55:33,2025-10-08 22:56:45,13,4,5,2025-10-08,B019
R005_down_T020,R005_down,S046,2025-10-08 22:54:08,2025-10-08 22:56:52,9,6,-2,2025-10-08,B019
R005_down_T020,R005_down,S001,2025-10-08 23:11:23,2025-10-08 23:13:12,5,3,3,2025-10-08,B019
R005_down_T020,R005_down,S027,2025-10-08 23:19:27,2025-10-08 23:21:22,4,3,5,2025-10-08,B019
R005_down_T020,R005_down,S037,2025-10-08 23:26:03,2025-10-08 23:27:21,7,8,5,2025-10-08,B019
R005_down_T020,R005_down,S007,2025-10-08 23:30:21,2025-10-08 23:31:40,7,8,2,2025-10-08,B019
R005_down_T020,R005_down,S039,2025-10-08 23:34:52,2025-10-08 23:36:02,8,5,-1,2025-10-08,B019
R005_down_T021,R005_down,S033,2025-10-08 22:35:00,2025-10-08 22:36:51,13,10,0,2025-10-08,B005
R005_down_T021,R005_down,S026,2025-10-08 22:44:23,2025-10-08 22:45:24,15,3,1,2025-10-08,B005
R005_down_T021,R005_down,S013,2025-10-08 22:52:34,2025-10-08 22:54:53,11,5,-1,2025-10-08,B005
R005_down_T021,R005_down,S054,2025-10-08 23:04:38,2025-10-08 23:06:39,5,3,4,2025-10-08,B005
R005_down_T021,R005_down,S012,2025-10-08 23:13:23,2025-10-08 23:15:30,5,3,7,2025-10-08,B005
R005_down_T021,R005_down,S028,2025-10-08 23:15:27,2025-10-08 23:16:44,9,5,1,2025-10-08,B005
R005_down_T021,R005_down,S046,2025-10-08 23:23:46,2025-10-08 23:24:57,6,7,3,2025-10-08,B005
R005_down_T021,R005_down,S001,2025-10-08 23:37:27,2025-10-08 23:38:33,6,8,7,2025-10-08,B005
R005_down_T021,R005_down,S027,2025-10-08 23:44:33,2025-10-08 23:46:14,11,11,8,2025-10-08,B005
R005_down_T021,R005_down,S037,2025-10-08 23:45:01,2025-10-08 23:47:27,9,7,3,2025-10-08,B005
R005_down_T021,R005_down,S007,2025-10-08 23:50:07,2025-10-08 23:53:02,8,6,0,2025-10-08,B005
R005_down_T021,R005_down,S039,2025-10-08 23:58:09,2025-10-09 00:00:55,12,5,0,2025-10-08,B005
R006_up_T001,R006_up,S055,2025-10-08 06:09:00,2025-10-08 06:11:30,6,0,8,2025-10-08,B001
R006_up_T001,R006_up,S033,2025-10-08 06:06:11,2025-10-08 06:08:41,8,9,-2,2025-10-08,B001
R006_up_T001,R006_up,S056,2025-10-08 06:23:36,2025-10-08 06:25:16,8,4,7,2025-10-08,B001
R006_up_T001,R006_up,S036,2025-10-08 06:28:07,2025-10-08 06:30:00,9,3,6,2025-10-08,B001
R006_up_T001,R006_up,S020,2025-10-08 06:32:27,2025-10-08 06:35:04,9,4,0,2025-10-08,B001
R006_up_T001,R006_up,S029,2025-10-08 06:49:24,2025-10-08 06:51:57,1,7,7,2025-10-08,B001
R006_up_T001,R006_up,S007,2025-10-08 06:54:16,2025-10-08 06:55:21,7,10,2,2025-10-08,B001
R006_up_T001,R006_up,S009,2025-10-08 07:04:55,2025-10-08 07:07:31,11,7,7,2025-10-08,B001
R006_up_T001,R006_up,S042,2025-10-08 07:08:33,2025-10-08 07:09:56,14,7,3,2025-10-08,B001
R006_up_T001,R006_up,S037,2025-10-08 07:12:20,2025-10-08 07:13:31,17,9,-2,2025-10-08,B001
R006_up_T001,R006_up,S016,2025-10-08 07:27:23,2025-10-08 07:28:32,10,1,6,2025-10-08,B001
R006_up_T001,R006_up,S021,2025-10-08 07:32:17,2025-10-08 07:33:40,9,8,2,2025-10-08,B001
R006_up_T001,R006_up,S026,2025-10-08 07:41:19,2025-10-08 07:44:09,13,11,4,2025-10-08,B001
R006_up_T001,R006_up,S023,2025-10-08 07:45:08,2025-10-08 07:47:42,18,11,-1,2025-10-08,B001
R006_up_T001,R006_up,S015,2025-10-08 07:56:03,2025-10-08 07:57:46,10,8,0,2025-10-08,B001
R006_up_T002,R006_up,S055,2025-10-08 06:43:00,2025-10-08 06:44:21,15,5,-2,2025-10-08,B015
R006_up_T002,R006_up,S033,2025-10-08 06:49:19,2025-10-08 06:51:40,9,3,-2,2025-10-08,B015
R006_up_T002,R006_up,S056,2025-10-08 07:00:50,2025-10-08 07:02:21,15,5,0,2025-10-08,B015
R006_up_T002,R006_up,S036,2025-10-08 07:10:01,2025-10-08 07:11:40,9,7,3,2025-10-08,B015
R006_up_T002,R006_up,S020,2025-10-08 07:14:40,2025-10-08 07:16:04,15,0,-1,2025-10-08,B015
R006_up_T002,R006_up,S029,2025-10-08 07:29:58,2025-10-08 07:32:13,14,5,5,2025-10-08,B015
R006_up_T002,R006_up,S007,2025-10-08 07:36:51,2025-10-08 07:38:13,11,7,1,2025-10-08,B015
R006_up_T002,R006_up,S009,2025-10-08 07:42:24,2025-10-08 07:44:55,19,10,-1,2025-10-08,B015
R006_up_T002,R006_up,S042,2025-10-08 07:51:37,2025-10-08 07:54:02,10,4,0,2025-10-08,B015
R006_up_T002,R006_up,S037,2025-10-08 08:04:22,2025-10-08 08:06:33,10,0,3,2025-10-08,B015
R006_up_T002,R006_up,S016,2025-10-08 08:14:02,2025-10-08 08:15:13,13,7,3,2025-10-08,B015
R006_up_T002,R006_up,S021,2025-10-08 08:20:37,2025-10-08 08:21:45,12,6,1,2025-10-08,B015
R006_up_T002,R006_up,S026,2025-10-08 08:26:01,2025-10-08 08:29:01,17,6,0,2025-10-08,B015
R006_up_T002,R006_up,S023,2025-10-08 08:35:38,2025-10-08 08:37:22,19,3,0,2025-10-08,B015
R006_up_T002,R006_up,S015,2025-10-08 08:52:03,2025-10-08 08:54:10,22,10,7,2025-10-08,B015
R006_up_T003,R006_up,S055,2025-10-08 07:57:00,2025-10-08 07:59:55,13,4,6,2025-10-08,B001
R006_up_T003,R006_up,S033,2025-10-08 08:03:34,2025-10-08 08:04:57,5,6,5,2025-10-08,B001
R006_up_T003,R006_up,S056,2025-10-08 08:04:44,2025-10-08 08:06:08,8,3,-1,2025-10-08,B001
R006_up_T003,R006_up,S036,2025-10-08 08:16:41,2025-10-08 08:19:36,14,0,6,2025-10-08,B001
R006_up_T003,R006_up,S020,2025-10-08 08:25:20,2025-10-08 08:27:17,23,8,4,2025-10-08,B001
R006_up_T003,R006_up,S029,2025-10-08 08:31:22,2025-10-08 08:32:40,9,4,1,2025-10-08,B001
R006_up_T003,R006_up,S007,2025-10-08 08:39:42,2025-10-08 08:41:07,16,7,0,2025-10-08,B001
R006_up_T003,R006_up,S009,2025-10-08 08:47:07,2025-10-08 08:48:11,12,8,1,2025-10-08,B001
R006_up_T003,R006_up,S042,2025-10-08 08:59:02,2025-10-08 09:00:34,5,5,7,2025-10-08,B001
R006_up_T003,R006_up,S037,2025-10-08 09:05:25,2025-10-08 09:06:35,16,4,5,2025-10-08,B001
R006_up_T003,R006_up,S016,2025-10-08 09:06:21,2025-10-08 09:09:18,18,10,-1,2025-10-08,B001
R006_up_T003,R006_up,S021,2025-10-08 09:25:18,2025-10-08 09:28:14,17,2,8,2025-10-08,B001
R006_up_T003,R006_up,S026,2025-10-08 09:23:35,2025-10-08 09:26:29,16,7,-1,2025-10-08,B001
R006_up_T003,R006_up,S023,2025-10-08 09:36:45,2025-10-08 09:39:32,15,7,4,2025-10-08,B001
R006_up_T003,R006_up,S015,2025-10-08 09:44:55,2025-10-08 09:47:21,14,4,1,2025-10-08,B001
R006_up_T004,R006_up,S055,2025-10-08 08:19:00,2025-10-08 08:20:15,14,5,8,2025-10-08,B002
R006_up_T004,R006_up,S033,2025-10-08 08:26:15,2025-10-08 08:27:33,22,6,8,2025-10-08,B002
R006_up_T004,R006_up,S056,2025-10-08 08:30:24,2025-10-08 08:32:22,19,9,5,2025-10-08,B002
R006_up_T004,R006_up,S036,2025-10-08 08:31:55,2025-10-08 08:33:48,15,4,0,2025-10-08,B002
R006_up_T004,R006_up,S020,2025-10-08 08:45:27,2025-10-08 08:46:56,12,5,4,2025-10-08,B002
R006_up_T004,R006_up,S029,2025-10-08 08:54:23,2025-10-08 08:57:03,17,6,3,2025-10-08,B002
R006_up_T004,R006_up,S007,2025-10-08 09:03:04,2025-10-08 09:05:10,18,6,2,2025-10-08,B002
R006_up_T004,R006_up,S009,2025-10-08 09:15:32,2025-10-08 09:18:01,17,7,8,2025-10-08,B002
R006_up_T004,R006_up,S042,2025-10-08 09:20:49,2025-10-08 09:21:57,9,10,5,2025-10-08,B002
R006_up_T004,R006_up,S037,2025-10-08 09:31:25,2025-10-08 09:33:22,12,6,8,2025-10-08,B002
R006_up_T004,R006_up,S016,2025-10-08 09:37:43,2025-10-08 09:39:01,12,6,5,2025-10-08,B002
R006_up_T004,R006_up,S021,2025-10-08 09:43:33,2025-10-08 09:45:01,22,5,3,2025-10-08,B002
R006_up_T004,R006_up,S026,2025-10-08 09:47:52,2025-10-08 09:49:31,11,5,1,2025-10-08,B002
R006_up_T004,R006_up,S023,2025-10-08 10:02:36,2025-10-08 10:04:20,12,6,7,2025-10-08,B002
R006_up_T004,R006_up,S015,2025-10-08 10:07:35,2025-10-08 10:08:53,15,2,4,2025-10-08,B002
R006_up_T005,R006_up,S055,2025-10-08 09:00:00,2025-10-08 09:01:49,21,9,0,2025-10-08,B002
R006_up_T005,R006_up,S033,2025-10-08 09:08:51,2025-10-08 09:10:56,3,6,1,2025-10-08,B002
R006_up_T005,R006_up,S056,2025-10-08 09:14:59,2025-10-08 09:16:31,5,3,-2,2025-10-08,B002
R006_up_T005,R006_up,S036,2025-10-08 09:21:09,2025-10-08 09:22:21,19,8,-2,2025-10-08,B002
R006_up_T005,R006_up,S020,2025-10-08 09:34:30,2025-10-08 09:35:42,21,7,4,2025-10-08,B002
R006_up_T005,R006_up,S029,2025-10-08 09:45:54,2025-10-08 09:48:37,13,2,7,2025-10-08,B002
R006_up_T005,R006_up,S007,2025-10-08 09:55:38,2025-10-08 09:57:17,17,7,7,2025-10-08,B002
R006_up_T005,R006_up,S009,2025-10-08 09:53:51,2025-10-08 09:55:24,13,4,-2,2025-10-08,B002
R006_up_T005,R006_up,S042,2025-10-08 10:10:08,2025-10-08 10:12:24,18,0,8,2025-10-08,B002
R006_up_T005,R006_up,S037,2025-10-08 10:18:20,2025-10-08 10:20:59,8,4,7,2025-10-08,B002
R006_up_T005,R006_up,S016,2025-10-08 10:21:00,2025-10-08 10:23:50,14,5,0,2025-10-08,B002
R006_up_T005,R006_up,S021,2025-10-08 10:30:41,2025-10-08 10:33:11,13,4,0,2025-10-08,B002
R006_up_T005,R006_up,S026,2025-10-08 10:39:26,2025-10-08 10:41:45,20,8,1,2025-10-08,B002
R006_up_T005,R006_up,S023,2025-10-08 10:53:52,2025-10-08 10:55:58,19,5,7,2025-10-08,B002
R006_up_T005,R006_up,S015,2025-10-08 10:55:54,2025-10-08 10:57:29,13,3,-1,2025-10-08,B002
R006_up_T006,R006_up,S055,2025-10-08 09:23:00,2025-10-08 09:24:56,9,6,-1,2025-10-08,B022
R006_up_T006,R006_up,S033,2025-10-08 09:32:04,2025-10-08 09:33:15,22,7,1,2025-10-08,B022
R006_up_T006,R006_up,S056,2025-10-08 09:43:52,2025-10-08 09:46:40,14,11,6,2025-10-08,B022
R006_up_T006,R006_up,S036,2025-10-08 09:46:34,2025-10-08 09:47:49,17,9,2,2025-10-08,B022
R006_up_T006,R006_up,S020,2025-10-08 09:59:36,2025-10-08 10:02:03,13,3,6,2025-10-08,B022
R006_up_T006,R006_up,S029,2025-10-08 10:05:42,2025-10-08 10:08:13,20,8,0,2025-10-08,B022
R006_up_T006,R006_up,S007,2025-10-08 10:16:01,2025-10-08 10:18:06,11,8,-2,2025-10-08,B022
R006_up_T006,R006_up,S009,2025-10-08 10:30:43,2025-10-08 10:31:45,18,1,6,2025-10-08,B022
R006_up_T006,R006_up,S042,2025-10-08 10:31:54,2025-10-08 10:33:54,21,5,1,2025-10-08,B022
R006_up_T006,R006_up,S037,2025-10-08 10:44:18,2025-10-08 10:46:08,11,9,5,2025-10-08,B022
R006_up_T006,R006_up,S016,2025-10-08 10:52:46,2025-10-08 10:54:29,4,5,6,2025-10-08,B022
R006_up_T006,R006_up,S021,2025-10-08 11:00:38,2025-10-08 11:02:37,19,4,4,2025-10-08,B022
R006_up_T006,R006_up,S026,2025-10-08 11:03:37,2025-10-08 11:05:48,6,6,-1,2025-10-08,B022
R006_up_T006,R006_up,S023,2025-10-08 11:11:02,2025-10-08 11:13:18,8,11,-2,2025-10-08,B022
R006_up_T006,R006_up,S015,2025-10-08 11:20:45,2025-10-08 11:22:34,8,9,-1,2025-10-08,B022
R006_up_T007,R006_up,S055,2025-10-08 09:46:00,2025-10-08 09:47:05,10,0,1,2025-10-08,B011
R006_up_T007,R006_up,S033,2025-10-08 09:50:47,2025-10-08 09:53:12,14,2,0,2025-10-08,B011
R006_up_T007,R006_up,S056,2025-10-08 09:58:33,2025-10-08 10:01:04,17,5,0,2025-10-08,B011
R006_up_T007,R006_up,S036,2025-10-08 10:08:53,2025-10-08 10:10:47,16,6,4,2025-10-08,B011
R006_up_T007,R006_up,S020,2025-10-08 10:20:20,2025-10-08 10:22:43,14,9,5,2025-10-08,B011
R006_up_T007,R006_up,S029,2025-10-08 10:26:24,2025-10-08 10:27:51,22,4,-1,2025-10-08,B011
R006_up_T007,R006_up,S007,2025-10-08 10:36:11,2025-10-08 10:38:14,21,10,-1,2025-10-08,B011
R006_up_T007,R006_up,S009,2025-10-08 10:46:39,2025-10-08 10:48:58,7,5,2,2025-10-08,B011
R006_up_T007,R006_up,S042,2025-10-08 10:59:32,2025-10-08 11:00:38,7,16,8,2025-10-08,B011
R006_up_T007,R006_up,S037,2025-10-08 11:05:26,2025-10-08 11:08:04,19,5,6,2025-10-08,B011
R006_up_T007,R006_up,S016,2025-10-08 11:10:22,2025-10-08 11:12:11,9,6,2,2025-10-08,B011
R006_up_T007,R006_up,S021,2025-10-08 11:19:31,2025-10-08 11:21:37,16,4,1,2025-10-08,B011
R006_up_T007,R006_up,S026,2025-10-08 11:23:58,2025-10-08 11:26:52,7,10,-2,2025-10-08,B011
R006_up_T007,R006_up,S023,2025-10-08 11:37:02,2025-10-08 11:38:25,7,2,2,2025-10-08,B011
R006_up_T007,R006_up,S015,2025-10-08 11:44:44,2025-10-08 11:46:15,10,6,0,2025-10-08,B011
R006_up_T008,R006_up,S055,2025-10-08 10:37:00,2025-10-08 10:39:07,18,2,8,2025-10-08,B021
R006_up_T008,R006_up,S033,2025-10-08 10:41:08,2025-10-08 10:42:43,18,3,4,2025-10-08,B021
R006_up_T008,R006_up,S056,2025-10-08 10:50:55,2025-10-08 10:53:36,17,7,7,2025-10-08,B021
R006_up_T008,R006_up,S036,2025-10-08 10:57:33,2025-10-08 11:00:24,25,9,6,2025-10-08,B021
R006_up_T008,R006_up,S020,2025-10-08 11:09:23,2025-10-08 11:10:58,3,0,7,2025-10-08,B021
R006_up_T008,R006_up,S029,2025-10-08 11:20:36,2025-10-08 11:22:03,10,5,8,2025-10-08,B021
R006_up_T008,R006_up,S007,2025-10-08 11:20:04,2025-10-08 11:22:23,9,6,-2,2025-10-08,B021
R006_up_T008,R006_up,S009,2025-10-08 11:34:36,2025-10-08 11:36:10,12,11,5,2025-10-08,B021
R006_up_T008,R006_up,S042,2025-10-08 11:39:29,2025-10-08 11:42:16,3,2,4,2025-10-08,B021
R006_up_T008,R006_up,S037,2025-10-08 11:47:14,2025-10-08 11:49:24,10,5,3,2025-10-08,B021
R006_up_T008,R006_up,S016,2025-10-08 11:57:52,2025-10-08 11:58:58,9,7,5,2025-10-08,B021
R006_up_T008,R006_up,S021,2025-10-08 11:57:58,2025-10-08 11:59:14,14,3,-2,2025-10-08,B021
R006_up_T008,R006_up,S026,2025-10-08 12:13:18,2025-10-08 12:14:19,10,6,7,2025-10-08,B021
R006_up_T008,R006_up,S023,2025-10-08 12:12:32,2025-10-08 12:15:05,9,7,0,2025-10-08,B021
R006_up_T008,R006_up,S015,2025-10-08 12:23:22,2025-10-08 12:25:10,5,5,1,2025-10-08,B021
R006_up_T009,R006_up,S055,2025-10-08 10:52:00,2025-10-08 10:54:36,16,6,2,2025-10-08,B007
R006_up_T009,R006_up,S033,2025-10-08 11:01:56,2025-10-08 11:04:52,12,3,4,2025-10-08,B007
R006_up_T009,R006_up,S056,2025-10-08 11:11:57,2025-10-08 11:14:55,4,7,4,2025-10-08,B007
R006_up_T009,R006_up,S036,2025-10-08 11:22:52,2025-10-08 11:25:29,3,9,8,2025-10-08,B007
R006_up_T009,R006_up,S020,2025-10-08 11:32:58,2025-10-08 11:35:36,6,2,8,2025-10-08,B007
R006_up_T009,R006_up,S029,2025-10-08 11:41:07,2025-10-08 11:42:37,12,10,5,2025-10-08,B007
R006_up_T009,R006_up,S007,2025-10-08 11:50:28,2025-10-08 11:52:05,8,9,6,2025-10-08,B007
R006_up_T009,R006_up,S009,2025-10-08 11:48:29,2025-10-08 11:49:48,8,4,-2,2025-10-08,B007
R006_up_T009,R006_up,S042,2025-10-08 11:54:51,2025-10-08 11:56:24,8,10,-2,2025-10-08,B007
R006_up_T009,R006_up,S037,2025-10-08 12:12:44,2025-10-08 12:14:16,6,1,8,2025-10-08,B007
R006_up_T009,R006_up,S016,2025-10-08 12:19:14,2025-10-08 12:21:22,6,11,6,2025-10-08,B007
R006_up_T009,R006_up,S021,2025-10-08 12:31:36,2025-10-08 12:33:54,5,4,8,2025-10-08,B007
R006_up_T009,R006_up,S026,2025-10-08 12:35:18,2025-10-08 12:37:17,6,5,4,2025-10-08,B007
R006_up_T009,R006_up,S023,2025-10-08 12:48:26,2025-10-08 12:49:29,2,11,8,2025-10-08,B007
R006_up_T009,R006_up,S015,2025-10-08 12:57:29,2025-10-08 12:59:14,8,5,8,2025-10-08,B007
R006_up_T010,R006_up,S055,2025-10-08 12:12:00,2025-10-08 12:13:39,6,7,4,2025-10-08,B009
R006_up_T010,R006_up,S033,2025-10-08 12:19:04,2025-10-08 12:21:13,7,5,4,2025-10-08,B009
R006_up_T010,R006_up,S056,2025-10-08 12:27:50,2025-10-08 12:30:16,11,4,5,2025-10-08,B009
R006_up_T010,R006_up,S036,2025-10-08 12:29:10,2025-10-08 12:30:41,12,1,0,2025-10-08,B009
R006_up_T010,R006_up,S020,2025-10-08 12:46:39,2025-10-08 12:48:06,4,7,8,2025-10-08,B009
R006_up_T010,R006_up,S029,2025-10-08 12:53:54,2025-10-08 12:55:56,5,3,7,2025-10-08,B009
R006_up_T010,R006_up,S007,2025-10-08 13:02:12,2025-10-08 13:03:20,6,5,6,2025-10-08,B009
R006_up_T010,R006_up,S009,2025-10-08 13:10:08,2025-10-08 13:11:29,8,1,7,2025-10-08,B009
R006_up_T010,R006_up,S042,2025-10-08 13:16:13,2025-10-08 13:18:44,6,4,6,2025-10-08,B009
R006_up_T010,R006_up,S037,2025-10-08 13:26:34,2025-10-08 13:29:23,8,3,8,2025-10-08,B009
R006_up_T010,R006_up,S016,2025-10-08 13:31:34,2025-10-08 13:34:08,5,7,3,2025-10-08,B009
R006_up_T010,R006_up,S021,2025-10-08 13:45:38,2025-10-08 13:48:13,10,6,6,2025-10-08,B009
R006_up_T010,R006_up,S026,2025-10-08 13:51:59,2025-10-08 13:54:07,8,1,5,2025-10-08,B009
R006_up_T010,R006_up,S023,2025-10-08 13:52:14,2025-10-08 13:53:18,9,8,-2,2025-10-08,B009
R006_up_T010,R006_up,S015,2025-10-08 14:01:40,2025-10-08 14:02:52,12,6,-2,2025-10-08,B009
R006_up_T011,R006_up,S055,2025-10-08 13:49:00,2025-10-08 13:50:43,5,4,7,2025-10-08,B024
R006_up_T011,R006_up,S033,2025-10-08 13:53:55,2025-10-08 13:56:52,11,10,4,2025-10-08,B024
R006_up_T011,R006_up,S056,2025-10-08 14:04:38,2025-10-08 14:06:59,8,8,5,2025-10-08,B024
R006_up_T011,R006_up,S036,2025-10-08 14:08:31,2025-10-08 14:11:01,9,11,3,2025-10-08,B024
R006_up_T011,R006_up,S020,2025-10-08 14:19:39,2025-10-08 14:22:39,4,1,5,2025-10-08,B024
R006_up_T011,R006_up,S029,2025-10-08 14:26:34,2025-10-08 14:27:59,8,7,0,2025-10-08,B024
R006_up_T011,R006_up,S007,2025-10-08 14:39:31,2025-10-08 14:40:47,0,7,3,2025-10-08,B024
R006_up_T011,R006_up,S009,2025-10-08 14:47:56,2025-10-08 14:49:30,6,5,5,2025-10-08,B024
R006_up_T011,R006_up,S042,2025-10-08 14:47:55,2025-10-08 14:50:05,7,6,-1,2025-10-08,B024
R006_up_T011,R006_up,S037,2025-10-08 15:00:00,2025-10-08 15:01:08,9,6,3,2025-10-08,B024
R006_up_T011,R006_up,S016,2025-10-08 15:11:56,2025-10-08 15:14:27,10,5,7,2025-10-08,B024
R006_up_T011,R006_up,S021,2025-10-08 15:18:22,2025-10-08 15:20:21,6,6,3,2025-10-08,B024
R006_up_T011,R006_up,S026,2025-10-08 15:21:30,2025-10-08 15:23:08,6,6,-1,2025-10-08,B024
R006_up_T011,R006_up,S023,2025-10-08 15:37:31,2025-10-08 15:39:21,9,6,6,2025-10-08,B024
R006_up_T011,R006_up,S015,2025-10-08 15:39:00,2025-10-08 15:40:00,10,10,-2,2025-10-08,B024
R006_up_T012,R006_up,S055,2025-10-08 15:55:00,2025-10-08 15:56:24,9,6,0,2025-10-08,B025
R006_up_T012,R006_up,S033,2025-10-08 16:08:42,2025-10-08 16:11:26,6,7,7,2025-10-08,B025
R006_up_T012,R006_up,S056,2025-10-08 16:18:06,2025-10-08 16:20:07,5,6,8,2025-10-08,B025
R006_up_T012,R006_up,S036,2025-10-08 16:23:02,2025-10-08 16:25:46,8,6,7,2025-10-08,B025
R006_up_T012,R006_up,S020,2025-10-08 16:29:09,2025-10-08 16:31:40,10,5,3,2025-10-08,B025
R006_up_T012,R006_up,S029,2025-10-08 16:39:32,2025-10-08 16:41:26,4,7,4,2025-10-08,B025
R006_up_T012,R006_up,S007,2025-10-08 16:52:16,2025-10-08 16:55:15,13,7,5,2025-10-08,B025
R006_up_T012,R006_up,S009,2025-10-08 17:03:24,2025-10-08 17:06:17,5,9,8,2025-10-08,B025
R006_up_T012,R006_up,S042,2025-10-08 17:11:11,2025-10-08 17:13:49,3,16,7,2025-10-08,B025
R006_up_T012,R006_up,S037,2025-10-08 17:19:23,2025-10-08 17:20:33,9,13,6,2025-10-08,B025
R006_up_T012,R006_up,S016,2025-10-08 17:22:00,2025-10-08 17:23:55,9,11,0,2025-10-08,B025
R006_up_T012,R006_up,S021,2025-10-08 17:34:39,2025-10-08 17:37:14,7,11,2,2025-10-08,B025
R006_up_T012,R006_up,S026,2025-10-08 17:48:32,2025-10-08 17:50:42,10,13,8,2025-10-08,B025
R006_up_T012,R006_up,S023,2025-10-08 17:55:07,2025-10-08 17:56:26,2,14,7,2025-10-08,B025
R006_up_T012,R006_up,S015,2025-10-08 18:04:12,2025-10-08 18:05:29,6,9,8,2025-10-08,B025
R006_up_T013,R006_up,S055,2025-10-08 16:55:00,2025-10-08 16:56:50,10,3,2,2025-10-08,B022
R006_up_T013,R006_up,S033,2025-10-08 17:07:28,2025-10-08 17:08:40,3,14,8,2025-10-08,B022
R006_up_T013,R006_up,S056,2025-10-08 17:12:32,2025-10-08 17:15:14,8,19,5,2025-10-08,B022
R006_up_T013,R006_up,S036,2025-10-08 17:22:00,2025-10-08 17:23:39,4,13,8,2025-10-08,B022
R006_up_T013,R006_up,S020,2025-10-08 17:30:18,2025-10-08 17:33:13,8,11,6,2025-10-08,B022
R006_up_T013,R006_up,S029,2025-10-08 17:35:45,2025-10-08 17:37:51,3,9,1,2025-10-08,B022
R006_up_T013,R006_up,S007,2025-10-08 17:50:31,2025-10-08 17:53:00,4,11,6,2025-10-08,B022
R006_up_T013,R006_up,S009,2025-10-08 17:58:52,2025-10-08 18:01:07,9,11,6,2025-10-08,B022
R006_up_T013,R006_up,S042,2025-10-08 17:57:52,2025-10-08 18:00:44,9,19,-2,2025-10-08,B022
R006_up_T013,R006_up,S037,2025-10-08 18:11:36,2025-10-08 18:13:11,7,12,2,2025-10-08,B022
R006_up_T013,R006_up,S016,2025-10-08 18:24:15,2025-10-08 18:26:17,7,13,6,2025-10-08,B022
R006_up_T013,R006_up,S021,2025-10-08 18:33:22,2025-10-08 18:34:35,6,12,6,2025-10-08,B022
R006_up_T013,R006_up,S026,2025-10-08 18:30:56,2025-10-08 18:33:24,2,24,-2,2025-10-08,B022
R006_up_T013,R006_up,S023,2025-10-08 18:44:24,2025-10-08 18:45:35,4,15,2,2025-10-08,B022
R006_up_T013,R006_up,S015,2025-10-08 18:56:11,2025-10-08 18:58:09,1,12,4,2025-10-08,B022
R006_up_T014,R006_up,S055,2025-10-08 18:36:00,2025-10-08 18:38:05,11,17,3,2025-10-08,B007
R006_up_T014,R006_up,S033,2025-10-08 18:47:29,2025-10-08 18:49:44,5,2,8,2025-10-08,B007
R006_up_T014,R006_up,S056,2025-10-08 18:50:55,2025-10-08 18:52:11,8,21,4,2025-10-08,B007
R006_up_T014,R006_up,S036,2025-10-08 18:51:32,2025-10-08 18:53:08,3,14,-1,2025-10-08,B007
R006_up_T014,R006_up,S020,2025-10-08 19:10:31,2025-10-08 19:11:44,6,6,8,2025-10-08,B007
R006_up_T014,R006_up,S029,2025-10-08 19:11:42,2025-10-08 19:14:24,4,13,-2,2025-10-08,B007
R006_up_T014,R006_up,S007,2025-10-08 19:33:15,2025-10-08 19:36:04,12,11,8,2025-10-08,B007
R006_up_T014,R006_up,S009,2025-10-08 19:40:31,2025-10-08 19:42:09,5,7,8,2025-10-08,B007
R006_up_T014,R006_up,S042,2025-10-08 19:47:45,2025-10-08 19:50:05,4,13,8,2025-10-08,B007
R006_up_T014,R006_up,S037,2025-10-08 19:55:33,2025-10-08 19:57:50,8,10,6,2025-10-08,B007
R006_up_T014,R006_up,S016,2025-10-08 19:59:19,2025-10-08 20:00:41,6,14,0,2025-10-08,B007
R006_up_T014,R006_up,S021,2025-10-08 20:10:44,2025-10-08 20:13:04,7,8,3,2025-10-08,B007
R006_up_T014,R006_up,S026,2025-10-08 20:14:42,2025-10-08 20:16:28,5,2,0,2025-10-08,B007
R006_up_T014,R006_up,S023,2025-10-08 20:27:42,2025-10-08 20:29:23,6,4,6,2025-10-08,B007
R006_up_T014,R006_up,S015,2025-10-08 20:33:18,2025-10-08 20:35:10,5,13,2,2025-10-08,B007
R006_up_T015,R006_up,S055,2025-10-08 19:12:00,2025-10-08 19:14:07,7,16,3,2025-10-08,B025
R006_up_T015,R006_up,S033,2025-10-08 19:17:13,2025-10-08 19:20:05,0,21,1,2025-10-08,B025
R006_up_T015,R006_up,S056,2025-10-08 19:30:27,2025-10-08 19:32:55,6,2,4,2025-10-08,B025
R006_up_T015,R006_up,S036,2025-10-08 19:40:46,2025-10-08 19:42:44,4,18,8,2025-10-08,B025
R006_up_T015,R006_up,S020,2025-10-08 19:44:39,2025-10-08 19:45:46,8,11,2,2025-10-08,B025
R006_up_T015,R006_up,S029,2025-10-08 19:51:42,2025-10-08 19:53:17,6,14,-1,2025-10-08,B025
R006_up_T015,R006_up,S007,2025-10-08 20:06:38,2025-10-08 20:08:14,5,13,4,2025-10-08,B025
R006_up_T015,R006_up,S009,2025-10-08 20:07:51,2025-10-08 20:10:02,7,19,-1,2025-10-08,B025
R006_up_T015,R006_up,S042,2025-10-08 20:19:40,2025-10-08 20:21:19,3,7,3,2025-10-08,B025
R006_up_T015,R006_up,S037,2025-10-08 20:28:29,2025-10-08 20:30:23,10,17,5,2025-10-08,B025
R006_up_T015,R006_up,S016,2025-10-08 20:28:57,2025-10-08 20:30:20,2,14,-2,2025-10-08,B025
R006_up_T015,R006_up,S021,2025-10-08 20:46:48,2025-10-08 20:48:03,5,16,8,2025-10-08,B025
R006_up_T015,R006_up,S026,2025-10-08 20:50:36,2025-10-08 20:52:57,2,18,6,2025-10-08,B025
R006_up_T015,R006_up,S023,2025-10-08 20:53:01,2025-10-08 20:55:06,4,13,-1,2025-10-08,B025
R006_up_T015,R006_up,S015,2025-10-08 21:10:55,2025-10-08 21:12:31,2,16,7,2025-10-08,B025
R006_up_T016,R006_up,S055,2025-10-08 20:14:00,2025-10-08 20:15:02,10,17,1,2025-10-08,B025
R006_up_T016,R006_up,S033,2025-10-08 20:24:42,2025-10-08 20:25:45,1,13,5,2025-10-08,B025
R006_up_T016,R006_up,S056,2025-10-08 20:33:57,2025-10-08 20:36:25,5,6,6,2025-10-08,B025
R006_up_T016,R006_up,S036,2025-10-08 20:33:03,2025-10-08 20:35:52,3,5,-2,2025-10-08,B025
R006_up_T016,R006_up,S020,2025-10-08 20:44:55,2025-10-08 20:47:45,5,10,-1,2025-10-08,B025
R006_up_T016,R006_up,S029,2025-10-08 21:01:20,2025-10-08 21:04:18,4,7,3,2025-10-08,B025
R006_up_T016,R006_up,S007,2025-10-08 21:15:50,2025-10-08 21:17:02,8,15,5,2025-10-08,B025
R006_up_T016,R006_up,S009,2025-10-08 21:15:09,2025-10-08 21:16:33,4,16,-2,2025-10-08,B025
R006_up_T016,R006_up,S042,2025-10-08 21:26:42,2025-10-08 21:28:29,9,7,2,2025-10-08,B025
R006_up_T016,R006_up,S037,2025-10-08 21:30:39,2025-10-08 21:32:25,3,11,-1,2025-10-08,B025
R006_up_T016,R006_up,S016,2025-10-08 21:38:42,2025-10-08 21:41:29,10,7,-2,2025-10-08,B025
R006_up_T016,R006_up,S021,2025-10-08 21:50:59,2025-10-08 21:53:23,4,16,-1,2025-10-08,B025
R006_up_T016,R006_up,S026,2025-10-08 22:00:17,2025-10-08 22:02:37,7,18,0,2025-10-08,B025
R006_up_T016,R006_up,S023,2025-10-08 22:08:40,2025-10-08 22:11:11,7,8,-1,2025-10-08,B025
R006_up_T016,R006_up,S015,2025-10-08 22:25:41,2025-10-08 22:26:47,6,10,5,2025-10-08,B025
R006_up_T017,R006_up,S055,2025-10-08 21:00:00,2025-10-08 21:01:56,4,12,6,2025-10-08,B001
R006_up_T017,R006_up,S033,2025-10-08 21:08:57,2025-10-08 21:10:25,4,9,7,2025-10-08,B001
R006_up_T017,R006_up,S056,2025-10-08 21:16:32,2025-10-08 21:18:06,4,16,7,2025-10-08,B001
R006_up_T017,R006_up,S036,2025-10-08 21:24:00,2025-10-08 21:25:27,7,16,8,2025-10-08,B001
R006_up_T017,R006_up,S020,2025-10-08 21:28:13,2025-10-08 21:29:58,5,14,3,2025-10-08,B001
R006_up_T017,R006_up,S029,2025-10-08 21:33:55,2025-10-08 21:35:11,7,17,-1,2025-10-08,B001
R006_up_T017,R006_up,S007,2025-10-08 21:47:28,2025-10-08 21:49:31,7,4,4,2025-10-08,B001
R006_up_T017,R006_up,S009,2025-10-08 21:52:53,2025-10-08 21:54:39,2,18,2,2025-10-08,B001
R006_up_T017,R006_up,S042,2025-10-08 22:03:35,2025-10-08 22:05:15,6,15,5,2025-10-08,B001
R006_up_T017,R006_up,S037,2025-10-08 22:05:52,2025-10-08 22:08:13,10,10,-1,2025-10-08,B001
R006_up_T017,R006_up,S016,2025-10-08 22:20:42,2025-10-08 22:23:03,0,12,6,2025-10-08,B001
R006_up_T017,R006_up,S021,2025-10-08 22:31:22,2025-10-08 22:32:45,10,12,6,2025-10-08,B001
R006_up_T017,R006_up,S026,2025-10-08 22:29:52,2025-10-08 22:32:23,2,14,-2,2025-10-08,B001
R006_up_T017,R006_up,S023,2025-10-08 22:47:41,2025-10-08 22:49:45,2,7,8,2025-10-08,B001
R006_up_T017,R006_up,S015,2025-10-08 22:49:12,2025-10-08 22:52:04,8,8,-1,2025-10-08,B001
R006_up_T018,R006_up,S055,2025-10-08 21:17:00,2025-10-08 21:18:33,3,14,7,2025-10-08,B008
R006_up_T018,R006_up,S033,2025-10-08 21:15:23,2025-10-08 21:16:32,8,12,-1,2025-10-08,B008
R006_up_T018,R006_up,S056,2025-10-08 21:29:43,2025-10-08 21:31:23,7,18,7,2025-10-08,B008
R006_up_T018,R006_up,S036,2025-10-08 21:34:42,2025-10-08 21:35:56,9,11,6,2025-10-08,B008
R006_up_T018,R006_up,S020,2025-10-08 21:43:25,2025-10-08 21:45:52,7,8,7,2025-10-08,B008
R006_up_T018,R006_up,S029,2025-10-08 21:50:13,2025-10-08 21:51:22,5,12,4,2025-10-08,B008
R006_up_T018,R006_up,S007,2025-10-08 21:57:56,2025-10-08 22:00:38,8,9,2,2025-10-08,B008
R006_up_T018,R006_up,S009,2025-10-08 22:03:34,2025-10-08 22:06:33,5,8,-1,2025-10-08,B008
R006_up_T018,R006_up,S042,2025-10-08 22:13:41,2025-10-08 22:15:59,2,13,0,2025-10-08,B008
R006_up_T018,R006_up,S037,2025-10-08 22:22:55,2025-10-08 22:23:59,7,11,0,2025-10-08,B008
R006_up_T018,R006_up,S016,2025-10-08 22:28:52,2025-10-08 22:30:39,4,17,-1,2025-10-08,B008
R006_up_T018,R006_up,S021,2025-10-08 22:43:45,2025-10-08 22:46:00,9,25,6,2025-10-08,B008
R006_up_T018,R006_up,S026,2025-10-08 22:53:59,2025-10-08 22:55:00,4,16,8,2025-10-08,B008
R006_up_T018,R006_up,S023,2025-10-08 22:55:15,2025-10-08 22:58:05,7,15,3,2025-10-08,B008
R006_up_T018,R006_up,S015,2025-10-08 23:09:37,2025-10-08 23:12:05,4,7,6,2025-10-08,B008
R006_up_T019,R006_up,S055,2025-10-08 21:31:00,2025-10-08 21:33:47,2,9,5,2025-10-08,B009
R006_up_T019,R006_up,S033,2025-10-08 21:34:46,2025-10-08 21:35:51,1,18,0,2025-10-08,B009
R006_up_T019,R006_up,S056,2025-10-08 21:46:46,2025-10-08 21:49:32,6,11,4,2025-10-08,B009
R006_up_T019,R006_up,S036,2025-10-08 21:53:41,2025-10-08 21:55:11,3,8,4,2025-10-08,B009
R006_up_T019,R006_up,S020,2025-10-08 22:04:11,2025-10-08 22:06:45,3,18,7,2025-10-08,B009
R006_up_T019,R006_up,S029,2025-10-08 22:09:34,2025-10-08 22:12:04,1,10,2,2025-10-08,B009
R006_up_T019,R006_up,S007,2025-10-08 22:21:39,2025-10-08 22:23:30,8,14,3,2025-10-08,B009
R006_up_T019,R006_up,S009,2025-10-08 22:29:10,2025-10-08 22:30:50,6,9,3,2025-10-08,B009
R006_up_T019,R006_up,S042,2025-10-08 22:38:54,2025-10-08 22:41:10,7,14,6,2025-10-08,B009
R006_up_T019,R006_up,S037,2025-10-08 22:48:45,2025-10-08 22:50:18,3,14,7,2025-10-08,B009
R006_up_T019,R006_up,S016,2025-10-08 22:49:38,2025-10-08 22:52:27,10,19,0,2025-10-08,B009
R006_up_T019,R006_up,S021,2025-10-08 23:01:26,2025-10-08 23:02:44,12,3,1,2025-10-08,B009
R006_up_T019,R006_up,S026,2025-10-08 23:06:33,2025-10-08 23:08:07,10,8,0,2025-10-08,B009
R006_up_T019,R006_up,S023,2025-10-08 23:18:14,2025-10-08 23:20:13,5,7,3,2025-10-08,B009
R006_up_T019,R006_up,S015,2025-10-08 23:33:00,2025-10-08 23:35:52,9,9,8,2025-10-08,B009
R006_up_T020,R006_up,S055,2025-10-08 21:45:00,2025-10-08 21:46:19,6,14,-2,2025-10-08,B015
R006_up_T020,R006_up,S033,2025-10-08 21:55:32,2025-10-08 21:56:59,6,8,2,2025-10-08,B015
R006_up_T020,R006_up,S056,2025-10-08 22:02:19,2025-10-08 22:04:41,4,22,1,2025-10-08,B015
R006_up_T020,R006_up,S036,2025-10-08 22:08:00,2025-10-08 22:10:38,9,11,0,2025-10-08,B015
R006_up_T020,R006_up,S020,2025-10-08 22:24:07,2025-10-08 22:26:02,6,18,6,2025-10-08,B015
R006_up_T020,R006_up,S029,2025-10-08 22:29:20,2025-10-08 22:31:52,7,4,1,2025-10-08,B015
R006_up_T020,R006_up,S007,2025-10-08 22:37:53,2025-10-08 22:40:23,6,16,-2,2025-10-08,B015
R006_up_T020,R006_up,S009,2025-10-08 22:45:49,2025-10-08 22:48:39,5,13,-2,2025-10-08,B015
R006_up_T020,R006_up,S042,2025-10-08 23:00:34,2025-10-08 23:02:37,0,24,4,2025-10-08,B015
R006_up_T020,R006_up,S037,2025-10-08 23:09:51,2025-10-08 23:11:58,3,11,5,2025-10-08,B015
R006_up_T020,R006_up,S016,2025-10-08 23:20:31,2025-10-08 23:22:36,7,7,8,2025-10-08,B015
R006_up_T020,R006_up,S021,2025-10-08 23:27:46,2025-10-08 23:29:26,9,5,7,2025-10-08,B015
R006_up_T020,R006_up,S026,2025-10-08 23:26:23,2025-10-08 23:27:30,8,2,-1,2025-10-08,B015
R006_up_T020,R006_up,S023,2025-10-08 23:39:36,2025-10-08 23:40:58,5,5,4,2025-10-08,B015
R006_up_T020,R006_up,S015,2025-10-08 23:42:57,2025-10-08 23:45:12,11,5,0,2025-10-08,B015
R006_up_T021,R006_up,S055,2025-10-08 22:09:00,2025-10-08 22:10:12,4,14,3,2025-10-08,B005
R006_up_T021,R006_up,S033,2025-10-08 22:14:27,2025-10-08 22:16:39,3,16,1,2025-10-08,B005
R006_up_T021,R006_up,S056,2025-10-08 22:22:42,2025-10-08 22:25:19,0,7,1,2025-10-08,B005
R006_up_T021,R006_up,S036,2025-10-08 22:27:59,2025-10-08 22:29:41,9,14,-1,2025-10-08,B005
R006_up_T021,R006_up,S020,2025-10-08 22:44:04,2025-10-08 22:45:22,3,18,6,2025-10-08,B005
R006_up_T021,R006_up,S029,2025-10-08 22:56:28,2025-10-08 22:59:10,12,13,8,2025-10-08,B005
R006_up_T021,R006_up,S007,2025-10-08 23:08:02,2025-10-08 23:09:07,9,0,7,2025-10-08,B005
R006_up_T021,R006_up,S009,2025-10-08 23:15:41,2025-10-08 23:17:37,10,7,8,2025-10-08,B005
R006_up_T021,R006_up,S042,2025-10-08 23:15:17,2025-10-08 23:16:38,7,8,1,2025-10-08,B005
R006_up_T021,R006_up,S037,2025-10-08 23:20:09,2025-10-08 23:21:14,9,3,-1,2025-10-08,B005
R006_up_T021,R006_up,S016,2025-10-08 23:36:45,2025-10-08 23:38:18,9,0,8,2025-10-08,B005
R006_up_T021,R006_up,S021,2025-10-08 23:39:49,2025-10-08 23:41:37,7,8,1,2025-10-08,B005
R006_up_T021,R006_up,S026,2025-10-08 23:47:59,2025-10-08 23:50:41,8,9,2,2025-10-08,B005
R006_up_T021,R006_up,S023,2025-10-08 23:57:40,2025-10-08 23:59:06,8,7,3,2025-10-08,B005
R006_up_T021,R006_up,S015,2025-10-09 00:00:50,2025-10-09 00:03:44,5,2,-2,2025-10-08,B005
R006_up_T022,R006_up,S055,2025-10-08 22:45:00,2025-10-08 22:47:54,8,11,7,2025-10-08,B005
R006_up_T022,R006_up,S033,2025-10-08 22:44:25,2025-10-08 22:46:56,0,9,-2,2025-10-08,B005
R006_up_T022,R006_up,S056,2025-10-08 23:03:11,2025-10-08 23:04:46,7,17,8,2025-10-08,B005
R006_up_T022,R006_up,S036,2025-10-08 23:08:16,2025-10-08 23:11:01,4,3,8,2025-10-08,B005
R006_up_T022,R006_up,S020,2025-10-08 23:09:39,2025-10-08 23:12:31,5,9,-2,2025-10-08,B005
R006_up_T022,R006_up,S029,2025-10-08 23:25:53,2025-10-08 23:28:37,10,4,4,2025-10-08,B005
R006_up_T022,R006_up,S007,2025-10-08 23:31:31,2025-10-08 23:33:22,7,3,-1,2025-10-08,B005
R006_up_T022,R006_up,S009,2025-10-08 23:42:28,2025-10-08 23:44:58,5,7,3,2025-10-08,B005
R006_up_T022,R006_up,S042,2025-10-08 23:47:56,2025-10-08 23:49:15,7,11,0,2025-10-08,B005
R006_up_T022,R006_up,S037,2025-10-09 00:04:35,2025-10-09 00:06:13,7,10,8,2025-10-08,B005
R006_up_T022,R006_up,S016,2025-10-09 00:10:37,2025-10-09 00:12:06,9,4,5,2025-10-08,B005
R006_up_T022,R006_up,S021,2025-10-09 00:20:52,2025-10-09 00:22:48,12,5,7,2025-10-08,B005
R006_up_T022,R006_up,S026,2025-10-09 00:19:50,2025-10-09 00:21:42,8,0,-2,2025-10-08,B005
R006_up_T022,R006_up,S023,2025-10-09 00:28:27,2025-10-09 00:29:32,4,2,-2,2025-10-08,B005
R006_up_T022,R006_up,S015,2025-10-09 00:41:04,2025-10-09 00:42:29,9,4,1,2025-10-08,B005
R006_down_T001,R006_down,S015,2025-10-08 05:37:00,2025-10-08 05:39:21,8,6,7,2025-10-08,B007
R006_down_T001,R006_down,S023,2025-10-08 05:45:04,2025-10-08 05:47:28,9,10,8,2025-10-08,B007
R006_down_T001,R006_down,S026,2025-10-08 05:48:20,2025-10-08 05:50:08,9,5,1,2025-10-08,B007
R006_down_T001,R006_down,S021,2025-10-08 06:04:26,2025-10-08 06:06:26,14,8,8,2025-10-08,B007
R006_down_T001,R006_down,S016,2025-10-08 06:03:23,2025-10-08 06:05:09,5,10,1,2025-10-08,B007
R006_down_T001,R006_down,S037,2025-10-08 06:16:52,2025-10-08 06:19:38,10,5,5,2025-10-08,B007
R006_down_T001,R006_down,S042,2025-10-08 06:24:12,2025-10-08 06:26:13,11,2,4,2025-10-08,B007
R006_down_T001,R006_down,S009,2025-10-08 06:30:57,2025-10-08 06:33:10,12,9,5,2025-10-08,B007
R006_down_T001,R006_down,S007,2025-10-08 06:36:34,2025-10-08 06:38:40,5,5,5,2025-10-08,B007
R006_down_T001,R006_down,S029,2025-10-08 06:36:32,2025-10-08 06:37:52,10,13,-1,2025-10-08,B007
R006_down_T001,R006_down,S020,2025-10-08 06:51:44,2025-10-08 06:54:29,9,4,8,2025-10-08,B007
R006_down_T001,R006_down,S036,2025-10-08 06:59:42,2025-10-08 07:00:55,6,4,7,2025-10-08,B007
R006_down_T001,R006_down,S056,2025-10-08 07:00:41,2025-10-08 07:03:36,10,2,1,2025-10-08,B007
R006_down_T001,R006_down,S033,2025-10-08 07:09:47,2025-10-08 07:11:39,2,8,0,2025-10-08,B007
R006_down_T001,R006_down,S055,2025-10-08 07:17:59,2025-10-08 07:19:52,6,17,-2,2025-10-08,B007
R006_down_T002,R006_down,S015,2025-10-08 06:17:00,2025-10-08 06:19:11,1,6,-2,2025-10-08,B005
R006_down_T002,R006_down,S023,2025-10-08 06:26:02,2025-10-08 06:27:47,11,1,0,2025-10-08,B005
R006_down_T002,R006_down,S026,2025-10-08 06:32:52,2025-10-08 06:34:07,10,3,-2,2025-10-08,B005
R006_down_T002,R006_down,S021,2025-10-08 06:48:10,2025-10-08 06:50:02,6,7,4,2025-10-08,B005
R006_down_T002,R006_down,S016,2025-10-08 06:57:31,2025-10-08 07:00:05,5,3,8,2025-10-08,B005
R006_down_T002,R006_down,S037,2025-10-08 07:01:05,2025-10-08 07:03:18,9,3,2,2025-10-08,B005
R006_down_T002,R006_down,S042,2025-10-08 07:09:00,2025-10-08 07:10:41,4,19,2,2025-10-08,B005
R006_down_T002,R006_down,S009,2025-10-08 07:20:04,2025-10-08 07:21:53,2,18,7,2025-10-08,B005
R006_down_T002,R006_down,S007,2025-10-08 07:23:41,2025-10-08 07:24:53,7,15,5,2025-10-08,B005
R006_down_T002,R006_down,S029,2025-10-08 07:28:42,2025-10-08 07:30:10,4,23,5,2025-10-08,B005
R006_down_T002,R006_down,S020,2025-10-08 07:38:58,2025-10-08 07:41:55,1,18,8,2025-10-08,B005
R006_down_T002,R006_down,S036,2025-10-08 07:47:14,2025-10-08 07:49:52,9,19,6,2025-10-08,B005
R006_down_T002,R006_down,S056,2025-10-08 07:50:32,2025-10-08 07:52:53,5,6,2,2025-10-08,B005
R006_down_T002,R006_down,S033,2025-10-08 08:04:07,2025-10-08 08:07:04,8,12,7,2025-10-08,B005
R006_down_T002,R006_down,S055,2025-10-08 08:10:14,2025-10-08 08:12:41,0,19,4,2025-10-08,B005
R006_down_T003,R006_down,S015,2025-10-08 07:22:00,2025-10-08 07:24:56,9,13,4,2025-10-08,B021
R006_down_T003,R006_down,S023,2025-10-08 07:31:35,2025-10-08 07:33:11,8,8,6,2025-10-08,B021
R006_down_T003,R006_down,S026,2025-10-08 07:33:33,2025-10-08 07:35:18,3,15,-2,2025-10-08,B021
R006_down_T003,R006_down,S021,2025-10-08 07:44:21,2025-10-08 07:45:44,8,15,-1,2025-10-08,B021
R006_down_T003,R006_down,S016,2025-10-08 07:50:36,2025-10-08 07:52:43,2,16,-1,2025-10-08,B021
R006_down_T003,R006_down,S037,2025-10-08 08:03:38,2025-10-08 08:06:30,2,21,0,2025-10-08,B021
R006_down_T003,R006_down,S042,2025-10-08 08:10:31,2025-10-08 08:13:21,9,16,-2,2025-10-08,B021
R006_down_T003,R006_down,S009,2025-10-08 08:20:56,2025-10-08 08:22:35,1,16,1,2025-10-08,B021
R006_down_T003,R006_down,S007,2025-10-08 08:27:14,2025-10-08 08:29:30,7,15,1,2025-10-08,B021
R006_down_T003,R006_down,S029,2025-10-08 08:30:00,2025-10-08 08:32:46,8,21,-2,2025-10-08,B021
R006_down_T003,R006_down,S020,2025-10-08 08:47:18,2025-10-08 08:49:09,12,16,8,2025-10-08,B021
R006_down_T003,R006_down,S036,2025-10-08 08:46:12,2025-10-08 08:48:05,1,5,-1,2025-10-08,B021
R006_down_T003,R006_down,S056,2025-10-08 08:56:57,2025-10-08 08:58:22,1,18,3,2025-10-08,B021
R006_down_T003,R006_down,S033,2025-10-08 09:05:23,2025-10-08 09:07:08,6,13,2,2025-10-08,B021
R006_down_T003,R006_down,S055,2025-10-08 09:18:16,2025-10-08 09:20:47,9,14,5,2025-10-08,B021
R006_down_T004,R006_down,S015,2025-10-08 07:47:00,2025-10-08 07:49:50,7,18,4,2025-10-08,B022
R006_down_T004,R006_down,S023,2025-10-08 07:50:39,2025-10-08 07:52:00,0,14,1,2025-10-08,B022
R006_down_T004,R006_down,S026,2025-10-08 07:57:36,2025-10-08 07:59:41,8,14,-2,2025-10-08,B022
R006_down_T004,R006_down,S021,2025-10-08 08:16:48,2025-10-08 08:19:29,5,14,6,2025-10-08,B022
R006_down_T004,R006_down,S016,2025-10-08 08:20:28,2025-10-08 08:21:46,7,10,3,2025-10-08,B022
R006_down_T004,R006_down,S037,2025-10-08 08:29:08,2025-10-08 08:31:03,9,9,1,2025-10-08,B022
R006_down_T004,R006_down,S042,2025-10-08 08:44:50,2025-10-08 08:46:29,2,18,8,2025-10-08,B022
R006_down_T004,R006_down,S009,2025-10-08 08:44:16,2025-10-08 08:46:40,9,16,1,2025-10-08,B022
R006_down_T004,R006_down,S007,2025-10-08 08:50:27,2025-10-08 08:52:45,2,13,0,2025-10-08,B022
R006_down_T004,R006_down,S029,2025-10-08 08:56:12,2025-10-08 08:57:17,10,21,0,2025-10-08,B022
R006_down_T004,R006_down,S020,2025-10-08 09:05:04,2025-10-08 09:07:41,0,10,3,2025-10-08,B022
R006_down_T004,R006_down,S036,2025-10-08 09:19:26,2025-10-08 09:20:36,8,15,7,2025-10-08,B022
R006_down_T004,R006_down,S056,2025-10-08 09:20:12,2025-10-08 09:22:47,2,21,1,2025-10-08,B022
R006_down_T004,R006_down,S033,2025-10-08 09:36:11,2025-10-08 09:38:06,5,4,8,2025-10-08,B022
R006_down_T004,R006_down,S055,2025-10-08 09:41:12,2025-10-08 09:43:48,5,8,3,2025-10-08,B022
R006_down_T005,R006_down,S015,2025-10-08 07:59:00,2025-10-08 08:01:45,4,13,0,2025-10-08,B016
R006_down_T005,R006_down,S023,2025-10-08 08:09:16,2025-10-08 08:11:17,4,8,4,2025-10-08,B016
R006_down_T005,R006_down,S026,2025-10-08 08:19:35,2025-10-08 08:21:02,3,23,3,2025-10-08,B016
R006_down_T005,R006_down,S021,2025-10-08 08:31:59,2025-10-08 08:34:24,8,7,4,2025-10-08,B016
R006_down_T005,R006_down,S016,2025-10-08 08:34:56,2025-10-08 08:37:10,7,12,0,2025-10-08,B016
R006_down_T005,R006_down,S037,2025-10-08 08:44:55,2025-10-08 08:46:06,3,13,0,2025-10-08,B016
R006_down_T005,R006_down,S042,2025-10-08 08:58:20,2025-10-08 09:00:02,0,26,6,2025-10-08,B016
R006_down_T005,R006_down,S009,2025-10-08 08:59:56,2025-10-08 09:02:30,8,6,2,2025-10-08,B016
R006_down_T005,R006_down,S007,2025-10-08 09:04:25,2025-10-08 09:06:53,5,8,0,2025-10-08,B016
R006_down_T005,R006_down,S029,2025-10-08 09:13:50,2025-10-08 09:15:55,8,12,2,2025-10-08,B016
R006_down_T005,R006_down,S020,2025-10-08 09:26:36,2025-10-08 09:28:27,1,13,7,2025-10-08,B016
R006_down_T005,R006_down,S036,2025-10-08 09:33:18,2025-10-08 09:35:09,4,6,4,2025-10-08,B016
R006_down_T005,R006_down,S056,2025-10-08 09:34:35,2025-10-08 09:36:07,5,9,-2,2025-10-08,B016
R006_down_T005,R006_down,S033,2025-10-08 09:45:43,2025-10-08 09:47:11,5,17,1,2025-10-08,B016
R006_down_T005,R006_down,S055,2025-10-08 10:01:12,2025-10-08 10:02:37,5,13,7,2025-10-08,B016
R006_down_T006,R006_down,S015,2025-10-08 08:22:00,2025-10-08 08:24:49,10,14,8,2025-10-08,B007
R006_down_T006,R006_down,S023,2025-10-08 08:23:47,2025-10-08 08:25:58,4,20,3,2025-10-08,B007
R006_down_T006,R006_down,S026,2025-10-08 08:32:31,2025-10-08 08:34:44,0,11,2,2025-10-08,B007
R006_down_T006,R006_down,S021,2025-10-08 08:46:30,2025-10-08 08:47:44,9,16,6,2025-10-08,B007
R006_down_T006,R006_down,S016,2025-10-08 08:46:14,2025-10-08 08:48:12,3,2,0,2025-10-08,B007
R006_down_T006,R006_down,S037,2025-10-08 09:01:12,2025-10-08 09:02:17,7,13,3,2025-10-08,B007
R006_down_T006,R006_down,S042,2025-10-08 09:08:44,2025-10-08 09:10:06,3,18,2,2025-10-08,B007
R006_down_T006,R006_down,S009,2025-10-08 09:15:01,2025-10-08 09:17:32,5,15,3,2025-10-08,B007
R006_down_T006,R006_down,S007,2025-10-08 09:16:35,2025-10-08 09:19:13,3,23,-2,2025-10-08,B007
R006_down_T006,R006_down,S029,2025-10-08 09:23:44,2025-10-08 09:25:34,8,14,-2,2025-10-08,B007
R006_down_T006,R006_down,S020,2025-10-08 09:32:00,2025-10-08 09:33:25,10,3,0,2025-10-08,B007
R006_down_T006,R006_down,S036,2025-10-08 09:42:50,2025-10-08 09:44:49,0,6,3,2025-10-08,B007
R006_down_T006,R006_down,S056,2025-10-08 09:49:16,2025-10-08 09:51:34,10,13,2,2025-10-08,B007
R006_down_T006,R006_down,S033,2025-10-08 09:57:28,2025-10-08 09:59:37,5,17,1,2025-10-08,B007
R006_down_T006,R006_down,S055,2025-10-08 10:12:20,2025-10-08 10:13:48,11,15,5,2025-10-08,B007
R006_down_T007,R006_down,S015,2025-10-08 09:43:00,2025-10-08 09:45:17,7,20,1,2025-10-08,B004
R006_down_T007,R006_down,S023,2025-10-08 09:48:31,2025-10-08 09:51:25,9,10,0,2025-10-08,B004
R006_down_T007,R006_down,S026,2025-10-08 09:59:21,2025-10-08 10:00:31,8,8,-2,2025-10-08,B004
R006_down_T007,R006_down,S021,2025-10-08 10:09:06,2025-10-08 10:12:05,2,23,-1,2025-10-08,B004
R006_down_T007,R006_down,S016,2025-10-08 10:24:53,2025-10-08 10:27:32,4,12,8,2025-10-08,B004
R006_down_T007,R006_down,S037,2025-10-08 10:27:26,2025-10-08 10:29:24,0,17,1,2025-10-08,B004
R006_down_T007,R006_down,S042,2025-10-08 10:41:47,2025-10-08 10:44:09,12,8,6,2025-10-08,B004
R006_down_T007,R006_down,S009,2025-10-08 10:44:09,2025-10-08 10:46:23,12,17,2,2025-10-08,B004
R006_down_T007,R006_down,S007,2025-10-08 10:52:28,2025-10-08 10:54:26,7,17,4,2025-10-08,B004
R006_down_T007,R006_down,S029,2025-10-08 10:56:53,2025-10-08 10:58:40,7,18,2,2025-10-08,B004
R006_down_T007,R006_down,S020,2025-10-08 11:03:28,2025-10-08 11:05:25,8,6,1,2025-10-08,B004
R006_down_T007,R006_down,S036,2025-10-08 11:15:41,2025-10-08 11:18:26,11,3,5,2025-10-08,B004
R006_down_T007,R006_down,S056,2025-10-08 11:24:42,2025-10-08 11:26:18,9,7,7,2025-10-08,B004
R006_down_T007,R006_down,S033,2025-10-08 11:31:49,2025-10-08 11:34:40,10,6,4,2025-10-08,B004
R006_down_T007,R006_down,S055,2025-10-08 11:42:12,2025-10-08 11:43:46,8,3,5,2025-10-08,B004
R006_down_T008,R006_down,S015,2025-10-08 10:10:00,2025-10-08 10:12:07,3,10,3,2025-10-08,B016
R006_down_T008,R006_down,S023,2025-10-08 10:15:40,2025-10-08 10:18:11,5,20,3,2025-10-08,B016
R006_down_T008,R006_down,S026,2025-10-08 10:30:36,2025-10-08 10:33:02,5,10,7,2025-10-08,B016
R006_down_T008,R006_down,S021,2025-10-08 10:37:11,2025-10-08 10:39:56,6,15,3,2025-10-08,B016
R006_down_T008,R006_down,S016,2025-10-08 10:40:41,2025-10-08 10:42:43,6,16,-1,2025-10-08,B016
R006_down_T008,R006_down,S037,2025-10-08 10:52:41,2025-10-08 10:55:32,8,18,-1,2025-10-08,B016
R006_down_T008,R006_down,S042,2025-10-08 11:07:29,2025-10-08 11:10:06,10,9,5,2025-10-08,B016
R006_down_T008,R006_down,S009,2025-10-08 11:15:19,2025-10-08 11:17:07,5,4,6,2025-10-08,B016
R006_down_T008,R006_down,S007,2025-10-08 11:20:22,2025-10-08 11:22:02,12,6,5,2025-10-08,B016
R006_down_T008,R006_down,S029,2025-10-08 11:25:15,2025-10-08 11:26:20,4,6,4,2025-10-08,B016
R006_down_T008,R006_down,S020,2025-10-08 11:26:39,2025-10-08 11:29:34,9,4,0,2025-10-08,B016
R006_down_T008,R006_down,S036,2025-10-08 11:36:58,2025-10-08 11:39:47,1,7,1,2025-10-08,B016
R006_down_T008,R006_down,S056,2025-10-08 11:45:08,2025-10-08 11:47:11,10,6,1,2025-10-08,B016
R006_down_T008,R006_down,S033,2025-10-08 12:00:31,2025-10-08 12:03:29,13,11,7,2025-10-08,B016
R006_down_T008,R006_down,S055,2025-10-08 12:01:04,2025-10-08 12:04:04,8,10,-2,2025-10-08,B016
R006_down_T009,R006_down,S015,2025-10-08 10:33:00,2025-10-08 10:35:54,6,15,3,2025-10-08,B016
R006_down_T009,R006_down,S023,2025-10-08 10:36:34,2025-10-08 10:39:21,4,9,0,2025-10-08,B016
R006_down_T009,R006_down,S026,2025-10-08 10:47:36,2025-10-08 10:48:47,8,15,1,2025-10-08,B016
R006_down_T009,R006_down,S021,2025-10-08 10:58:18,2025-10-08 10:59:52,7,16,1,2025-10-08,B016
R006_down_T009,R006_down,S016,2025-10-08 11:05:45,2025-10-08 11:08:27,5,8,2,2025-10-08,B016
R006_down_T009,R006_down,S037,2025-10-08 11:22:35,2025-10-08 11:24:04,5,8,8,2025-10-08,B016
R006_down_T009,R006_down,S042,2025-10-08 11:22:35,2025-10-08 11:24:14,9,0,1,2025-10-08,B016
R006_down_T009,R006_down,S009,2025-10-08 11:35:37,2025-10-08 11:38:32,9,5,8,2025-10-08,B016
R006_down_T009,R006_down,S007,2025-10-08 11:36:02,2025-10-08 11:38:14,6,5,2,2025-10-08,B016
R006_down_T009,R006_down,S029,2025-10-08 11:45:47,2025-10-08 11:47:11,8,4,6,2025-10-08,B016
R006_down_T009,R006_down,S020,2025-10-08 11:51:23,2025-10-08 11:52:48,3,5,5,2025-10-08,B016
R006_down_T009,R006_down,S036,2025-10-08 11:56:44,2025-10-08 11:57:45,5,11,2,2025-10-08,B016
R006_down_T009,R006_down,S056,2025-10-08 12:05:35,2025-10-08 12:07:34,16,2,5,2025-10-08,B016
R006_down_T009,R006_down,S033,2025-10-08 12:14:49,2025-10-08 12:17:00,9,0,4,2025-10-08,B016
R006_down_T009,R006_down,S055,2025-10-08 12:27:37,2025-10-08 12:30:34,10,7,6,2025-10-08,B016
R006_down_T010,R006_down,S015,2025-10-08 10:59:00,2025-10-08 11:00:41,6,26,6,2025-10-08,B023
R006_down_T010,R006_down,S023,2025-10-08 10:59:55,2025-10-08 11:02:49,0,18,1,2025-10-08,B023
R006_down_T010,R006_down,S026,2025-10-08 11:12:00,2025-10-08 11:13:02,13,6,2,2025-10-08,B023
R006_down_T010,R006_down,S021,2025-10-08 11:26:25,2025-10-08 11:28:03,11,10,7,2025-10-08,B023
R006_down_T010,R006_down,S016,2025-10-08 11:29:55,2025-10-08 11:31:11,6,3,4,2025-10-08,B023
R006_down_T010,R006_down,S037,2025-10-08 11:39:06,2025-10-08 11:41:47,14,8,3,2025-10-08,B023
R006_down_T010,R006_down,S042,2025-10-08 11:44:09,2025-10-08 11:46:59,11,5,-2,2025-10-08,B023
R006_down_T010,R006_down,S009,2025-10-08 12:00:16,2025-10-08 12:03:08,12,7,7,2025-10-08,B023
R006_down_T010,R006_down,S007,2025-10-08 12:05:06,2025-10-08 12:08:02,8,6,4,2025-10-08,B023
R006_down_T010,R006_down,S029,2025-10-08 12:10:44,2025-10-08 12:12:53,7,6,3,2025-10-08,B023
R006_down_T010,R006_down,S020,2025-10-08 12:24:04,2025-10-08 12:26:44,7,6,8,2025-10-08,B023
R006_down_T010,R006_down,S036,2025-10-08 12:29:24,2025-10-08 12:32:17,9,1,4,2025-10-08,B023
R006_down_T010,R006_down,S056,2025-10-08 12:41:46,2025-10-08 12:43:17,10,7,8,2025-10-08,B023
R006_down_T010,R006_down,S033,2025-10-08 12:48:23,2025-10-08 12:49:57,4,9,7,2025-10-08,B023
R006_down_T010,R006_down,S055,2025-10-08 12:54:07,2025-10-08 12:56:21,13,4,4,2025-10-08,B023
R006_down_T011,R006_down,S015,2025-10-08 11:19:00,2025-10-08 11:20:12,9,8,2,2025-10-08,B019
R006_down_T011,R006_down,S023,2025-10-08 11:25:15,2025-10-08 11:27:53,9,0,3,2025-10-08,B019
R006_down_T011,R006_down,S026,2025-10-08 11:36:21,2025-10-08 11:39:03,8,6,4,2025-10-08,B019
R006_down_T011,R006_down,S021,2025-10-08 11:47:20,2025-10-08 11:50:10,8,6,5,2025-10-08,B019
R006_down_T011,R006_down,S016,2025-10-08 11:56:30,2025-10-08 11:58:35,7,6,7,2025-10-08,B019
R006_down_T011,R006_down,S037,2025-10-08 12:02:33,2025-10-08 12:03:35,6,10,3,2025-10-08,B019
R006_down_T011,R006_down,S042,2025-10-08 12:15:43,2025-10-08 12:17:10,5,7,8,2025-10-08,B019
R006_down_T011,R006_down,S009,2025-10-08 12:13:40,2025-10-08 12:15:18,11,5,0,2025-10-08,B019
R006_down_T011,R006_down,S007,2025-10-08 12:27:24,2025-10-08 12:28:44,10,5,8,2025-10-08,B019
R006_down_T011,R006_down,S029,2025-10-08 12:32:28,2025-10-08 12:35:14,10,5,7,2025-10-08,B019
R006_down_T011,R006_down,S020,2025-10-08 12:38:32,2025-10-08 12:40:02,6,8,6,2025-10-08,B019
R006_down_T011,R006_down,S036,2025-10-08 12:46:01,2025-10-08 12:48:15,10,9,6,2025-10-08,B019
R006_down_T011,R006_down,S056,2025-10-08 12:50:53,2025-10-08 12:52:20,10,3,3,2025-10-08,B019
R006_down_T011,R006_down,S033,2025-10-08 12:58:14,2025-10-08 13:00:19,8,2,1,2025-10-08,B019
R006_down_T011,R006_down,S055,2025-10-08 13:13:43,2025-10-08 13:15:10,6,7,6,2025-10-08,B019
R006_down_T012,R006_down,S015,2025-10-08 12:57:00,2025-10-08 12:58:41,10,2,8,2025-10-08,B014
R006_down_T012,R006_down,S023,2025-10-08 12:58:09,2025-10-08 13:01:04,6,7,3,2025-10-08,B014
R006_down_T012,R006_down,S026,2025-10-08 13:03:00,2025-10-08 13:05:48,7,8,-2,2025-10-08,B014
R006_down_T012,R006_down,S021,2025-10-08 13:15:11,2025-10-08 13:16:37,6,2,-2,2025-10-08,B014
R006_down_T012,R006_down,S016,2025-10-08 13:21:01,2025-10-08 13:23:56,8,3,-2,2025-10-08,B014
R006_down_T012,R006_down,S037,2025-10-08 13:36:02,2025-10-08 13:37:10,8,7,1,2025-10-08,B014
R006_down_T012,R006_down,S042,2025-10-08 13:48:03,2025-10-08 13:50:54,4,6,5,2025-10-08,B014
R006_down_T012,R006_down,S009,2025-10-08 13:57:05,2025-10-08 13:58:46,14,6,7,2025-10-08,B014
R006_down_T012,R006_down,S007,2025-10-08 13:53:42,2025-10-08 13:55:15,9,5,-2,2025-10-08,B014
R006_down_T012,R006_down,S029,2025-10-08 14:09:05,2025-10-08 14:11:03,8,6,7,2025-10-08,B014
R006_down_T012,R006_down,S020,2025-10-08 14:09:08,2025-10-08 14:11:52,4,4,-1,2025-10-08,B014
R006_down_T012,R006_down,S036,2025-10-08 14:26:31,2025-10-08 14:29:16,11,10,7,2025-10-08,B014
R006_down_T012,R006_down,S056,2025-10-08 14:34:32,2025-10-08 14:36:26,4,8,8,2025-10-08,B014
R006_down_T012,R006_down,S033,2025-10-08 14:36:43,2025-10-08 14:39:11,12,8,1,2025-10-08,B014
R006_down_T012,R006_down,S055,2025-10-08 14:42:19,2025-10-08 14:44:43,8,0,-2,2025-10-08,B014
R006_down_T013,R006_down,S015,2025-10-08 13:37:00,2025-10-08 13:39:15,7,6,-1,2025-10-08,B011
R006_down_T013,R006_down,S023,2025-10-08 13:45:23,2025-10-08 13:47:50,9,1,1,2025-10-08,B011
R006_down_T013,R006_down,S026,2025-10-08 13:56:55,2025-10-08 13:59:48,9,8,1,2025-10-08,B011
R006_down_T013,R006_down,S021,2025-10-08 14:04:13,2025-10-08 14:05:36,6,6,-2,2025-10-08,B011
R006_down_T013,R006_down,S016,2025-10-08 14:13:58,2025-10-08 14:15:39,6,3,2,2025-10-08,B011
R006_down_T013,R006_down,S037,2025-10-08 14:24:31,2025-10-08 14:25:53,3,4,1,2025-10-08,B011
R006_down_T013,R006_down,S042,2025-10-08 14:32:42,2025-10-08 14:34:05,11,5,1,2025-10-08,B011
R006_down_T013,R006_down,S009,2025-10-08 14:38:44,2025-10-08 14:40:28,6,1,2,2025-10-08,B011
R006_down_T013,R006_down,S007,2025-10-08 14:45:41,2025-10-08 14:47:24,13,4,3,2025-10-08,B011
R006_down_T013,R006_down,S029,2025-10-08 14:52:05,2025-10-08 14:54:37,10,6,4,2025-10-08,B011
R006_down_T013,R006_down,S020,2025-10-08 15:01:41,2025-10-08 15:03:10,6,1,6,2025-10-08,B011
R006_down_T013,R006_down,S036,2025-10-08 15:09:45,2025-10-08 15:12:29,12,5,5,2025-10-08,B011
R006_down_T013,R006_down,S056,2025-10-08 15:14:21,2025-10-08 15:16:30,2,6,1,2025-10-08,B011
R006_down_T013,R006_down,S033,2025-10-08 15:27:44,2025-10-08 15:29:48,10,4,5,2025-10-08,B011
R006_down_T013,R006_down,S055,2025-10-08 15:32:45,2025-10-08 15:34:20,7,3,0,2025-10-08,B011
R006_down_T014,R006_down,S015,2025-10-08 16:51:00,2025-10-08 16:52:17,8,5,1,2025-10-08,B018
R006_down_T014,R006_down,S023,2025-10-08 17:02:46,2025-10-08 17:05:15,6,8,7,2025-10-08,B018
R006_down_T014,R006_down,S026,2025-10-08 17:13:31,2025-10-08 17:14:48,7,8,7,2025-10-08,B018
R006_down_T014,R006_down,S021,2025-10-08 17:24:21,2025-10-08 17:26:37,16,2,7,2025-10-08,B018
R006_down_T014,R006_down,S016,2025-10-08 17:31:20,2025-10-08 17:32:40,19,10,7,2025-10-08,B018
R006_down_T014,R006_down,S037,2025-10-08 17:33:36,2025-10-08 17:35:25,13,3,0,2025-10-08,B018
R006_down_T014,R006_down,S042,2025-10-08 17:41:35,2025-10-08 17:43:44,11,4,1,2025-10-08,B018
R006_down_T014,R006_down,S009,2025-10-08 17:46:28,2025-10-08 17:48:00,12,4,0,2025-10-08,B018
R006_down_T014,R006_down,S007,2025-10-08 17:55:43,2025-10-08 17:56:49,16,4,3,2025-10-08,B018
R006_down_T014,R006_down,S029,2025-10-08 17:57:22,2025-10-08 17:58:52,11,3,-1,2025-10-08,B018
R006_down_T014,R006_down,S020,2025-10-08 18:09:32,2025-10-08 18:10:38,17,11,4,2025-10-08,B018
R006_down_T014,R006_down,S036,2025-10-08 18:18:55,2025-10-08 18:21:29,17,6,5,2025-10-08,B018
R006_down_T014,R006_down,S056,2025-10-08 18:26:20,2025-10-08 18:29:05,8,11,5,2025-10-08,B018
R006_down_T014,R006_down,S033,2025-10-08 18:38:28,2025-10-08 18:40:50,5,4,6,2025-10-08,B018
R006_down_T014,R006_down,S055,2025-10-08 18:40:55,2025-10-08 18:43:25,18,0,-1,2025-10-08,B018
R006_down_T015,R006_down,S015,2025-10-08 17:48:00,2025-10-08 17:50:29,18,9,7,2025-10-08,B009
R006_down_T015,R006_down,S023,2025-10-08 17:55:28,2025-10-08 17:56:58,14,0,7,2025-10-08,B009
R006_down_T015,R006_down,S026,2025-10-08 17:56:25,2025-10-08 17:59:00,9,6,-2,2025-10-08,B009
R006_down_T015,R006_down,S021,2025-10-08 18:08:23,2025-10-08 18:09:30,15,6,0,2025-10-08,B009
R006_down_T015,R006_down,S016,2025-10-08 18:11:52,2025-10-08 18:14:42,14,5,-2,2025-10-08,B009
R006_down_T015,R006_down,S037,2025-10-08 18:25:02,2025-10-08 18:26:09,5,0,-1,2025-10-08,B009
R006_down_T015,R006_down,S042,2025-10-08 18:32:31,2025-10-08 18:33:42,17,4,-2,2025-10-08,B009
R006_down_T015,R006_down,S009,2025-10-08 18:38:19,2025-10-08 18:39:27,12,3,-2,2025-10-08,B009
R006_down_T015,R006_down,S007,2025-10-08 18:51:19,2025-10-08 18:54:14,8,4,6,2025-10-08,B009
R006_down_T015,R006_down,S029,2025-10-08 18:57:00,2025-10-08 18:58:51,19,6,4,2025-10-08,B009
R006_down_T015,R006_down,S020,2025-10-08 19:06:04,2025-10-08 19:07:57,7,8,5,2025-10-08,B009
R006_down_T015,R006_down,S036,2025-10-08 19:13:06,2025-10-08 19:14:23,15,3,4,2025-10-08,B009
R006_down_T015,R006_down,S056,2025-10-08 19:18:38,2025-10-08 19:21:28,23,7,3,2025-10-08,B009
R006_down_T015,R006_down,S033,2025-10-08 19:27:12,2025-10-08 19:28:23,7,12,1,2025-10-08,B009
R006_down_T015,R006_down,S055,2025-10-08 19:37:33,2025-10-08 19:39:24,16,6,2,2025-10-08,B009
R006_down_T016,R006_down,S015,2025-10-08 18:08:00,2025-10-08 18:09:50,9,10,8,2025-10-08,B007
R006_down_T016,R006_down,S023,2025-10-08 18:11:38,2025-10-08 18:13:52,22,7,5,2025-10-08,B007
R006_down_T016,R006_down,S026,2025-10-08 18:19:21,2025-10-08 18:21:24,8,3,3,2025-10-08,B007
R006_down_T016,R006_down,S021,2025-10-08 18:27:19,2025-10-08 18:29:39,13,9,2,2025-10-08,B007
R006_down_T016,R006_down,S016,2025-10-08 18:33:26,2025-10-08 18:34:52,10,5,2,2025-10-08,B007
R006_down_T016,R006_down,S037,2025-10-08 18:45:50,2025-10-08 18:47:15,16,11,4,2025-10-08,B007
R006_down_T016,R006_down,S042,2025-10-08 18:54:24,2025-10-08 18:56:33,15,9,6,2025-10-08,B007
R006_down_T016,R006_down,S009,2025-10-08 18:54:23,2025-10-08 18:57:17,13,6,-1,2025-10-08,B007
R006_down_T016,R006_down,S007,2025-10-08 19:00:26,2025-10-08 19:02:53,10,5,-2,2025-10-08,B007
R006_down_T016,R006_down,S029,2025-10-08 19:10:37,2025-10-08 19:13:05,10,8,2,2025-10-08,B007
R006_down_T016,R006_down,S020,2025-10-08 19:24:23,2025-10-08 19:26:02,18,7,8,2025-10-08,B007
R006_down_T016,R006_down,S036,2025-10-08 19:26:55,2025-10-08 19:29:45,11,8,2,2025-10-08,B007
R006_down_T016,R006_down,S056,2025-10-08 19:37:47,2025-10-08 19:40:05,10,4,5,2025-10-08,B007
R006_down_T016,R006_down,S033,2025-10-08 19:42:22,2025-10-08 19:45:02,14,4,-1,2025-10-08,B007
R006_down_T016,R006_down,S055,2025-10-08 19:51:31,2025-10-08 19:52:56,17,7,-2,2025-10-08,B007
R006_down_T017,R006_down,S015,2025-10-08 18:22:00,2025-10-08 18:23:25,15,8,6,2025-10-08,B011
R006_down_T017,R006_down,S023,2025-10-08 18:21:50,2025-10-08 18:23:49,15,5,1,2025-10-08,B011
R006_down_T017,R006_down,S026,2025-10-08 18:28:04,2025-10-08 18:30:18,15,7,-2,2025-10-08,B011
R006_down_T017,R006_down,S021,2025-10-08 18:49:00,2025-10-08 18:51:27,13,3,8,2025-10-08,B011
R006_down_T017,R006_down,S016,2025-10-08 18:54:58,2025-10-08 18:57:34,13,6,7,2025-10-08,B011
R006_down_T017,R006_down,S037,2025-10-08 19:01:22,2025-10-08 19:03:49,19,1,3,2025-10-08,B011
R006_down_T017,R006_down,S042,2025-10-08 19:07:57,2025-10-08 19:10:54,19,1,0,2025-10-08,B011
R006_down_T017,R006_down,S009,2025-10-08 19:18:48,2025-10-08 19:21:30,14,8,4,2025-10-08,B011
R006_down_T017,R006_down,S007,2025-10-08 19:24:19,2025-10-08 19:25:28,16,4,2,2025-10-08,B011
R006_down_T017,R006_down,S029,2025-10-08 19:35:14,2025-10-08 19:37:38,16,5,8,2025-10-08,B011
R006_down_T017,R006_down,S020,2025-10-08 19:42:31,2025-10-08 19:45:20,11,0,7,2025-10-08,B011
R006_down_T017,R006_down,S036,2025-10-08 19:47:56,2025-10-08 19:50:18,24,3,3,2025-10-08,B011
R006_down_T017,R006_down,S056,2025-10-08 19:53:26,2025-10-08 19:54:34,8,2,0,2025-10-08,B011
R006_down_T017,R006_down,S033,2025-10-08 20:01:52,2025-10-08 20:03:10,16,8,0,2025-10-08,B011
R006_down_T017,R006_down,S055,2025-10-08 20:18:31,2025-10-08 20:19:36,17,0,8,2025-10-08,B011
R006_down_T018,R006_down,S015,2025-10-08 19:44:00,2025-10-08 19:46:45,9,9,4,2025-10-08,B016
R006_down_T018,R006_down,S023,2025-10-08 19:47:27,2025-10-08 19:49:55,11,1,0,2025-10-08,B016
R006_down_T018,R006_down,S026,2025-10-08 19:59:45,2025-10-08 20:02:08,10,5,0,2025-10-08,B016
R006_down_T018,R006_down,S021,2025-10-08 20:10:16,2025-10-08 20:13:14,16,6,1,2025-10-08,B016
R006_down_T018,R006_down,S016,2025-10-08 20:15:05,2025-10-08 20:17:23,9,4,-2,2025-10-08,B016
R006_down_T018,R006_down,S037,2025-10-08 20:29:42,2025-10-08 20:31:46,13,2,1,2025-10-08,B016
R006_down_T018,R006_down,S042,2025-10-08 20:36:52,2025-10-08 20:38:41,14,7,1,2025-10-08,B016
R006_down_T018,R006_down,S009,2025-10-08 20:42:05,2025-10-08 20:43:56,10,3,0,2025-10-08,B016
R006_down_T018,R006_down,S007,2025-10-08 20:54:35,2025-10-08 20:56:13,0,5,6,2025-10-08,B016
R006_down_T018,R006_down,S029,2025-10-08 20:55:42,2025-10-08 20:56:56,17,5,2,2025-10-08,B016
R006_down_T018,R006_down,S020,2025-10-08 20:58:16,2025-10-08 20:59:51,17,5,-2,2025-10-08,B016
R006_down_T018,R006_down,S036,2025-10-08 21:15:53,2025-10-08 21:16:57,12,1,6,2025-10-08,B016
R006_down_T018,R006_down,S056,2025-10-08 21:14:16,2025-10-08 21:16:23,16,8,-1,2025-10-08,B016
R006_down_T018,R006_down,S033,2025-10-08 21:27:13,2025-10-08 21:29:04,15,1,2,2025-10-08,B016
R006_down_T018,R006_down,S055,2025-10-08 21:33:50,2025-10-08 21:36:37,15,6,-1,2025-10-08,B016
R006_down_T019,R006_down,S015,2025-10-08 20:03:00,2025-10-08 20:05:27,14,10,3,2025-10-08,B002
R006_down_T019,R006_down,S023,2025-10-08 20:15:26,2025-10-08 20:17:45,15,5,8,2025-10-08,B002
R006_down_T019,R006_down,S026,2025-10-08 20:22:03,2025-10-08 20:23:10,11,1,5,2025-10-08,B002
R006_down_T019,R006_down,S021,2025-10-08 20:33:25,2025-10-08 20:36:19,17,5,6,2025-10-08,B002
R006_down_T019,R006_down,S016,2025-10-08 20:41:11,2025-10-08 20:42:39,13,3,7,2025-10-08,B002
R006_down_T019,R006_down,S037,2025-10-08 20:47:37,2025-10-08 20:50:13,11,7,3,2025-10-08,B002
R006_down_T019,R006_down,S042,2025-10-08 20:57:03,2025-10-08 20:58:11,20,2,4,2025-10-08,B002
R006_down_T019,R006_down,S009,2025-10-08 21:00:26,2025-10-08 21:02:27,12,6,2,2025-10-08,B002
R006_down_T019,R006_down,S007,2025-10-08 21:07:01,2025-10-08 21:08:37,16,4,2,2025-10-08,B002
R006_down_T019,R006_down,S029,2025-10-08 21:18:25,2025-10-08 21:20:51,12,6,8,2025-10-08,B002
R006_down_T019,R006_down,S020,2025-10-08 21:17:35,2025-10-08 21:19:45,7,5,0,2025-10-08,B002
R006_down_T019,R006_down,S036,2025-10-08 21:28:02,2025-10-08 21:30:19,20,3,2,2025-10-08,B002
R006_down_T019,R006_down,S056,2025-10-08 21:38:32,2025-10-08 21:40:13,7,7,4,2025-10-08,B002
R006_down_T019,R006_down,S033,2025-10-08 21:41:27,2025-10-08 21:42:32,14,4,-2,2025-10-08,B002
R006_down_T019,R006_down,S055,2025-10-08 21:56:54,2025-10-08 21:58:54,8,6,4,2025-10-08,B002
R006_down_T020,R006_down,S015,2025-10-08 20:41:00,2025-10-08 20:43:53,11,0,0,2025-10-08,B022
R006_down_T020,R006_down,S023,2025-10-08 20:50:01,2025-10-08 20:51:11,10,9,2,2025-10-08,B022
R006_down_T020,R006_down,S026,2025-10-08 21:00:36,2025-10-08 21:02:08,12,3,4,2025-10-08,B022
R006_down_T020,R006_down,S021,2025-10-08 21:12:51,2025-10-08 21:14:55,15,5,6,2025-10-08,B022
R006_down_T020,R006_down,S016,2025-10-08 21:20:27,2025-10-08 21:22:39,23,7,7,2025-10-08,B022
R006_down_T020,R006_down,S037,2025-10-08 21:27:32,2025-10-08 21:30:18,14,4,2,2025-10-08,B022
R006_down_T020,R006_down,S042,2025-10-08 21:34:25,2025-10-08 21:36:12,19,14,0,2025-10-08,B022
R006_down_T020,R006_down,S009,2025-10-08 21:42:19,2025-10-08 21:44:45,14,11,2,2025-10-08,B022
R006_down_T020,R006_down,S007,2025-10-08 21:54:01,2025-10-08 21:55:34,14,4,7,2025-10-08,B022
R006_down_T020,R006_down,S029,2025-10-08 21:57:00,2025-10-08 21:59:12,15,4,5,2025-10-08,B022
R006_down_T020,R006_down,S020,2025-10-08 21:57:22,2025-10-08 22:00:17,0,4,-2,2025-10-08,B022
R006_down_T020,R006_down,S036,2025-10-08 22:07:31,2025-10-08 22:09:59,15,5,-1,2025-10-08,B022
R006_down_T020,R006_down,S056,2025-10-08 22:17:04,2025-10-08 22:18:58,18,6,0,2025-10-08,B022
R006_down_T020,R006_down,S033,2025-10-08 22:27:31,2025-10-08 22:30:18,10,8,0,2025-10-08,B022
R006_down_T020,R006_down,S055,2025-10-08 22:44:57,2025-10-08 22:46:25,12,11,8,2025-10-08,B022
R006_down_T021,R006_down,S015,2025-10-08 21:09:00,2025-10-08 21:11:10,19,9,5,2025-10-08,B016
R006_down_T021,R006_down,S023,2025-10-08 21:11:18,2025-10-08 21:12:22,10,2,1,2025-10-08,B016
R006_down_T021,R006_down,S026,2025-10-08 21:24:45,2025-10-08 21:27:25,5,0,5,2025-10-08,B016
R006_down_T021,R006_down,S021,2025-10-08 21:35:06,2025-10-08 21:37:23,19,4,3,2025-10-08,B016
R006_down_T021,R006_down,S016,2025-10-08 21:39:48,2025-10-08 21:41:04,16,7,1,2025-10-08,B016
R006_down_T021,R006_down,S037,2025-10-08 21:52:55,2025-10-08 21:55:26,18,5,6,2025-10-08,B016
R006_down_T021,R006_down,S042,2025-10-08 21:52:47,2025-10-08 21:55:15,21,5,-2,2025-10-08,B016
R006_down_T021,R006_down,S009,2025-10-08 22:00:49,2025-10-08 22:02:47,17,6,0,2025-10-08,B016
R006_down_T021,R006_down,S007,2025-10-08 22:09:05,2025-10-08 22:10:11,17,0,2,2025-10-08,B016
R006_down_T021,R006_down,S029,2025-10-08 22:11:59,2025-10-08 22:14:55,8,0,-1,2025-10-08,B016
R006_down_T021,R006_down,S020,2025-10-08 22:27:21,2025-10-08 22:29:27,12,6,6,2025-10-08,B016
R006_down_T021,R006_down,S036,2025-10-08 22:34:41,2025-10-08 22:36:01,12,4,3,2025-10-08,B016
R006_down_T021,R006_down,S056,2025-10-08 22:39:30,2025-10-08 22:41:32,19,0,2,2025-10-08,B016
R006_down_T021,R006_down,S033,2025-10-08 22:50:53,2025-10-08 22:53:45,10,8,5,2025-10-08,B016
R006_down_T021,R006_down,S055,2025-10-08 23:00:00,2025-10-08 23:01:33,12,7,5,2025-10-08,B016
R006_down_T022,R006_down,S015,2025-10-08 21:27:00,2025-10-08 21:29:35,18,5,-2,2025-10-08,B012
R006_down_T022,R006_down,S023,2025-10-08 21:38:27,2025-10-08 21:40:53,7,7,3,2025-10-08,B012
R006_down_T022,R006_down,S026,2025-10-08 21:53:45,2025-10-08 21:55:23,17,9,6,2025-10-08,B012
R006_down_T022,R006_down,S021,2025-10-08 21:58:49,2025-10-08 22:01:28,18,5,1,2025-10-08,B012
R006_down_T022,R006_down,S016,2025-10-08 22:11:51,2025-10-08 22:13:12,18,8,7,2025-10-08,B012
R006_down_T022,R006_down,S037,2025-10-08 22:19:27,2025-10-08 22:21:07,5,9,5,2025-10-08,B012
R006_down_T022,R006_down,S042,2025-10-08 22:19:47,2025-10-08 22:21:30,22,7,-2,2025-10-08,B012
R006_down_T022,R006_down,S009,2025-10-08 22:32:48,2025-10-08 22:35:04,11,8,5,2025-10-08,B012
R006_down_T022,R006_down,S007,2025-10-08 22:34:50,2025-10-08 22:36:27,8,6,0,2025-10-08,B012
R006_down_T022,R006_down,S029,2025-10-08 22:39:55,2025-10-08 22:41:28,20,12,0,2025-10-08,B012
R006_down_T022,R006_down,S020,2025-10-08 22:48:17,2025-10-08 22:50:41,9,3,1,2025-10-08,B012
R006_down_T022,R006_down,S036,2025-10-08 23:03:55,2025-10-08 23:06:43,12,7,8,2025-10-08,B012
R006_down_T022,R006_down,S056,2025-10-08 23:04:24,2025-10-08 23:06:29,5,8,0,2025-10-08,B012
R006_down_T022,R006_down,S033,2025-10-08 23:15:37,2025-10-08 23:18:00,9,4,1,2025-10-08,B012
R006_down_T022,R006_down,S055,2025-10-08 23:27:17,2025-10-08 23:30:16,7,5,3,2025-10-08,B012
R006_down_T023,R006_down,S015,2025-10-08 22:54:00,2025-10-08 22:55:23,22,2,0,2025-10-08,B004
R006_down_T023,R006_down,S023,2025-10-08 23:01:50,2025-10-08 23:04:01,15,8,2,2025-10-08,B004
R006_down_T023,R006_down,S026,2025-10-08 23:11:20,2025-10-08 23:12:39,6,6,1,2025-10-08,B004
R006_down_T023,R006_down,S021,2025-10-08 23:23:16,2025-10-08 23:25:35,6,9,3,2025-10-08,B004
R006_down_T023,R006_down,S016,2025-10-08 23:28:55,2025-10-08 23:30:40,6,7,2,2025-10-08,B004
R006_down_T023,R006_down,S037,2025-10-08 23:37:38,2025-10-08 23:39:27,6,6,2,2025-10-08,B004
R006_down_T023,R006_down,S042,2025-10-08 23:45:12,2025-10-08 23:46:18,9,3,2,2025-10-08,B004
R006_down_T023,R006_down,S009,2025-10-08 23:53:50,2025-10-08 23:56:08,13,5,6,2025-10-08,B004
R006_down_T023,R006_down,S007,2025-10-08 23:53:49,2025-10-08 23:56:39,5,3,-1,2025-10-08,B004
R006_down_T023,R006_down,S029,2025-10-09 00:01:58,2025-10-09 00:03:32,7,3,0,2025-10-08,B004
R006_down_T023,R006_down,S020,2025-10-09 00:07:35,2025-10-09 00:10:06,4,3,-2,2025-10-08,B004
R006_down_T023,R006_down,S036,2025-10-09 00:22:34,2025-10-09 00:24:23,9,6,3,2025-10-08,B004
R006_down_T023,R006_down,S056,2025-10-09 00:25:13,2025-10-09 00:26:32,4,4,-2,2025-10-08,B004
R006_down_T023,R006_down,S033,2025-10-09 00:37:08,2025-10-09 00:38:33,3,4,2,2025-10-08,B004
R006_down_T023,R006_down,S055,2025-10-09 00:47:02,2025-10-09 00:49:35,11,6,3,2025-10-08,B004
R007_up_T001,R007_up,S015,2025-10-08 05:36:00,2025-10-08 05:38:58,9,3,6,2025-10-08,B018
R007_up_T001,R007_up,S059,2025-10-08 05:45:28,2025-10-08 05:47:19,4,0,7,2025-10-08,B018
R007_up_T001,R007_up,S041,2025-10-08 05:48:52,2025-10-08 05:50:23,8,6,3,2025-10-08,B018
R007_up_T001,R007_up,S030,2025-10-08 05:58:05,2025-10-08 05:59:11,3,6,2,2025-10-08,B018
R007_up_T001,R007_up,S020,2025-10-08 06:06:13,2025-10-08 06:09:01,8,6,4,2025-10-08,B018
R007_up_T001,R007_up,S008,2025-10-08 06:09:27,2025-10-08 06:10:29,6,6,-2,2025-10-08,B018
R007_up_T001,R007_up,S051,2025-10-08 06:19:27,2025-10-08 06:20:34,14,5,1,2025-10-08,B018
R007_up_T001,R007_up,S012,2025-10-08 06:25:49,2025-10-08 06:27:31,3,4,-2,2025-10-08,B018
R007_up_T001,R007_up,S007,2025-10-08 06:41:56,2025-10-08 06:43:04,8,1,8,2025-10-08,B018
R007_up_T001,R007_up,S002,2025-10-08 06:45:12,2025-10-08 06:46:26,5,5,3,2025-10-08,B018
R007_up_T001,R007_up,S004,2025-10-08 06:48:54,2025-10-08 06:50:34,9,7,1,2025-10-08,B018
R007_up_T001,R007_up,S044,2025-10-08 07:00:50,2025-10-08 07:02:46,0,9,6,2025-10-08,B018
R007_up_T001,R007_up,S055,2025-10-08 07:05:03,2025-10-08 07:07:12,25,9,3,2025-10-08,B018
R007_up_T001,R007_up,S052,2025-10-08 07:09:46,2025-10-08 07:12:38,8,6,2,2025-10-08,B018
R007_up_T002,R007_up,S015,2025-10-08 06:42:00,2025-10-08 06:43:27,14,7,-2,2025-10-08,B004
R007_up_T002,R007_up,S059,2025-10-08 06:51:57,2025-10-08 06:53:31,11,6,1,2025-10-08,B004
R007_up_T002,R007_up,S041,2025-10-08 07:02:58,2025-10-08 07:04:06,8,3,5,2025-10-08,B004
R007_up_T002,R007_up,S030,2025-10-08 07:13:07,2025-10-08 07:14:18,8,6,6,2025-10-08,B004
R007_up_T002,R007_up,S020,2025-10-08 07:19:16,2025-10-08 07:21:12,6,5,6,2025-10-08,B004
R007_up_T002,R007_up,S008,2025-10-08 07:24:59,2025-10-08 07:27:11,15,9,4,2025-10-08,B004
R007_up_T002,R007_up,S051,2025-10-08 07:31:22,2025-10-08 07:33:50,16,0,2,2025-10-08,B004
R007_up_T002,R007_up,S012,2025-10-08 07:37:59,2025-10-08 07:39:19,27,7,-2,2025-10-08,B004
R007_up_T002,R007_up,S007,2025-10-08 07:54:19,2025-10-08 07:56:30,17,4,8,2025-10-08,B004
R007_up_T002,R007_up,S002,2025-10-08 07:55:32,2025-10-08 07:57:27,21,5,-1,2025-10-08,B004
R007_up_T002,R007_up,S004,2025-10-08 08:12:27,2025-10-08 08:14:09,15,5,8,2025-10-08,B004
R007_up_T002,R007_up,S044,2025-10-08 08:19:50,2025-10-08 08:21:42,15,1,8,2025-10-08,B004
R007_up_T002,R007_up,S055,2025-10-08 08:25:14,2025-10-08 08:28:10,9,4,6,2025-10-08,B004
R007_up_T002,R007_up,S052,2025-10-08 08:24:44,2025-10-08 08:25:52,7,8,-1,2025-10-08,B004
R007_up_T003,R007_up,S015,2025-10-08 07:45:00,2025-10-08 07:46:26,19,9,0,2025-10-08,B001
R007_up_T003,R007_up,S059,2025-10-08 07:51:58,2025-10-08 07:54:19,13,4,0,2025-10-08,B001
R007_up_T003,R007_up,S041,2025-10-08 08:01:45,2025-10-08 08:04:22,15,12,1,2025-10-08,B001
R007_up_T003,R007_up,S030,2025-10-08 08:17:27,2025-10-08 08:19:05,16,10,6,2025-10-08,B001
R007_up_T003,R007_up,S020,2025-10-08 08:17:21,2025-10-08 08:20:00,17,5,-1,2025-10-08,B001
R007_up_T003,R007_up,S008,2025-10-08 08:34:54,2025-10-08 08:36:12,13,0,7,2025-10-08,B001
R007_up_T003,R007_up,S051,2025-10-08 08:43:25,2025-10-08 08:45:42,15,7,8,2025-10-08,B001
R007_up_T003,R007_up,S012,2025-10-08 08:47:55,2025-10-08 08:49:57,14,4,3,2025-10-08,B001
R007_up_T003,R007_up,S007,2025-10-08 08:52:53,2025-10-08 08:54:36,19,12,1,2025-10-08,B001
R007_up_T003,R007_up,S002,2025-10-08 09:09:13,2025-10-08 09:11:08,20,3,6,2025-10-08,B001
R007_up_T003,R007_up,S004,2025-10-08 09:12:14,2025-10-08 09:14:48,10,4,1,2025-10-08,B001
R007_up_T003,R007_up,S044,2025-10-08 09:21:42,2025-10-08 09:24:15,18,5,3,2025-10-08,B001
R007_up_T003,R007_up,S055,2025-10-08 09:30:14,2025-10-08 09:31:14,15,7,3,2025-10-08,B001
R007_up_T003,R007_up,S052,2025-10-08 09:37:49,2025-10-08 09:40:16,13,10,5,2025-10-08,B001
R007_up_T004,R007_up,S015,2025-10-08 08:04:00,2025-10-08 08:05:41,17,6,-1,2025-10-08,B022
R007_up_T004,R007_up,S059,2025-10-08 08:16:59,2025-10-08 08:18:26,13,5,6,2025-10-08,B022
R007_up_T004,R007_up,S041,2025-10-08 08:20:48,2025-10-08 08:22:25,27,7,3,2025-10-08,B022
R007_up_T004,R007_up,S030,2025-10-08 08:27:49,2025-10-08 08:30:45,23,12,-1,2025-10-08,B022
R007_up_T004,R007_up,S020,2025-10-08 08:42:09,2025-10-08 08:43:09,25,5,5,2025-10-08,B022
R007_up_T004,R007_up,S008,2025-10-08 08:46:18,2025-10-08 08:47:49,10,12,3,2025-10-08,B022
R007_up_T004,R007_up,S051,2025-10-08 08:53:33,2025-10-08 08:55:17,17,8,1,2025-10-08,B022
R007_up_T004,R007_up,S012,2025-10-08 09:07:15,2025-10-08 09:09:51,18,4,5,2025-10-08,B022
R007_up_T004,R007_up,S007,2025-10-08 09:14:58,2025-10-08 09:17:23,10,6,5,2025-10-08,B022
R007_up_T004,R007_up,S002,2025-10-08 09:20:07,2025-10-08 09:21:42,17,2,-1,2025-10-08,B022
R007_up_T004,R007_up,S004,2025-10-08 09:32:39,2025-10-08 09:33:52,25,3,4,2025-10-08,B022
R007_up_T004,R007_up,S044,2025-10-08 09:41:57,2025-10-08 09:44:36,24,8,6,2025-10-08,B022
R007_up_T004,R007_up,S055,2025-10-08 09:43:30,2025-10-08 09:46:10,15,3,-1,2025-10-08,B022
R007_up_T004,R007_up,S052,2025-10-08 09:49:42,2025-10-08 09:51:35,12,6,-2,2025-10-08,B022
R007_up_T005,R007_up,S015,2025-10-08 08:48:00,2025-10-08 08:49:23,22,6,5,2025-10-08,B014
R007_up_T005,R007_up,S059,2025-10-08 08:52:38,2025-10-08 08:54:27,25,9,3,2025-10-08,B014
R007_up_T005,R007_up,S041,2025-10-08 09:04:37,2025-10-08 09:05:42,18,10,6,2025-10-08,B014
R007_up_T005,R007_up,S030,2025-10-08 09:12:07,2025-10-08 09:13:13,19,7,3,2025-10-08,B014
R007_up_T005,R007_up,S020,2025-10-08 09:15:24,2025-10-08 09:18:17,9,0,-1,2025-10-08,B014
R007_up_T005,R007_up,S008,2025-10-08 09:23:04,2025-10-08 09:25:50,18,3,-2,2025-10-08,B014
R007_up_T005,R007_up,S051,2025-10-08 09:41:44,2025-10-08 09:43:53,16,6,7,2025-10-08,B014
R007_up_T005,R007_up,S012,2025-10-08 09:42:57,2025-10-08 09:44:36,15,9,0,2025-10-08,B014
R007_up_T005,R007_up,S007,2025-10-08 09:54:13,2025-10-08 09:57:00,16,0,5,2025-10-08,B014
R007_up_T005,R007_up,S002,2025-10-08 10:02:52,2025-10-08 10:05:19,11,9,3,2025-10-08,B014
R007_up_T005,R007_up,S004,2025-10-08 10:14:28,2025-10-08 10:16:15,11,7,6,2025-10-08,B014
R007_up_T005,R007_up,S044,2025-10-08 10:19:55,2025-10-08 10:21:39,9,1,4,2025-10-08,B014
R007_up_T005,R007_up,S055,2025-10-08 10:30:03,2025-10-08 10:31:47,17,5,8,2025-10-08,B014
R007_up_T005,R007_up,S052,2025-10-08 10:28:44,2025-10-08 10:30:14,22,2,1,2025-10-08,B014
R007_up_T006,R007_up,S015,2025-10-08 09:14:00,2025-10-08 09:16:45,8,4,-1,2025-10-08,B023
R007_up_T006,R007_up,S059,2025-10-08 09:22:03,2025-10-08 09:23:29,7,12,-1,2025-10-08,B023
R007_up_T006,R007_up,S041,2025-10-08 09:28:47,2025-10-08 09:31:12,14,6,-1,2025-10-08,B023
R007_up_T006,R007_up,S030,2025-10-08 09:44:14,2025-10-08 09:45:35,14,6,4,2025-10-08,B023
R007_up_T006,R007_up,S020,2025-10-08 09:53:51,2025-10-08 09:56:05,16,9,7,2025-10-08,B023
R007_up_T006,R007_up,S008,2025-10-08 10:00:30,2025-10-08 10:02:46,7,10,4,2025-10-08,B023
R007_up_T006,R007_up,S051,2025-10-08 10:05:56,2025-10-08 10:07:50,14,5,1,2025-10-08,B023
R007_up_T006,R007_up,S012,2025-10-08 10:17:48,2025-10-08 10:19:43,16,7,4,2025-10-08,B023
R007_up_T006,R007_up,S007,2025-10-08 10:25:27,2025-10-08 10:27:27,12,8,5,2025-10-08,B023
R007_up_T006,R007_up,S002,2025-10-08 10:33:11,2025-10-08 10:35:27,13,7,3,2025-10-08,B023
R007_up_T006,R007_up,S004,2025-10-08 10:45:09,2025-10-08 10:47:23,13,0,8,2025-10-08,B023
R007_up_T006,R007_up,S044,2025-10-08 10:50:14,2025-10-08 10:51:21,18,7,6,2025-10-08,B023
R007_up_T006,R007_up,S055,2025-10-08 10:53:12,2025-10-08 10:55:05,14,7,3,2025-10-08,B023
R007_up_T006,R007_up,S052,2025-10-08 11:01:43,2025-10-08 11:04:39,12,9,6,2025-10-08,B023
R007_up_T007,R007_up,S015,2025-10-08 10:27:00,2025-10-08 10:29:14,20,6,7,2025-10-08,B017
R007_up_T007,R007_up,S059,2025-10-08 10:26:04,2025-10-08 10:28:14,6,4,-1,2025-10-08,B017
R007_up_T007,R007_up,S041,2025-10-08 10:37:38,2025-10-08 10:39:13,8,2,3,2025-10-08,B017
R007_up_T007,R007_up,S030,2025-10-08 10:44:58,2025-10-08 10:47:35,19,4,-1,2025-10-08,B017
R007_up_T007,R007_up,S020,2025-10-08 11:01:05,2025-10-08 11:03:57,20,9,7,2025-10-08,B017
R007_up_T007,R007_up,S008,2025-10-08 11:07:25,2025-10-08 11:08:50,11,6,4,2025-10-08,B017
R007_up_T007,R007_up,S051,2025-10-08 11:15:24,2025-10-08 11:17:29,10,6,4,2025-10-08,B017
R007_up_T007,R007_up,S012,2025-10-08 11:19:05,2025-10-08 11:20:40,7,3,-1,2025-10-08,B017
R007_up_T007,R007_up,S007,2025-10-08 11:31:27,2025-10-08 11:33:25,6,1,5,2025-10-08,B017
R007_up_T007,R007_up,S002,2025-10-08 11:38:24,2025-10-08 11:40:05,10,5,3,2025-10-08,B017
R007_up_T007,R007_up,S004,2025-10-08 11:41:15,2025-10-08 11:42:33,10,9,-1,2025-10-08,B017
R007_up_T007,R007_up,S044,2025-10-08 11:46:40,2025-10-08 11:48:45,1,4,-2,2025-10-08,B017
R007_up_T007,R007_up,S055,2025-10-08 12:02:21,2025-10-08 12:04:05,3,7,6,2025-10-08,B017
R007_up_T007,R007_up,S052,2025-10-08 12:06:59,2025-10-08 12:08:30,11,6,4,2025-10-08,B017
R007_up_T008,R007_up,S015,2025-10-08 11:17:00,2025-10-08 11:18:40,10,4,6,2025-10-08,B006
R007_up_T008,R007_up,S059,2025-10-08 11:24:16,2025-10-08 11:27:11,6,5,6,2025-10-08,B006
R007_up_T008,R007_up,S041,2025-10-08 11:32:30,2025-10-08 11:34:36,6,2,5,2025-10-08,B006
R007_up_T008,R007_up,S030,2025-10-08 11:40:14,2025-10-08 11:41:30,11,5,2,2025-10-08,B006
R007_up_T008,R007_up,S020,2025-10-08 11:45:27,2025-10-08 11:47:43,8,8,1,2025-10-08,B006
R007_up_T008,R007_up,S008,2025-10-08 11:53:00,2025-10-08 11:55:22,5,1,0,2025-10-08,B006
R007_up_T008,R007_up,S051,2025-10-08 12:02:39,2025-10-08 12:04:07,7,0,1,2025-10-08,B006
R007_up_T008,R007_up,S012,2025-10-08 12:09:00,2025-10-08 12:11:33,7,9,-2,2025-10-08,B006
R007_up_T008,R007_up,S007,2025-10-08 12:21:39,2025-10-08 12:24:08,11,4,3,2025-10-08,B006
R007_up_T008,R007_up,S002,2025-10-08 12:34:43,2025-10-08 12:37:11,11,7,5,2025-10-08,B006
R007_up_T008,R007_up,S004,2025-10-08 12:37:37,2025-10-08 12:40:10,6,11,0,2025-10-08,B006
R007_up_T008,R007_up,S044,2025-10-08 12:52:26,2025-10-08 12:55:05,11,6,7,2025-10-08,B006
R007_up_T008,R007_up,S055,2025-10-08 12:56:02,2025-10-08 12:58:24,9,4,3,2025-10-08,B006
R007_up_T008,R007_up,S052,2025-10-08 13:07:46,2025-10-08 13:09:46,11,0,8,2025-10-08,B006
R007_up_T009,R007_up,S015,2025-10-08 12:07:00,2025-10-08 12:08:15,6,11,8,2025-10-08,B018
R007_up_T009,R007_up,S059,2025-10-08 12:12:59,2025-10-08 12:14:47,3,5,8,2025-10-08,B018
R007_up_T009,R007_up,S041,2025-10-08 12:19:51,2025-10-08 12:21:25,3,12,6,2025-10-08,B018
R007_up_T009,R007_up,S030,2025-10-08 12:27:22,2025-10-08 12:28:47,7,0,5,2025-10-08,B018
R007_up_T009,R007_up,S020,2025-10-08 12:35:59,2025-10-08 12:37:07,8,4,6,2025-10-08,B018
R007_up_T009,R007_up,S008,2025-10-08 12:41:24,2025-10-08 12:42:27,7,6,5,2025-10-08,B018
R007_up_T009,R007_up,S051,2025-10-08 12:52:19,2025-10-08 12:54:36,5,6,7,2025-10-08,B018
R007_up_T009,R007_up,S012,2025-10-08 13:02:46,2025-10-08 13:04:01,7,6,8,2025-10-08,B018
R007_up_T009,R007_up,S007,2025-10-08 12:59:57,2025-10-08 13:02:25,8,7,-1,2025-10-08,B018
R007_up_T009,R007_up,S002,2025-10-08 13:12:42,2025-10-08 13:13:43,6,10,2,2025-10-08,B018
R007_up_T009,R007_up,S004,2025-10-08 13:24:44,2025-10-08 13:27:07,6,4,8,2025-10-08,B018
R007_up_T009,R007_up,S044,2025-10-08 13:24:38,2025-10-08 13:27:11,9,7,1,2025-10-08,B018
R007_up_T009,R007_up,S055,2025-10-08 13:33:53,2025-10-08 13:35:28,2,0,3,2025-10-08,B018
R007_up_T009,R007_up,S052,2025-10-08 13:42:38,2025-10-08 13:44:05,12,4,6,2025-10-08,B018
R007_up_T010,R007_up,S015,2025-10-08 12:53:00,2025-10-08 12:55:04,5,11,0,2025-10-08,B008
R007_up_T010,R007_up,S059,2025-10-08 13:06:43,2025-10-08 13:09:03,7,8,6,2025-10-08,B008
R007_up_T010,R007_up,S041,2025-10-08 13:10:25,2025-10-08 13:11:32,7,12,0,2025-10-08,B008
R007_up_T010,R007_up,S030,2025-10-08 13:20:10,2025-10-08 13:21:38,7,7,0,2025-10-08,B008
R007_up_T010,R007_up,S020,2025-10-08 13:35:14,2025-10-08 13:36:59,11,4,8,2025-10-08,B008
R007_up_T010,R007_up,S008,2025-10-08 13:34:16,2025-10-08 13:36:07,7,3,-1,2025-10-08,B008
R007_up_T010,R007_up,S051,2025-10-08 13:44:20,2025-10-08 13:47:19,8,0,0,2025-10-08,B008
R007_up_T010,R007_up,S012,2025-10-08 14:00:13,2025-10-08 14:02:18,8,7,5,2025-10-08,B008
R007_up_T010,R007_up,S007,2025-10-08 14:02:11,2025-10-08 14:04:34,7,5,-1,2025-10-08,B008
R007_up_T010,R007_up,S002,2025-10-08 14:13:42,2025-10-08 14:15:33,4,9,0,2025-10-08,B008
R007_up_T010,R007_up,S004,2025-10-08 14:20:03,2025-10-08 14:21:40,11,1,-1,2025-10-08,B008
R007_up_T010,R007_up,S044,2025-10-08 14:30:22,2025-10-08 14:32:08,7,3,3,2025-10-08,B008
R007_up_T010,R007_up,S055,2025-10-08 14:37:03,2025-10-08 14:39:32,9,5,2,2025-10-08,B008
R007_up_T010,R007_up,S052,2025-10-08 14:41:04,2025-10-08 14:42:12,11,1,0,2025-10-08,B008
R007_up_T011,R007_up,S015,2025-10-08 13:41:00,2025-10-08 13:42:04,6,8,-1,2025-10-08,B005
R007_up_T011,R007_up,S059,2025-10-08 13:51:15,2025-10-08 13:52:45,7,4,2,2025-10-08,B005
R007_up_T011,R007_up,S041,2025-10-08 14:01:34,2025-10-08 14:02:42,3,0,5,2025-10-08,B005
R007_up_T011,R007_up,S030,2025-10-08 14:11:07,2025-10-08 14:13:51,10,4,6,2025-10-08,B005
R007_up_T011,R007_up,S020,2025-10-08 14:20:31,2025-10-08 14:22:35,7,8,8,2025-10-08,B005
R007_up_T011,R007_up,S008,2025-10-08 14:18:45,2025-10-08 14:20:58,2,7,-2,2025-10-08,B005
R007_up_T011,R007_up,S051,2025-10-08 14:31:18,2025-10-08 14:33:14,7,6,0,2025-10-08,B005
R007_up_T011,R007_up,S012,2025-10-08 14:49:46,2025-10-08 14:51:10,7,6,8,2025-10-08,B005
R007_up_T011,R007_up,S007,2025-10-08 14:51:54,2025-10-08 14:53:40,12,3,4,2025-10-08,B005
R007_up_T011,R007_up,S002,2025-10-08 14:56:59,2025-10-08 14:59:18,4,4,-1,2025-10-08,B005
R007_up_T011,R007_up,S004,2025-10-08 15:04:49,2025-10-08 15:07:12,3,5,0,2025-10-08,B005
R007_up_T011,R007_up,S044,2025-10-08 15:12:48,2025-10-08 15:14:33,11,0,1,2025-10-08,B005
R007_up_T011,R007_up,S055,2025-10-08 15:25:35,2025-10-08 15:28:03,14,5,6,2025-10-08,B005
R007_up_T011,R007_up,S052,2025-10-08 15:32:52,2025-10-08 15:34:37,10,5,7,2025-10-08,B005
R007_up_T012,R007_up,S015,2025-10-08 15:44:00,2025-10-08 15:46:27,7,6,8,2025-10-08,B013
R007_up_T012,R007_up,S059,2025-10-08 15:42:14,2025-10-08 15:43:41,8,9,-1,2025-10-08,B013
R007_up_T012,R007_up,S041,2025-10-08 15:52:18,2025-10-08 15:55:03,7,2,2,2025-10-08,B013
R007_up_T012,R007_up,S030,2025-10-08 16:02:24,2025-10-08 16:05:06,9,10,1,2025-10-08,B013
R007_up_T012,R007_up,S020,2025-10-08 16:12:13,2025-10-08 16:13:49,7,9,3,2025-10-08,B013
R007_up_T012,R007_up,S008,2025-10-08 16:23:12,2025-10-08 16:26:08,6,0,7,2025-10-08,B013
R007_up_T012,R007_up,S051,2025-10-08 16:32:06,2025-10-08 16:33:12,6,7,6,2025-10-08,B013
R007_up_T012,R007_up,S012,2025-10-08 16:40:01,2025-10-08 16:42:45,12,2,6,2025-10-08,B013
R007_up_T012,R007_up,S007,2025-10-08 16:42:33,2025-10-08 16:45:08,6,4,0,2025-10-08,B013
R007_up_T012,R007_up,S002,2025-10-08 16:55:30,2025-10-08 16:56:55,8,7,3,2025-10-08,B013
R007_up_T012,R007_up,S004,2025-10-08 17:04:06,2025-10-08 17:06:14,10,12,5,2025-10-08,B013
R007_up_T012,R007_up,S044,2025-10-08 17:10:16,2025-10-08 17:11:17,5,14,3,2025-10-08,B013
R007_up_T012,R007_up,S055,2025-10-08 17:18:27,2025-10-08 17:20:52,8,11,4,2025-10-08,B013
R007_up_T012,R007_up,S052,2025-10-08 17:18:50,2025-10-08 17:20:30,11,9,-2,2025-10-08,B013
R007_up_T013,R007_up,S015,2025-10-08 17:48:00,2025-10-08 17:50:54,3,13,4,2025-10-08,B013
R007_up_T013,R007_up,S059,2025-10-08 17:57:35,2025-10-08 17:59:47,11,2,6,2025-10-08,B013
R007_up_T013,R007_up,S041,2025-10-08 17:59:08,2025-10-08 18:01:52,3,7,0,2025-10-08,B013
R007_up_T013,R007_up,S030,2025-10-08 18:12:47,2025-10-08 18:14:13,0,19,3,2025-10-08,B013
R007_up_T013,R007_up,S020,2025-10-08 18:22:45,2025-10-08 18:24:04,10,25,6,2025-10-08,B013
R007_up_T013,R007_up,S008,2025-10-08 18:27:08,2025-10-08 18:28:45,9,12,2,2025-10-08,B013
R007_up_T013,R007_up,S051,2025-10-08 18:37:32,2025-10-08 18:38:43,3,10,4,2025-10-08,B013
R007_up_T013,R007_up,S012,2025-10-08 18:45:43,2025-10-08 18:48:15,2,17,4,2025-10-08,B013
R007_up_T013,R007_up,S007,2025-10-08 18:50:13,2025-10-08 18:51:46,8,13,0,2025-10-08,B013
R007_up_T013,R007_up,S002,2025-10-08 19:06:51,2025-10-08 19:08:01,6,12,7,2025-10-08,B013
R007_up_T013,R007_up,S004,2025-10-08 19:04:22,2025-10-08 19:07:21,7,11,-1,2025-10-08,B013
R007_up_T013,R007_up,S044,2025-10-08 19:20:47,2025-10-08 19:22:13,8,13,7,2025-10-08,B013
R007_up_T013,R007_up,S055,2025-10-08 19:27:28,2025-10-08 19:29:18,4,11,8,2025-10-08,B013
R007_up_T013,R007_up,S052,2025-10-08 19:25:58,2025-10-08 19:27:23,9,10,1,2025-10-08,B013
R007_up_T014,R007_up,S015,2025-10-08 18:14:00,2025-10-08 18:15:58,7,15,8,2025-10-08,B020
R007_up_T014,R007_up,S059,2025-10-08 18:21:08,2025-10-08 18:23:47,1,10,7,2025-10-08,B020
R007_up_T014,R007_up,S041,2025-10-08 18:30:36,2025-10-08 18:31:50,7,2,8,2025-10-08,B020
R007_up_T014,R007_up,S030,2025-10-08 18:38:56,2025-10-08 18:41:05,3,10,6,2025-10-08,B020
R007_up_T014,R007_up,S020,2025-10-08 18:41:43,2025-10-08 18:43:47,8,14,1,2025-10-08,B020
R007_up_T014,R007_up,S008,2025-10-08 18:47:41,2025-10-08 18:49:29,0,12,-2,2025-10-08,B020
R007_up_T014,R007_up,S051,2025-10-08 19:04:45,2025-10-08 19:06:14,5,12,6,2025-10-08,B020
R007_up_T014,R007_up,S012,2025-10-08 19:13:38,2025-10-08 19:16:31,9,19,5,2025-10-08,B020
R007_up_T014,R007_up,S007,2025-10-08 19:21:34,2025-10-08 19:24:32,6,4,4,2025-10-08,B020
R007_up_T014,R007_up,S002,2025-10-08 19:38:14,2025-10-08 19:40:47,2,9,8,2025-10-08,B020
R007_up_T014,R007_up,S004,2025-10-08 19:37:57,2025-10-08 19:40:08,5,15,-1,2025-10-08,B020
R007_up_T014,R007_up,S044,2025-10-08 19:49:13,2025-10-08 19:51:17,10,16,2,2025-10-08,B020
R007_up_T014,R007_up,S055,2025-10-08 19:58:18,2025-10-08 20:00:02,6,14,4,2025-10-08,B020
R007_up_T014,R007_up,S052,2025-10-08 20:01:49,2025-10-08 20:04:04,6,16,1,2025-10-08,B020
R007_up_T015,R007_up,S015,2025-10-08 18:56:00,2025-10-08 18:58:31,4,14,4,2025-10-08,B002
R007_up_T015,R007_up,S059,2025-10-08 19:04:19,2025-10-08 19:06:45,6,16,5,2025-10-08,B002
R007_up_T015,R007_up,S041,2025-10-08 19:08:01,2025-10-08 19:09:43,8,14,0,2025-10-08,B002
R007_up_T015,R007_up,S030,2025-10-08 19:24:24,2025-10-08 19:27:20,3,15,7,2025-10-08,B002
R007_up_T015,R007_up,S020,2025-10-08 19:24:25,2025-10-08 19:26:42,12,9,-2,2025-10-08,B002
R007_up_T015,R007_up,S008,2025-10-08 19:36:48,2025-10-08 19:37:51,11,16,2,2025-10-08,B002
R007_up_T015,R007_up,S051,2025-10-08 19:50:38,2025-10-08 19:52:02,1,20,7,2025-10-08,B002
R007_up_T015,R007_up,S012,2025-10-08 19:51:23,2025-10-08 19:53:13,9,21,0,2025-10-08,B002
R007_up_T015,R007_up,S007,2025-10-08 19:57:11,2025-10-08 19:58:58,1,11,-2,2025-10-08,B002
R007_up_T015,R007_up,S002,2025-10-08 20:15:35,2025-10-08 20:17:35,5,14,5,2025-10-08,B002
R007_up_T015,R007_up,S004,2025-10-08 20:19:09,2025-10-08 20:21:33,5,16,1,2025-10-08,B002
R007_up_T015,R007_up,S044,2025-10-08 20:29:01,2025-10-08 20:31:41,3,15,3,2025-10-08,B002
R007_up_T015,R007_up,S055,2025-10-08 20:35:00,2025-10-08 20:36:55,4,13,1,2025-10-08,B002
R007_up_T015,R007_up,S052,2025-10-08 20:39:37,2025-10-08 20:40:59,0,14,0,2025-10-08,B002
R007_up_T016,R007_up,S015,2025-10-08 19:20:00,2025-10-08 19:21:26,9,17,6,2025-10-08,B018
R007_up_T016,R007_up,S059,2025-10-08 19:27:13,2025-10-08 19:28:58,4,21,6,2025-10-08,B018
R007_up_T016,R007_up,S041,2025-10-08 19:29:45,2025-10-08 19:30:56,10,3,1,2025-10-08,B018
R007_up_T016,R007_up,S030,2025-10-08 19:41:52,2025-10-08 19:43:26,0,13,3,2025-10-08,B018
R007_up_T016,R007_up,S020,2025-10-08 19:45:01,2025-10-08 19:47:11,6,13,-1,2025-10-08,B018
R007_up_T016,R007_up,S008,2025-10-08 19:52:46,2025-10-08 19:55:01,11,13,-1,2025-10-08,B018
R007_up_T016,R007_up,S051,2025-10-08 20:04:18,2025-10-08 20:07:02,7,10,2,2025-10-08,B018
R007_up_T016,R007_up,S012,2025-10-08 20:12:16,2025-10-08 20:14:25,4,21,0,2025-10-08,B018
R007_up_T016,R007_up,S007,2025-10-08 20:19:39,2025-10-08 20:22:13,0,14,0,2025-10-08,B018
R007_up_T016,R007_up,S002,2025-10-08 20:29:17,2025-10-08 20:32:13,7,25,-2,2025-10-08,B018
R007_up_T016,R007_up,S004,2025-10-08 20:45:13,2025-10-08 20:46:56,9,9,6,2025-10-08,B018
R007_up_T016,R007_up,S044,2025-10-08 20:50:15,2025-10-08 20:51:50,7,8,4,2025-10-08,B018
R007_up_T016,R007_up,S055,2025-10-08 20:59:28,2025-10-08 21:00:33,4,22,6,2025-10-08,B018
R007_up_T016,R007_up,S052,2025-10-08 21:06:08,2025-10-08 21:08:39,10,20,8,2025-10-08,B018
R007_up_T017,R007_up,S015,2025-10-08 19:33:00,2025-10-08 19:35:42,7,18,4,2025-10-08,B004
R007_up_T017,R007_up,S059,2025-10-08 19:35:40,2025-10-08 19:37:18,5,17,-1,2025-10-08,B004
R007_up_T017,R007_up,S041,2025-10-08 19:43:49,2025-10-08 19:46:02,6,20,0,2025-10-08,B004
R007_up_T017,R007_up,S030,2025-10-08 19:56:40,2025-10-08 19:58:51,5,17,1,2025-10-08,B004
R007_up_T017,R007_up,S020,2025-10-08 20:04:34,2025-10-08 20:06:57,4,12,2,2025-10-08,B004
R007_up_T017,R007_up,S008,2025-10-08 20:11:03,2025-10-08 20:13:24,8,16,-1,2025-10-08,B004
R007_up_T017,R007_up,S051,2025-10-08 20:28:31,2025-10-08 20:29:47,4,19,7,2025-10-08,B004
R007_up_T017,R007_up,S012,2025-10-08 20:32:14,2025-10-08 20:34:49,6,17,2,2025-10-08,B004
R007_up_T017,R007_up,S007,2025-10-08 20:43:16,2025-10-08 20:45:59,8,14,6,2025-10-08,B004
R007_up_T017,R007_up,S002,2025-10-08 20:51:53,2025-10-08 20:54:16,1,17,2,2025-10-08,B004
R007_up_T017,R007_up,S004,2025-10-08 20:54:58,2025-10-08 20:57:41,11,10,-2,2025-10-08,B004
R007_up_T017,R007_up,S044,2025-10-08 21:03:49,2025-10-08 21:06:17,2,13,-1,2025-10-08,B004
R007_up_T017,R007_up,S055,2025-10-08 21:13:23,2025-10-08 21:14:42,11,9,0,2025-10-08,B004
R007_up_T017,R007_up,S052,2025-10-08 21:23:28,2025-10-08 21:25:13,6,10,5,2025-10-08,B004
R007_up_T018,R007_up,S015,2025-10-08 19:54:00,2025-10-08 19:55:11,5,20,1,2025-10-08,B001
R007_up_T018,R007_up,S059,2025-10-08 20:07:08,2025-10-08 20:08:11,6,9,8,2025-10-08,B001
R007_up_T018,R007_up,S041,2025-10-08 20:07:29,2025-10-08 20:10:01,0,5,0,2025-10-08,B001
R007_up_T018,R007_up,S030,2025-10-08 20:24:17,2025-10-08 20:27:08,9,6,6,2025-10-08,B001
R007_up_T018,R007_up,S020,2025-10-08 20:26:50,2025-10-08 20:29:43,7,15,1,2025-10-08,B001
R007_up_T018,R007_up,S008,2025-10-08 20:42:37,2025-10-08 20:44:16,5,15,8,2025-10-08,B001
R007_up_T018,R007_up,S051,2025-10-08 20:47:12,2025-10-08 20:49:28,9,13,4,2025-10-08,B001
R007_up_T018,R007_up,S012,2025-10-08 20:51:53,2025-10-08 20:54:50,5,11,0,2025-10-08,B001
R007_up_T018,R007_up,S007,2025-10-08 21:05:23,2025-10-08 21:06:52,2,22,5,2025-10-08,B001
R007_up_T018,R007_up,S002,2025-10-08 21:19:02,2025-10-08 21:20:17,3,20,8,2025-10-08,B001
R007_up_T018,R007_up,S004,2025-10-08 21:23:19,2025-10-08 21:25:01,4,14,5,2025-10-08,B001
R007_up_T018,R007_up,S044,2025-10-08 21:22:29,2025-10-08 21:24:07,4,14,-2,2025-10-08,B001
R007_up_T018,R007_up,S055,2025-10-08 21:39:07,2025-10-08 21:41:47,7,11,7,2025-10-08,B001
R007_up_T018,R007_up,S052,2025-10-08 21:42:43,2025-10-08 21:43:59,7,15,4,2025-10-08,B001
R007_up_T019,R007_up,S015,2025-10-08 20:22:00,2025-10-08 20:23:00,5,18,4,2025-10-08,B010
R007_up_T019,R007_up,S059,2025-10-08 20:24:31,2025-10-08 20:26:34,2,24,1,2025-10-08,B010
R007_up_T019,R007_up,S041,2025-10-08 20:34:30,2025-10-08 20:36:34,11,23,2,2025-10-08,B010
R007_up_T019,R007_up,S030,2025-10-08 20:47:04,2025-10-08 20:49:29,5,29,3,2025-10-08,B010
R007_up_T019,R007_up,S020,2025-10-08 20:53:13,2025-10-08 20:55:33,3,13,1,2025-10-08,B010
R007_up_T019,R007_up,S008,2025-10-08 21:02:50,2025-10-08 21:05:32,3,15,2,2025-10-08,B010
R007_up_T019,R007_up,S051,2025-10-08 21:08:56,2025-10-08 21:11:40,2,19,-2,2025-10-08,B010
R007_up_T019,R007_up,S012,2025-10-08 21:22:14,2025-10-08 21:23:18,8,9,0,2025-10-08,B010
R007_up_T019,R007_up,S007,2025-10-08 21:32:09,2025-10-08 21:34:06,6,8,4,2025-10-08,B010
R007_up_T019,R007_up,S002,2025-10-08 21:39:19,2025-10-08 21:41:29,0,14,1,2025-10-08,B010
R007_up_T019,R007_up,S004,2025-10-08 21:45:38,2025-10-08 21:47:41,7,9,0,2025-10-08,B010
R007_up_T019,R007_up,S044,2025-10-08 21:54:08,2025-10-08 21:57:00,3,23,1,2025-10-08,B010
R007_up_T019,R007_up,S055,2025-10-08 22:00:05,2025-10-08 22:02:11,6,9,-2,2025-10-08,B010
R007_up_T019,R007_up,S052,2025-10-08 22:15:58,2025-10-08 22:17:39,4,12,8,2025-10-08,B010
R007_up_T020,R007_up,S015,2025-10-08 21:51:00,2025-10-08 21:52:47,5,17,-1,2025-10-08,B011
R007_up_T020,R007_up,S059,2025-10-08 22:00:55,2025-10-08 22:03:09,11,4,2,2025-10-08,B011
R007_up_T020,R007_up,S041,2025-10-08 22:10:54,2025-10-08 22:12:09,4,21,3,2025-10-08,B011
R007_up_T020,R007_up,S030,2025-10-08 22:23:52,2025-10-08 22:24:54,2,17,5,2025-10-08,B011
R007_up_T020,R007_up,S020,2025-10-08 22:24:44,2025-10-08 22:26:29,7,19,0,2025-10-08,B011
R007_up_T020,R007_up,S008,2025-10-08 22:38:56,2025-10-08 22:41:26,10,15,6,2025-10-08,B011
R007_up_T020,R007_up,S051,2025-10-08 22:47:53,2025-10-08 22:49:54,7,11,6,2025-10-08,B011
R007_up_T020,R007_up,S012,2025-10-08 22:59:25,2025-10-08 23:00:57,9,14,8,2025-10-08,B011
R007_up_T020,R007_up,S007,2025-10-08 23:01:59,2025-10-08 23:03:04,5,8,4,2025-10-08,B011
R007_up_T020,R007_up,S002,2025-10-08 23:09:06,2025-10-08 23:11:42,7,4,3,2025-10-08,B011
R007_up_T020,R007_up,S004,2025-10-08 23:21:10,2025-10-08 23:22:49,7,6,7,2025-10-08,B011
R007_up_T020,R007_up,S044,2025-10-08 23:26:36,2025-10-08 23:28:34,7,2,6,2025-10-08,B011
R007_up_T020,R007_up,S055,2025-10-08 23:25:55,2025-10-08 23:27:58,6,6,-1,2025-10-08,B011
R007_up_T020,R007_up,S052,2025-10-08 23:37:58,2025-10-08 23:39:07,7,4,5,2025-10-08,B011
R007_up_T021,R007_up,S015,2025-10-08 22:31:00,2025-10-08 22:33:45,10,14,3,2025-10-08,B005
R007_up_T021,R007_up,S059,2025-10-08 22:41:23,2025-10-08 22:42:36,3,18,5,2025-10-08,B005
R007_up_T021,R007_up,S041,2025-10-08 22:43:50,2025-10-08 22:46:46,6,9,-1,2025-10-08,B005
R007_up_T021,R007_up,S030,2025-10-08 23:00:54,2025-10-08 23:02:48,8,19,5,2025-10-08,B005
R007_up_T021,R007_up,S020,2025-10-08 23:01:04,2025-10-08 23:02:55,6,5,-2,2025-10-08,B005
R007_up_T021,R007_up,S008,2025-10-08 23:14:53,2025-10-08 23:17:30,8,3,3,2025-10-08,B005
R007_up_T021,R007_up,S051,2025-10-08 23:25:40,2025-10-08 23:28:07,8,5,3,2025-10-08,B005
R007_up_T021,R007_up,S012,2025-10-08 23:35:51,2025-10-08 23:37:56,11,6,2,2025-10-08,B005
R007_up_T021,R007_up,S007,2025-10-08 23:43:54,2025-10-08 23:45:37,8,8,2,2025-10-08,B005
R007_up_T021,R007_up,S002,2025-10-08 23:56:13,2025-10-08 23:57:39,10,8,4,2025-10-08,B005
R007_up_T021,R007_up,S004,2025-10-08 23:57:22,2025-10-08 23:58:43,4,5,-2,2025-10-08,B005
R007_up_T021,R007_up,S044,2025-10-09 00:06:27,2025-10-09 00:07:56,7,6,1,2025-10-08,B005
R007_up_T021,R007_up,S055,2025-10-09 00:17:51,2025-10-09 00:20:24,7,9,6,2025-10-08,B005
R007_up_T021,R007_up,S052,2025-10-09 00:17:32,2025-10-09 00:18:39,7,7,-1,2025-10-08,B005
R007_down_T001,R007_down,S052,2025-10-08 05:33:00,2025-10-08 05:34:30,10,7,3,2025-10-08,B006
R007_down_T001,R007_down,S055,2025-10-08 05:34:24,2025-10-08 05:35:31,10,8,-1,2025-10-08,B006
R007_down_T001,R007_down,S044,2025-10-08 05:40:46,2025-10-08 05:42:34,5,7,0,2025-10-08,B006
R007_down_T001,R007_down,S004,2025-10-08 05:52:20,2025-10-08 05:55:03,9,5,6,2025-10-08,B006
R007_down_T001,R007_down,S002,2025-10-08 05:59:54,2025-10-08 06:02:11,9,9,1,2025-10-08,B006
R007_down_T001,R007_down,S007,2025-10-08 06:12:18,2025-10-08 06:14:49,12,4,3,2025-10-08,B006
R007_down_T001,R007_down,S012,2025-10-08 06:20:35,2025-10-08 06:23:02,6,4,4,2025-10-08,B006
R007_down_T001,R007_down,S051,2025-10-08 06:26:34,2025-10-08 06:27:48,8,2,-1,2025-10-08,B006
R007_down_T001,R007_down,S008,2025-10-08 06:32:28,2025-10-08 06:34:01,12,4,0,2025-10-08,B006
R007_down_T001,R007_down,S020,2025-10-08 06:43:51,2025-10-08 06:45:56,7,3,1,2025-10-08,B006
R007_down_T001,R007_down,S030,2025-10-08 06:56:05,2025-10-08 06:58:03,2,8,7,2025-10-08,B006
R007_down_T001,R007_down,S041,2025-10-08 06:57:44,2025-10-08 07:00:27,7,4,1,2025-10-08,B006
R007_down_T001,R007_down,S059,2025-10-08 07:10:56,2025-10-08 07:12:57,2,15,4,2025-10-08,B006
R007_down_T001,R007_down,S015,2025-10-08 07:21:14,2025-10-08 07:22:44,8,19,5,2025-10-08,B006
R007_down_T002,R007_down,S052,2025-10-08 06:31:00,2025-10-08 06:32:45,7,7,4,2025-10-08,B004
R007_down_T002,R007_down,S055,2025-10-08 06:30:46,2025-10-08 06:33:18,12,5,-2,2025-10-08,B004
R007_down_T002,R007_down,S044,2025-10-08 06:45:17,2025-10-08 06:47:30,10,1,6,2025-10-08,B004
R007_down_T002,R007_down,S004,2025-10-08 06:45:26,2025-10-08 06:46:55,13,9,-1,2025-10-08,B004
R007_down_T002,R007_down,S002,2025-10-08 06:58:25,2025-10-08 07:00:58,7,8,2,2025-10-08,B004
R007_down_T002,R007_down,S007,2025-10-08 07:10:29,2025-10-08 07:13:17,7,9,3,2025-10-08,B004
R007_down_T002,R007_down,S012,2025-10-08 07:16:09,2025-10-08 07:17:09,4,3,1,2025-10-08,B004
R007_down_T002,R007_down,S051,2025-10-08 07:22:22,2025-10-08 07:24:11,7,12,-2,2025-10-08,B004
R007_down_T002,R007_down,S008,2025-10-08 07:32:36,2025-10-08 07:35:07,11,11,3,2025-10-08,B004
R007_down_T002,R007_down,S020,2025-10-08 07:44:01,2025-10-08 07:46:13,3,14,2,2025-10-08,B004
R007_down_T002,R007_down,S030,2025-10-08 07:52:45,2025-10-08 07:54:18,0,14,4,2025-10-08,B004
R007_down_T002,R007_down,S041,2025-10-08 07:53:59,2025-10-08 07:56:10,4,8,-2,2025-10-08,B004
R007_down_T002,R007_down,S059,2025-10-08 08:08:59,2025-10-08 08:10:03,6,19,3,2025-10-08,B004
R007_down_T002,R007_down,S015,2025-10-08 08:13:24,2025-10-08 08:14:51,6,18,-1,2025-10-08,B004
R007_down_T003,R007_down,S052,2025-10-08 07:54:00,2025-10-08 07:56:35,6,12,0,2025-10-08,B019
R007_down_T003,R007_down,S055,2025-10-08 08:06:07,2025-10-08 08:07:23,3,8,6,2025-10-08,B019
R007_down_T003,R007_down,S044,2025-10-08 08:06:58,2025-10-08 08:09:09,13,12,2,2025-10-08,B019
R007_down_T003,R007_down,S004,2025-10-08 08:17:05,2025-10-08 08:20:01,6,12,6,2025-10-08,B019
R007_down_T003,R007_down,S002,2025-10-08 08:28:59,2025-10-08 08:30:46,2,8,8,2025-10-08,B019
R007_down_T003,R007_down,S007,2025-10-08 08:31:51,2025-10-08 08:34:37,9,7,2,2025-10-08,B019
R007_down_T003,R007_down,S012,2025-10-08 08:44:33,2025-10-08 08:45:56,4,19,7,2025-10-08,B019
R007_down_T003,R007_down,S051,2025-10-08 08:51:51,2025-10-08 08:52:56,13,11,6,2025-10-08,B019
R007_down_T003,R007_down,S008,2025-10-08 08:55:17,2025-10-08 08:56:19,4,11,4,2025-10-08,B019
R007_down_T003,R007_down,S020,2025-10-08 09:10:18,2025-10-08 09:12:28,7,8,8,2025-10-08,B019
R007_down_T003,R007_down,S030,2025-10-08 09:13:16,2025-10-08 09:14:46,7,18,5,2025-10-08,B019
R007_down_T003,R007_down,S041,2025-10-08 09:14:29,2025-10-08 09:16:10,2,12,-1,2025-10-08,B019
R007_down_T003,R007_down,S059,2025-10-08 09:29:23,2025-10-08 09:30:58,9,13,4,2025-10-08,B019
R007_down_T003,R007_down,S015,2025-10-08 09:37:07,2025-10-08 09:39:09,6,13,5,2025-10-08,B019
R007_down_T004,R007_down,S052,2025-10-08 08:19:00,2025-10-08 08:20:39,3,11,8,2025-10-08,B021
R007_down_T004,R007_down,S055,2025-10-08 08:15:39,2025-10-08 08:17:08,4,14,-1,2025-10-08,B021
R007_down_T004,R007_down,S044,2025-10-08 08:28:34,2025-10-08 08:30:35,9,19,6,2025-10-08,B021
R007_down_T004,R007_down,S004,2025-10-08 08:28:55,2025-10-08 08:31:55,6,16,0,2025-10-08,B021
R007_down_T004,R007_down,S002,2025-10-08 08:40:36,2025-10-08 08:42:30,5,6,1,2025-10-08,B021
R007_down_T004,R007_down,S007,2025-10-08 08:52:03,2025-10-08 08:54:34,6,18,2,2025-10-08,B021
R007_down_T004,R007_down,S012,2025-10-08 09:01:55,2025-10-08 09:03:59,3,25,5,2025-10-08,B021
R007_down_T004,R007_down,S051,2025-10-08 09:12:00,2025-10-08 09:14:40,10,17,4,2025-10-08,B021
R007_down_T004,R007_down,S008,2025-10-08 09:22:19,2025-10-08 09:23:52,6,7,7,2025-10-08,B021
R007_down_T004,R007_down,S020,2025-10-08 09:31:14,2025-10-08 09:33:09,8,13,7,2025-10-08,B021
R007_down_T004,R007_down,S030,2025-10-08 09:35:10,2025-10-08 09:37:57,10,16,5,2025-10-08,B021
R007_down_T004,R007_down,S041,2025-10-08 09:45:29,2025-10-08 09:46:33,5,11,8,2025-10-08,B021
R007_down_T004,R007_down,S059,2025-10-08 09:55:11,2025-10-08 09:56:23,3,18,7,2025-10-08,B021
R007_down_T004,R007_down,S015,2025-10-08 10:04:33,2025-10-08 10:07:21,9,11,8,2025-10-08,B021
R007_down_T005,R007_down,S052,2025-10-08 09:17:00,2025-10-08 09:18:53,1,13,8,2025-10-08,B011
R007_down_T005,R007_down,S055,2025-10-08 09:15:56,2025-10-08 09:17:14,10,17,1,2025-10-08,B011
R007_down_T005,R007_down,S044,2025-10-08 09:19:51,2025-10-08 09:20:58,6,7,0,2025-10-08,B011
R007_down_T005,R007_down,S004,2025-10-08 09:29:02,2025-10-08 09:31:52,2,23,4,2025-10-08,B011
R007_down_T005,R007_down,S002,2025-10-08 09:33:05,2025-10-08 09:35:47,11,3,-2,2025-10-08,B011
R007_down_T005,R007_down,S007,2025-10-08 09:44:25,2025-10-08 09:47:03,5,14,0,2025-10-08,B011
R007_down_T005,R007_down,S012,2025-10-08 09:58:36,2025-10-08 10:01:06,4,16,8,2025-10-08,B011
R007_down_T005,R007_down,S051,2025-10-08 10:08:28,2025-10-08 10:10:53,6,6,8,2025-10-08,B011
R007_down_T005,R007_down,S008,2025-10-08 10:14:34,2025-10-08 10:16:41,3,7,7,2025-10-08,B011
R007_down_T005,R007_down,S020,2025-10-08 10:17:02,2025-10-08 10:18:28,0,24,-1,2025-10-08,B011
R007_down_T005,R007_down,S030,2025-10-08 10:27:33,2025-10-08 10:29:59,9,9,4,2025-10-08,B011
R007_down_T005,R007_down,S041,2025-10-08 10:32:49,2025-10-08 10:34:53,7,22,1,2025-10-08,B011
R007_down_T005,R007_down,S059,2025-10-08 10:47:47,2025-10-08 10:49:00,0,16,6,2025-10-08,B011
R007_down_T005,R007_down,S015,2025-10-08 10:46:15,2025-10-08 10:47:18,5,26,-2,2025-10-08,B011
R007_down_T006,R007_down,S052,2025-10-08 09:50:00,2025-10-08 09:51:07,6,12,0,2025-10-08,B004
R007_down_T006,R007_down,S055,2025-10-08 09:53:34,2025-10-08 09:55:30,3,17,-2,2025-10-08,B004
R007_down_T006,R007_down,S044,2025-10-08 10:00:53,2025-10-08 10:02:06,2,7,-1,2025-10-08,B004
R007_down_T006,R007_down,S004,2025-10-08 10:06:42,2025-10-08 10:07:43,6,10,-1,2025-10-08,B004
R007_down_T006,R007_down,S002,2025-10-08 10:23:35,2025-10-08 10:25:59,4,18,8,2025-10-08,B004
R007_down_T006,R007_down,S007,2025-10-08 10:27:43,2025-10-08 10:28:45,8,17,1,2025-10-08,B004
R007_down_T006,R007_down,S012,2025-10-08 10:30:24,2025-10-08 10:32:38,6,14,-2,2025-10-08,B004
R007_down_T006,R007_down,S051,2025-10-08 10:42:27,2025-10-08 10:44:41,8,16,1,2025-10-08,B004
R007_down_T006,R007_down,S008,2025-10-08 10:47:28,2025-10-08 10:49:43,0,13,0,2025-10-08,B004
R007_down_T006,R007_down,S020,2025-10-08 10:58:34,2025-10-08 11:01:21,10,14,1,2025-10-08,B004
R007_down_T006,R007_down,S030,2025-10-08 11:12:37,2025-10-08 11:13:54,7,1,8,2025-10-08,B004
R007_down_T006,R007_down,S041,2025-10-08 11:10:25,2025-10-08 11:13:16,6,6,0,2025-10-08,B004
R007_down_T006,R007_down,S059,2025-10-08 11:29:34,2025-10-08 11:31:02,11,7,7,2025-10-08,B004
R007_down_T006,R007_down,S015,2025-10-08 11:28:33,2025-10-08 11:30:42,10,9,-1,2025-10-08,B004
R007_down_T007,R007_down,S052,2025-10-08 11:26:00,2025-10-08 11:28:42,15,2,6,2025-10-08,B012
R007_down_T007,R007_down,S055,2025-10-08 11:27:42,2025-10-08 11:30:40,0,9,1,2025-10-08,B012
R007_down_T007,R007_down,S044,2025-10-08 11:39:30,2025-10-08 11:42:29,9,3,6,2025-10-08,B012
R007_down_T007,R007_down,S004,2025-10-08 11:40:02,2025-10-08 11:41:56,7,6,0,2025-10-08,B012
R007_down_T007,R007_down,S002,2025-10-08 11:57:59,2025-10-08 11:59:56,9,2,7,2025-10-08,B012
R007_down_T007,R007_down,S007,2025-10-08 12:03:06,2025-10-08 12:05:06,10,8,4,2025-10-08,B012
R007_down_T007,R007_down,S012,2025-10-08 12:12:49,2025-10-08 12:15:03,5,3,8,2025-10-08,B012
R007_down_T007,R007_down,S051,2025-10-08 12:21:42,2025-10-08 12:23:22,9,2,5,2025-10-08,B012
R007_down_T007,R007_down,S008,2025-10-08 12:30:06,2025-10-08 12:31:30,11,8,8,2025-10-08,B012
R007_down_T007,R007_down,S020,2025-10-08 12:36:36,2025-10-08 12:38:21,10,9,4,2025-10-08,B012
R007_down_T007,R007_down,S030,2025-10-08 12:38:55,2025-10-08 12:41:50,7,10,1,2025-10-08,B012
R007_down_T007,R007_down,S041,2025-10-08 12:51:18,2025-10-08 12:53:18,13,2,6,2025-10-08,B012
R007_down_T007,R007_down,S059,2025-10-08 12:54:41,2025-10-08 12:55:42,4,7,-1,2025-10-08,B012
R007_down_T007,R007_down,S015,2025-10-08 13:07:34,2025-10-08 13:09:39,2,5,4,2025-10-08,B012
R007_down_T008,R007_down,S052,2025-10-08 12:18:00,2025-10-08 12:19:57,3,2,8,2025-10-08,B006
R007_down_T008,R007_down,S055,2025-10-08 12:17:17,2025-10-08 12:19:53,4,4,1,2025-10-08,B006
R007_down_T008,R007_down,S044,2025-10-08 12:24:49,2025-10-08 12:25:56,5,4,2,2025-10-08,B006
R007_down_T008,R007_down,S004,2025-10-08 12:32:33,2025-10-08 12:35:22,5,7,4,2025-10-08,B006
R007_down_T008,R007_down,S002,2025-10-08 12:47:39,2025-10-08 12:49:39,7,2,7,2025-10-08,B006
R007_down_T008,R007_down,S007,2025-10-08 12:53:58,2025-10-08 12:56:08,6,4,4,2025-10-08,B006
R007_down_T008,R007_down,S012,2025-10-08 12:59:37,2025-10-08 13:01:15,6,12,3,2025-10-08,B006
R007_down_T008,R007_down,S051,2025-10-08 13:05:10,2025-10-08 13:07:50,8,5,0,2025-10-08,B006
R007_down_T008,R007_down,S008,2025-10-08 13:11:33,2025-10-08 13:13:26,9,11,0,2025-10-08,B006
R007_down_T008,R007_down,S020,2025-10-08 13:23:31,2025-10-08 13:24:54,4,11,1,2025-10-08,B006
R007_down_T008,R007_down,S030,2025-10-08 13:36:18,2025-10-08 13:39:13,9,2,8,2025-10-08,B006
R007_down_T008,R007_down,S041,2025-10-08 13:43:47,2025-10-08 13:46:32,3,8,7,2025-10-08,B006
R007_down_T008,R007_down,S059,2025-10-08 13:45:54,2025-10-08 13:47:08,6,4,-1,2025-10-08,B006
R007_down_T008,R007_down,S015,2025-10-08 13:53:12,2025-10-08 13:55:15,6,8,-1,2025-10-08,B006
R007_down_T009,R007_down,S052,2025-10-08 13:07:00,2025-10-08 13:08:53,13,11,-2,2025-10-08,B015
R007_down_T009,R007_down,S055,2025-10-08 13:22:29,2025-10-08 13:23:35,11,5,8,2025-10-08,B015
R007_down_T009,R007_down,S044,2025-10-08 13:22:15,2025-10-08 13:24:48,8,7,2,2025-10-08,B015
R007_down_T009,R007_down,S004,2025-10-08 13:29:33,2025-10-08 13:30:35,4,0,2,2025-10-08,B015
R007_down_T009,R007_down,S002,2025-10-08 13:40:01,2025-10-08 13:41:52,7,12,4,2025-10-08,B015
R007_down_T009,R007_down,S007,2025-10-08 13:47:04,2025-10-08 13:49:30,6,2,3,2025-10-08,B015
R007_down_T009,R007_down,S012,2025-10-08 13:53:26,2025-10-08 13:55:11,11,7,2,2025-10-08,B015
R007_down_T009,R007_down,S051,2025-10-08 14:05:59,2025-10-08 14:08:48,9,3,5,2025-10-08,B015
R007_down_T009,R007_down,S008,2025-10-08 14:07:03,2025-10-08 14:08:07,7,8,-1,2025-10-08,B015
R007_down_T009,R007_down,S020,2025-10-08 14:19:49,2025-10-08 14:21:48,10,7,2,2025-10-08,B015
R007_down_T009,R007_down,S030,2025-10-08 14:26:59,2025-10-08 14:28:40,12,4,3,2025-10-08,B015
R007_down_T009,R007_down,S041,2025-10-08 14:32:30,2025-10-08 14:35:16,5,7,2,2025-10-08,B015
R007_down_T009,R007_down,S059,2025-10-08 14:48:28,2025-10-08 14:50:08,10,7,6,2025-10-08,B015
R007_down_T009,R007_down,S015,2025-10-08 14:56:04,2025-10-08 14:58:49,12,9,6,2025-10-08,B015
R007_down_T010,R007_down,S052,2025-10-08 14:55:00,2025-10-08 14:56:41,7,2,4,2025-10-08,B025
R007_down_T010,R007_down,S055,2025-10-08 14:55:11,2025-10-08 14:56:15,8,6,-2,2025-10-08,B025
R007_down_T010,R007_down,S044,2025-10-08 15:05:05,2025-10-08 15:06:11,6,6,3,2025-10-08,B025
R007_down_T010,R007_down,S004,2025-10-08 15:15:57,2025-10-08 15:18:51,5,3,8,2025-10-08,B025
R007_down_T010,R007_down,S002,2025-10-08 15:26:17,2025-10-08 15:28:50,8,7,7,2025-10-08,B025
R007_down_T010,R007_down,S007,2025-10-08 15:27:52,2025-10-08 15:29:21,7,4,0,2025-10-08,B025
R007_down_T010,R007_down,S012,2025-10-08 15:31:30,2025-10-08 15:32:46,10,13,-2,2025-10-08,B025
R007_down_T010,R007_down,S051,2025-10-08 15:46:52,2025-10-08 15:49:29,8,7,3,2025-10-08,B025
R007_down_T010,R007_down,S008,2025-10-08 15:55:17,2025-10-08 15:56:54,7,3,4,2025-10-08,B025
R007_down_T010,R007_down,S020,2025-10-08 16:00:15,2025-10-08 16:02:43,7,9,-1,2025-10-08,B025
R007_down_T010,R007_down,S030,2025-10-08 16:14:10,2025-10-08 16:17:07,6,3,7,2025-10-08,B025
R007_down_T010,R007_down,S041,2025-10-08 16:19:49,2025-10-08 16:22:22,12,0,4,2025-10-08,B025
R007_down_T010,R007_down,S059,2025-10-08 16:30:39,2025-10-08 16:33:37,10,1,4,2025-10-08,B025
R007_down_T010,R007_down,S015,2025-10-08 16:33:32,2025-10-08 16:35:01,0,0,-2,2025-10-08,B025
R007_down_T011,R007_down,S052,2025-10-08 16:34:00,2025-10-08 16:36:06,5,1,1,2025-10-08,B013
R007_down_T011,R007_down,S055,2025-10-08 16:40:36,2025-10-08 16:42:51,8,7,1,2025-10-08,B013
R007_down_T011,R007_down,S044,2025-10-08 16:51:58,2025-10-08 16:54:32,3,5,6,2025-10-08,B013
R007_down_T011,R007_down,S004,2025-10-08 16:51:00,2025-10-08 16:53:47,14,4,-1,2025-10-08,B013
R007_down_T011,R007_down,S002,2025-10-08 17:04:15,2025-10-08 17:05:17,6,3,0,2025-10-08,B013
R007_down_T011,R007_down,S007,2025-10-08 17:14:44,2025-10-08 17:15:59,15,6,2,2025-10-08,B013
R007_down_T011,R007_down,S012,2025-10-08 17:20:37,2025-10-08 17:22:23,15,11,3,2025-10-08,B013
R007_down_T011,R007_down,S051,2025-10-08 17:35:12,2025-10-08 17:37:14,16,7,8,2025-10-08,B013
R007_down_T011,R007_down,S008,2025-10-08 17:32:06,2025-10-08 17:33:20,16,5,-2,2025-10-08,B013
R007_down_T011,R007_down,S020,2025-10-08 17:50:48,2025-10-08 17:52:26,9,5,7,2025-10-08,B013
R007_down_T011,R007_down,S030,2025-10-08 17:54:23,2025-10-08 17:55:44,12,0,4,2025-10-08,B013
R007_down_T011,R007_down,S041,2025-10-08 17:55:26,2025-10-08 17:57:58,15,3,-1,2025-10-08,B013
R007_down_T011,R007_down,S059,2025-10-08 18:12:56,2025-10-08 18:15:27,14,6,4,2025-10-08,B013
R007_down_T011,R007_down,S015,2025-10-08 18:19:40,2025-10-08 18:20:50,14,4,1,2025-10-08,B013
R007_down_T012,R007_down,S052,2025-10-08 17:10:00,2025-10-08 17:12:49,18,0,-2,2025-10-08,B005
R007_down_T012,R007_down,S055,2025-10-08 17:27:16,2025-10-08 17:29:00,15,3,8,2025-10-08,B005
R007_down_T012,R007_down,S044,2025-10-08 17:29:37,2025-10-08 17:31:04,23,5,4,2025-10-08,B005
R007_down_T012,R007_down,S004,2025-10-08 17:36:49,2025-10-08 17:39:37,20,6,5,2025-10-08,B005
R007_down_T012,R007_down,S002,2025-10-08 17:44:28,2025-10-08 17:46:33,13,7,3,2025-10-08,B005
R007_down_T012,R007_down,S007,2025-10-08 17:49:19,2025-10-08 17:51:39,9,5,-2,2025-10-08,B005
R007_down_T012,R007_down,S012,2025-10-08 17:55:36,2025-10-08 17:57:57,9,5,-2,2025-10-08,B005
R007_down_T012,R007_down,S051,2025-10-08 18:10:21,2025-10-08 18:12:18,23,0,3,2025-10-08,B005
R007_down_T012,R007_down,S008,2025-10-08 18:15:56,2025-10-08 18:18:51,19,4,2,2025-10-08,B005
R007_down_T012,R007_down,S020,2025-10-08 18:24:32,2025-10-08 18:25:40,5,6,-2,2025-10-08,B005
R007_down_T012,R007_down,S030,2025-10-08 18:30:38,2025-10-08 18:32:45,19,8,-1,2025-10-08,B005
R007_down_T012,R007_down,S041,2025-10-08 18:46:01,2025-10-08 18:48:51,18,5,8,2025-10-08,B005
R007_down_T012,R007_down,S059,2025-10-08 18:53:33,2025-10-08 18:56:06,16,5,3,2025-10-08,B005
R007_down_T012,R007_down,S015,2025-10-08 18:57:06,2025-10-08 18:59:29,17,4,-2,2025-10-08,B005
R007_down_T013,R007_down,S052,2025-10-08 17:36:00,2025-10-08 17:37:39,15,7,2,2025-10-08,B006
R007_down_T013,R007_down,S055,2025-10-08 17:39:13,2025-10-08 17:41:05,16,0,0,2025-10-08,B006
R007_down_T013,R007_down,S044,2025-10-08 17:48:51,2025-10-08 17:50:59,22,6,3,2025-10-08,B006
R007_down_T013,R007_down,S004,2025-10-08 17:50:52,2025-10-08 17:53:46,4,2,-2,2025-10-08,B006
R007_down_T013,R007_down,S002,2025-10-08 18:08:17,2025-10-08 18:11:10,20,8,5,2025-10-08,B006
R007_down_T013,R007_down,S007,2025-10-08 18:19:30,2025-10-08 18:22:29,25,3,5,2025-10-08,B006
R007_down_T013,R007_down,S012,2025-10-08 18:26:24,2025-10-08 18:28:28,25,10,4,2025-10-08,B006
R007_down_T013,R007_down,S051,2025-10-08 18:34:34,2025-10-08 18:36:34,14,5,3,2025-10-08,B006
R007_down_T013,R007_down,S008,2025-10-08 18:45:03,2025-10-08 18:47:48,9,5,7,2025-10-08,B006
R007_down_T013,R007_down,S020,2025-10-08 18:46:56,2025-10-08 18:48:12,11,5,-2,2025-10-08,B006
R007_down_T013,R007_down,S030,2025-10-08 19:01:41,2025-10-08 19:03:08,1,12,7,2025-10-08,B006
R007_down_T013,R007_down,S041,2025-10-08 19:08:20,2025-10-08 19:10:54,11,8,6,2025-10-08,B006
R007_down_T013,R007_down,S059,2025-10-08 19:19:18,2025-10-08 19:20:56,9,9,6,2025-10-08,B006
R007_down_T013,R007_down,S015,2025-10-08 19:29:18,2025-10-08 19:30:24,10,6,8,2025-10-08,B006
R007_down_T014,R007_down,S052,2025-10-08 18:12:00,2025-10-08 18:13:13,18,2,4,2025-10-08,B003
R007_down_T014,R007_down,S055,2025-10-08 18:21:58,2025-10-08 18:23:55,8,7,8,2025-10-08,B003
R007_down_T014,R007_down,S044,2025-10-08 18:21:27,2025-10-08 18:23:46,12,9,1,2025-10-08,B003
R007_down_T014,R007_down,S004,2025-10-08 18:26:42,2025-10-08 18:29:20,18,3,0,2025-10-08,B003
R007_down_T014,R007_down,S002,2025-10-08 18:45:17,2025-10-08 18:47:39,6,9,8,2025-10-08,B003
R007_down_T014,R007_down,S007,2025-10-08 18:46:22,2025-10-08 18:48:37,12,11,0,2025-10-08,B003
R007_down_T014,R007_down,S012,2025-10-08 18:54:10,2025-10-08 18:55:14,7,9,2,2025-10-08,B003
R007_down_T014,R007_down,S051,2025-10-08 19:09:34,2025-10-08 19:12:02,17,3,8,2025-10-08,B003
R007_down_T014,R007_down,S008,2025-10-08 19:06:31,2025-10-08 19:09:18,19,11,-2,2025-10-08,B003
R007_down_T014,R007_down,S020,2025-10-08 19:22:50,2025-10-08 19:23:59,10,9,4,2025-10-08,B003
R007_down_T014,R007_down,S030,2025-10-08 19:28:52,2025-10-08 19:30:51,15,3,4,2025-10-08,B003
R007_down_T014,R007_down,S041,2025-10-08 19:38:59,2025-10-08 19:41:28,10,1,6,2025-10-08,B003
R007_down_T014,R007_down,S059,2025-10-08 19:51:19,2025-10-08 19:53:39,20,5,7,2025-10-08,B003
R007_down_T014,R007_down,S015,2025-10-08 19:54:57,2025-10-08 19:56:57,9,3,2,2025-10-08,B003
R007_down_T015,R007_down,S052,2025-10-08 18:29:00,2025-10-08 18:30:16,14,8,3,2025-10-08,B023
R007_down_T015,R007_down,S055,2025-10-08 18:32:51,2025-10-08 18:34:52,13,4,1,2025-10-08,B023
R007_down_T015,R007_down,S044,2025-10-08 18:36:59,2025-10-08 18:39:12,18,7,-1,2025-10-08,B023
R007_down_T015,R007_down,S004,2025-10-08 18:47:50,2025-10-08 18:50:10,2,7,4,2025-10-08,B023
R007_down_T015,R007_down,S002,2025-10-08 19:00:32,2025-10-08 19:01:34,17,7,5,2025-10-08,B023
R007_down_T015,R007_down,S007,2025-10-08 19:11:04,2025-10-08 19:12:20,17,8,7,2025-10-08,B023
R007_down_T015,R007_down,S012,2025-10-08 19:11:07,2025-10-08 19:12:08,12,7,1,2025-10-08,B023
R007_down_T015,R007_down,S051,2025-10-08 19:21:08,2025-10-08 19:23:32,15,11,1,2025-10-08,B023
R007_down_T015,R007_down,S008,2025-10-08 19:31:37,2025-10-08 19:34:15,10,5,5,2025-10-08,B023
R007_down_T015,R007_down,S020,2025-10-08 19:35:31,2025-10-08 19:37:52,15,12,-2,2025-10-08,B023
R007_down_T015,R007_down,S030,2025-10-08 19:44:21,2025-10-08 19:46:57,4,10,0,2025-10-08,B023
R007_down_T015,R007_down,S041,2025-10-08 19:57:48,2025-10-08 20:00:43,6,6,6,2025-10-08,B023
R007_down_T015,R007_down,S059,2025-10-08 20:11:30,2025-10-08 20:13:50,12,0,8,2025-10-08,B023
R007_down_T015,R007_down,S015,2025-10-08 20:18:36,2025-10-08 20:20:19,15,6,6,2025-10-08,B023
R007_down_T016,R007_down,S052,2025-10-08 19:01:00,2025-10-08 19:03:01,10,8,0,2025-10-08,B020
R007_down_T016,R007_down,S055,2025-10-08 19:10:25,2025-10-08 19:12:53,14,0,4,2025-10-08,B020
R007_down_T016,R007_down,S044,2025-10-08 19:15:47,2025-10-08 19:18:19,15,8,3,2025-10-08,B020
R007_down_T016,R007_down,S004,2025-10-08 19:25:48,2025-10-08 19:27:09,13,5,6,2025-10-08,B020
R007_down_T016,R007_down,S002,2025-10-08 19:35:06,2025-10-08 19:36:49,11,3,5,2025-10-08,B020
R007_down_T016,R007_down,S007,2025-10-08 19:45:28,2025-10-08 19:48:24,7,1,7,2025-10-08,B020
R007_down_T016,R007_down,S012,2025-10-08 19:54:21,2025-10-08 19:56:12,15,8,8,2025-10-08,B020
R007_down_T016,R007_down,S051,2025-10-08 19:57:24,2025-10-08 19:58:41,8,7,0,2025-10-08,B020
R007_down_T016,R007_down,S008,2025-10-08 20:10:22,2025-10-08 20:12:24,16,4,7,2025-10-08,B020
R007_down_T016,R007_down,S020,2025-10-08 20:16:17,2025-10-08 20:17:51,13,6,2,2025-10-08,B020
R007_down_T016,R007_down,S030,2025-10-08 20:19:45,2025-10-08 20:22:07,3,6,-1,2025-10-08,B020
R007_down_T016,R007_down,S041,2025-10-08 20:27:08,2025-10-08 20:29:02,18,5,-2,2025-10-08,B020
R007_down_T016,R007_down,S059,2025-10-08 20:37:19,2025-10-08 20:39:22,13,11,-2,2025-10-08,B020
R007_down_T016,R007_down,S015,2025-10-08 20:45:31,2025-10-08 20:48:22,8,1,-1,2025-10-08,B020
R007_down_T017,R007_down,S052,2025-10-08 19:42:00,2025-10-08 19:43:39,14,0,1,2025-10-08,B006
R007_down_T017,R007_down,S055,2025-10-08 19:51:08,2025-10-08 19:52:23,14,0,4,2025-10-08,B006
R007_down_T017,R007_down,S044,2025-10-08 19:53:04,2025-10-08 19:55:32,19,2,1,2025-10-08,B006
R007_down_T017,R007_down,S004,2025-10-08 19:59:10,2025-10-08 20:00:40,20,8,1,2025-10-08,B006
R007_down_T017,R007_down,S002,2025-10-08 20:15:32,2025-10-08 20:18:15,19,1,6,2025-10-08,B006
R007_down_T017,R007_down,S007,2025-10-08 20:25:14,2025-10-08 20:27:45,13,6,7,2025-10-08,B006
R007_down_T017,R007_down,S012,2025-10-08 20:22:38,2025-10-08 20:24:38,14,7,-2,2025-10-08,B006
R007_down_T017,R007_down,S051,2025-10-08 20:41:42,2025-10-08 20:42:56,16,2,7,2025-10-08,B006
R007_down_T017,R007_down,S008,2025-10-08 20:47:29,2025-10-08 20:50:08,19,7,8,2025-10-08,B006
R007_down_T017,R007_down,S020,2025-10-08 20:56:28,2025-10-08 20:59:00,0,6,6,2025-10-08,B006
R007_down_T017,R007_down,S030,2025-10-08 20:58:16,2025-10-08 20:59:59,19,4,1,2025-10-08,B006
R007_down_T017,R007_down,S041,2025-10-08 21:02:41,2025-10-08 21:05:23,7,4,-1,2025-10-08,B006
R007_down_T017,R007_down,S059,2025-10-08 21:14:19,2025-10-08 21:16:47,19,7,-1,2025-10-08,B006
R007_down_T017,R007_down,S015,2025-10-08 21:29:01,2025-10-08 21:30:36,15,2,5,2025-10-08,B006
R007_down_T018,R007_down,S052,2025-10-08 22:05:00,2025-10-08 22:06:36,8,1,7,2025-10-08,B019
R007_down_T018,R007_down,S055,2025-10-08 22:02:05,2025-10-08 22:04:58,22,3,-2,2025-10-08,B019
R007_down_T018,R007_down,S044,2025-10-08 22:18:29,2025-10-08 22:19:57,8,8,8,2025-10-08,B019
R007_down_T018,R007_down,S004,2025-10-08 22:15:20,2025-10-08 22:17:44,20,4,-1,2025-10-08,B019
R007_down_T018,R007_down,S002,2025-10-08 22:26:07,2025-10-08 22:27:13,22,4,-2,2025-10-08,B019
R007_down_T018,R007_down,S007,2025-10-08 22:37:11,2025-10-08 22:40:08,12,5,0,2025-10-08,B019
R007_down_T018,R007_down,S012,2025-10-08 22:50:41,2025-10-08 22:52:23,13,6,7,2025-10-08,B019
R007_down_T018,R007_down,S051,2025-10-08 22:55:03,2025-10-08 22:57:10,14,9,0,2025-10-08,B019
R007_down_T018,R007_down,S008,2025-10-08 22:59:31,2025-10-08 23:02:12,9,2,-2,2025-10-08,B019
R007_down_T018,R007_down,S020,2025-10-08 23:19:39,2025-10-08 23:21:02,9,4,8,2025-10-08,B019
R007_down_T018,R007_down,S030,2025-10-08 23:17:34,2025-10-08 23:19:08,8,4,1,2025-10-08,B019
R007_down_T018,R007_down,S041,2025-10-08 23:28:24,2025-10-08 23:29:45,9,7,6,2025-10-08,B019
R007_down_T018,R007_down,S059,2025-10-08 23:35:07,2025-10-08 23:36:51,12,13,2,2025-10-08,B019
R007_down_T018,R007_down,S015,2025-10-08 23:45:27,2025-10-08 23:47:37,7,3,5,2025-10-08,B019
R007_down_T019,R007_down,S052,2025-10-08 22:13:00,2025-10-08 22:14:14,20,3,-2,2025-10-08,B016
R007_down_T019,R007_down,S055,2025-10-08 22:24:19,2025-10-08 22:26:15,20,5,4,2025-10-08,B016
R007_down_T019,R007_down,S044,2025-10-08 22:26:57,2025-10-08 22:28:26,19,8,1,2025-10-08,B016
R007_down_T019,R007_down,S004,2025-10-08 22:34:14,2025-10-08 22:35:26,20,6,2,2025-10-08,B016
R007_down_T019,R007_down,S002,2025-10-08 22:44:51,2025-10-08 22:47:07,14,10,4,2025-10-08,B016
R007_down_T019,R007_down,S007,2025-10-08 22:56:36,2025-10-08 22:57:46,16,6,5,2025-10-08,B016
R007_down_T019,R007_down,S012,2025-10-08 23:01:51,2025-10-08 23:04:39,14,4,5,2025-10-08,B016
R007_down_T019,R007_down,S051,2025-10-08 23:05:11,2025-10-08 23:07:09,4,6,-2,2025-10-08,B016
R007_down_T019,R007_down,S008,2025-10-08 23:21:01,2025-10-08 23:23:52,7,7,7,2025-10-08,B016
R007_down_T019,R007_down,S020,2025-10-08 23:25:06,2025-10-08 23:27:35,2,10,0,2025-10-08,B016
R007_down_T019,R007_down,S030,2025-10-08 23:34:35,2025-10-08 23:36:05,7,1,3,2025-10-08,B016
R007_down_T019,R007_down,S041,2025-10-08 23:42:59,2025-10-08 23:44:07,5,6,4,2025-10-08,B016
R007_down_T019,R007_down,S059,2025-10-08 23:52:08,2025-10-08 23:54:30,12,6,3,2025-10-08,B016
R007_down_T019,R007_down,S015,2025-10-09 00:01:31,2025-10-09 00:03:45,2,7,4,2025-10-08,B016
R007_down_T020,R007_down,S052,2025-10-08 22:45:00,2025-10-08 22:47:01,18,2,7,2025-10-08,B003
R007_down_T020,R007_down,S055,2025-10-08 22:49:16,2025-10-08 22:52:14,11,3,5,2025-10-08,B003
R007_down_T020,R007_down,S044,2025-10-08 22:59:03,2025-10-08 23:01:33,11,3,8,2025-10-08,B003
R007_down_T020,R007_down,S004,2025-10-08 23:00:12,2025-10-08 23:01:44,19,8,3,2025-10-08,B003
R007_down_T020,R007_down,S002,2025-10-08 23:08:56,2025-10-08 23:10:54,9,5,2,2025-10-08,B003
R007_down_T020,R007_down,S007,2025-10-08 23:17:46,2025-10-08 23:20:12,8,6,2,2025-10-08,B003
R007_down_T020,R007_down,S012,2025-10-08 23:29:34,2025-10-08 23:31:45,8,5,7,2025-10-08,B003
R007_down_T020,R007_down,S051,2025-10-08 23:38:07,2025-10-08 23:40:04,8,6,4,2025-10-08,B003
R007_down_T020,R007_down,S008,2025-10-08 23:38:56,2025-10-08 23:41:39,10,9,-2,2025-10-08,B003
R007_down_T020,R007_down,S020,2025-10-08 23:59:18,2025-10-09 00:01:38,13,1,7,2025-10-08,B003
R007_down_T020,R007_down,S030,2025-10-08 23:58:05,2025-10-09 00:00:46,6,7,0,2025-10-08,B003
R007_down_T020,R007_down,S041,2025-10-09 00:09:17,2025-10-09 00:12:02,11,6,3,2025-10-08,B003
R007_down_T020,R007_down,S059,2025-10-09 00:20:15,2025-10-09 00:21:16,4,3,3,2025-10-08,B003
R007_down_T020,R007_down,S015,2025-10-09 00:28:45,2025-10-09 00:31:31,7,9,5,2025-10-08,B003
R007_down_T021,R007_down,S052,2025-10-08 23:03:00,2025-10-08 23:05:14,11,9,5,2025-10-08,B022
R007_down_T021,R007_down,S055,2025-10-08 23:02:18,2025-10-08 23:04:00,6,6,-2,2025-10-08,B022
R007_down_T021,R007_down,S044,2025-10-08 23:10:46,2025-10-08 23:12:51,8,6,0,2025-10-08,B022
R007_down_T021,R007_down,S004,2025-10-08 23:21:24,2025-10-08 23:23:02,6,10,4,2025-10-08,B022
R007_down_T021,R007_down,S002,2025-10-08 23:31:34,2025-10-08 23:32:44,11,7,3,2025-10-08,B022
R007_down_T021,R007_down,S007,2025-10-08 23:45:51,2025-10-08 23:47:05,10,4,8,2025-10-08,B022
R007_down_T021,R007_down,S012,2025-10-08 23:45:54,2025-10-08 23:48:32,7,7,2,2025-10-08,B022
R007_down_T021,R007_down,S051,2025-10-09 00:03:24,2025-10-09 00:04:42,7,10,7,2025-10-08,B022
R007_down_T021,R007_down,S008,2025-10-09 00:10:31,2025-10-09 00:12:24,1,7,8,2025-10-08,B022
R007_down_T021,R007_down,S020,2025-10-09 00:18:40,2025-10-09 00:20:24,4,4,5,2025-10-08,B022
R007_down_T021,R007_down,S030,2025-10-09 00:27:26,2025-10-09 00:30:24,8,7,8,2025-10-08,B022
R007_down_T021,R007_down,S041,2025-10-09 00:28:43,2025-10-09 00:29:56,9,5,2,2025-10-08,B022
R007_down_T021,R007_down,S059,2025-10-09 00:43:57,2025-10-09 00:45:52,11,4,8,2025-10-08,B022
R007_down_T021,R007_down,S015,2025-10-09 00:51:08,2025-10-09 00:52:18,2,3,8,2025-10-08,B022
R008_up_T001,R008_up,S037,2025-10-08 07:35:00,2025-10-08 07:36:28,12,14,0,2025-10-08,B017
R008_up_T001,R008_up,S015,2025-10-08 07:44:03,2025-10-08 07:46:43,7,4,3,2025-10-08,B017
R008_up_T001,R008_up,S023,2025-10-08 07:52:39,2025-10-08 07:54:23,19,8,4,2025-10-08,B017
R008_up_T001,R008_up,S011,2025-10-08 08:03:19,2025-10-08 08:04:34,14,6,8,2025-10-08,B017
R008_up_T001,R008_up,S059,2025-10-08 08:07:09,2025-10-08 08:09:14,16,5,4,2025-10-08,B017
R008_up_T001,R008_up,S013,2025-10-08 08:13:10,2025-10-08 08:15:24,12,6,1,2025-10-08,B017
R008_up_T001,R008_up,S049,2025-10-08 08:22:49,2025-10-08 08:25:33,9,11,1,2025-10-08,B017
R008_up_T001,R008_up,S056,2025-10-08 08:31:39,2025-10-08 08:33:35,9,5,1,2025-10-08,B017
R008_up_T001,R008_up,S008,2025-10-08 08:40:46,2025-10-08 08:43:37,15,4,1,2025-10-08,B017
R008_up_T001,R008_up,S002,2025-10-08 08:49:17,2025-10-08 08:51:46,15,2,-2,2025-10-08,B017
R008_up_T001,R008_up,S001,2025-10-08 09:06:58,2025-10-08 09:08:03,19,7,8,2025-10-08,B017
R008_up_T001,R008_up,S057,2025-10-08 09:12:15,2025-10-08 09:14:43,14,8,5,2025-10-08,B017
R008_up_T001,R008_up,S018,2025-10-08 09:22:58,2025-10-08 09:24:24,21,6,8,2025-10-08,B017
R008_up_T001,R008_up,S030,2025-10-08 09:24:54,2025-10-08 09:27:41,16,10,1,2025-10-08,B017
R008_up_T001,R008_up,S022,2025-10-08 09:34:23,2025-10-08 09:37:10,11,3,3,2025-10-08,B017
R008_up_T001,R008_up,S024,2025-10-08 09:41:54,2025-10-08 09:44:46,10,10,1,2025-10-08,B017
R008_up_T001,R008_up,S041,2025-10-08 09:55:53,2025-10-08 09:56:58,18,4,6,2025-10-08,B017
R008_up_T001,R008_up,S055,2025-10-08 10:01:34,2025-10-08 10:04:34,21,2,3,2025-10-08,B017
R008_up_T001,R008_up,S044,2025-10-08 10:11:27,2025-10-08 10:14:07,3,8,4,2025-10-08,B017
R008_up_T002,R008_up,S037,2025-10-08 08:00:00,2025-10-08 08:02:18,19,4,3,2025-10-08,B009
R008_up_T002,R008_up,S015,2025-10-08 08:10:33,2025-10-08 08:13:13,23,4,7,2025-10-08,B009
R008_up_T002,R008_up,S023,2025-10-08 08:11:52,2025-10-08 08:14:04,15,11,1,2025-10-08,B009
R008_up_T002,R008_up,S011,2025-10-08 08:26:52,2025-10-08 08:28:35,4,7,8,2025-10-08,B009
R008_up_T002,R008_up,S059,2025-10-08 08:35:57,2025-10-08 08:38:11,11,2,8,2025-10-08,B009
R008_up_T002,R008_up,S013,2025-10-08 08:43:22,2025-10-08 08:44:32,18,3,5,2025-10-08,B009
R008_up_T002,R008_up,S049,2025-10-08 08:53:06,2025-10-08 08:55:23,17,10,7,2025-10-08,B009
R008_up_T002,R008_up,S056,2025-10-08 08:56:42,2025-10-08 08:57:52,17,8,3,2025-10-08,B009
R008_up_T002,R008_up,S008,2025-10-08 09:04:32,2025-10-08 09:06:25,18,4,1,2025-10-08,B009
R008_up_T002,R008_up,S002,2025-10-08 09:13:13,2025-10-08 09:14:42,15,4,0,2025-10-08,B009
R008_up_T002,R008_up,S001,2025-10-08 09:23:11,2025-10-08 09:25:24,14,5,3,2025-10-08,B009
R008_up_T002,R008_up,S057,2025-10-08 09:37:54,2025-10-08 09:39:12,10,4,8,2025-10-08,B009
R008_up_T002,R008_up,S018,2025-10-08 09:39:51,2025-10-08 09:41:45,11,9,2,2025-10-08,B009
R008_up_T002,R008_up,S030,2025-10-08 09:50:47,2025-10-08 09:53:34,10,6,5,2025-10-08,B009
R008_up_T002,R008_up,S022,2025-10-08 09:56:14,2025-10-08 09:58:47,11,6,3,2025-10-08,B009
R008_up_T002,R008_up,S024,2025-10-08 10:01:59,2025-10-08 10:03:29,8,6,0,2025-10-08,B009
R008_up_T002,R008_up,S041,2025-10-08 10:17:04,2025-10-08 10:19:37,10,6,8,2025-10-08,B009
R008_up_T002,R008_up,S055,2025-10-08 10:18:49,2025-10-08 10:20:46,16,8,0,2025-10-08,B009
R008_up_T002,R008_up,S044,2025-10-08 10:28:04,2025-10-08 10:30:32,15,5,2,2025-10-08,B009
R008_up_T003,R008_up,S037,2025-10-08 09:51:00,2025-10-08 09:53:58,15,2,2,2025-10-08,B001
R008_up_T003,R008_up,S015,2025-10-08 10:03:28,2025-10-08 10:05:03,16,6,8,2025-10-08,B001
R008_up_T003,R008_up,S023,2025-10-08 10:03:50,2025-10-08 10:04:51,19,6,2,2025-10-08,B001
R008_up_T003,R008_up,S011,2025-10-08 10:11:19,2025-10-08 10:14:11,18,4,3,2025-10-08,B001
R008_up_T003,R008_up,S059,2025-10-08 10:21:50,2025-10-08 10:23:37,20,4,3,2025-10-08,B001
R008_up_T003,R008_up,S013,2025-10-08 10:35:01,2025-10-08 10:36:36,7,10,7,2025-10-08,B001
R008_up_T003,R008_up,S049,2025-10-08 10:39:37,2025-10-08 10:41:44,20,6,4,2025-10-08,B001
R008_up_T003,R008_up,S056,2025-10-08 10:44:59,2025-10-08 10:47:05,16,1,2,2025-10-08,B001
R008_up_T003,R008_up,S008,2025-10-08 11:00:23,2025-10-08 11:03:09,17,7,6,2025-10-08,B001
R008_up_T003,R008_up,S002,2025-10-08 11:02:54,2025-10-08 11:03:59,10,5,-2,2025-10-08,B001
R008_up_T003,R008_up,S001,2025-10-08 11:12:46,2025-10-08 11:14:53,3,2,2,2025-10-08,B001
R008_up_T003,R008_up,S057,2025-10-08 11:22:32,2025-10-08 11:23:36,3,4,3,2025-10-08,B001
R008_up_T003,R008_up,S018,2025-10-08 11:33:09,2025-10-08 11:35:51,6,9,6,2025-10-08,B001
R008_up_T003,R008_up,S030,2025-10-08 11:41:15,2025-10-08 11:43:17,9,5,5,2025-10-08,B001
R008_up_T003,R008_up,S022,2025-10-08 11:49:51,2025-10-08 11:51:01,5,7,6,2025-10-08,B001
R008_up_T003,R008_up,S024,2025-10-08 11:53:15,2025-10-08 11:54:18,7,6,2,2025-10-08,B001
R008_up_T003,R008_up,S041,2025-10-08 12:04:12,2025-10-08 12:05:13,10,2,5,2025-10-08,B001
R008_up_T003,R008_up,S055,2025-10-08 12:16:13,2025-10-08 12:17:25,9,3,6,2025-10-08,B001
R008_up_T003,R008_up,S044,2025-10-08 12:20:19,2025-10-08 12:21:45,12,11,2,2025-10-08,B001
R008_up_T004,R008_up,S037,2025-10-08 10:03:00,2025-10-08 10:05:51,19,3,-2,2025-10-08,B003
R008_up_T004,R008_up,S015,2025-10-08 10:12:35,2025-10-08 10:14:08,17,14,1,2025-10-08,B003
R008_up_T004,R008_up,S023,2025-10-08 10:20:56,2025-10-08 10:22:35,11,1,3,2025-10-08,B003
R008_up_T004,R008_up,S011,2025-10-08 10:31:47,2025-10-08 10:34:21,15,5,7,2025-10-08,B003
R008_up_T004,R008_up,S059,2025-10-08 10:33:32,2025-10-08 10:35:04,24,14,-2,2025-10-08,B003
R008_up_T004,R008_up,S013,2025-10-08 10:44:34,2025-10-08 10:47:30,19,8,-2,2025-10-08,B003
R008_up_T004,R008_up,S049,2025-10-08 10:57:39,2025-10-08 10:59:25,11,3,2,2025-10-08,B003
R008_up_T004,R008_up,S056,2025-10-08 11:08:42,2025-10-08 11:11:06,3,6,5,2025-10-08,B003
R008_up_T004,R008_up,S008,2025-10-08 11:20:50,2025-10-08 11:23:30,8,5,7,2025-10-08,B003
R008_up_T004,R008_up,S002,2025-10-08 11:27:49,2025-10-08 11:30:21,1,6,3,2025-10-08,B003
R008_up_T004,R008_up,S001,2025-10-08 11:31:20,2025-10-08 11:33:28,6,3,-2,2025-10-08,B003
R008_up_T004,R008_up,S057,2025-10-08 11:42:16,2025-10-08 11:43:26,6,3,0,2025-10-08,B003
R008_up_T004,R008_up,S018,2025-10-08 11:56:50,2025-10-08 11:59:49,4,6,8,2025-10-08,B003
R008_up_T004,R008_up,S030,2025-10-08 12:04:17,2025-10-08 12:05:51,6,3,7,2025-10-08,B003
R008_up_T004,R008_up,S022,2025-10-08 12:01:33,2025-10-08 12:03:29,5,0,-2,2025-10-08,B003
R008_up_T004,R008_up,S024,2025-10-08 12:10:57,2025-10-08 12:13:45,8,5,0,2025-10-08,B003
R008_up_T004,R008_up,S041,2025-10-08 12:22:08,2025-10-08 12:24:21,10,4,3,2025-10-08,B003
R008_up_T004,R008_up,S055,2025-10-08 12:31:17,2025-10-08 12:33:17,13,8,2,2025-10-08,B003
R008_up_T004,R008_up,S044,2025-10-08 12:41:12,2025-10-08 12:43:53,6,9,4,2025-10-08,B003
R008_up_T005,R008_up,S037,2025-10-08 11:11:00,2025-10-08 11:13:36,7,6,5,2025-10-08,B002
R008_up_T005,R008_up,S015,2025-10-08 11:19:26,2025-10-08 11:21:05,11,6,6,2025-10-08,B002
R008_up_T005,R008_up,S023,2025-10-08 11:25:05,2025-10-08 11:27:37,10,7,4,2025-10-08,B002
R008_up_T005,R008_up,S011,2025-10-08 11:30:36,2025-10-08 11:32:08,14,6,2,2025-10-08,B002
R008_up_T005,R008_up,S059,2025-10-08 11:40:21,2025-10-08 11:42:04,4,4,2,2025-10-08,B002
R008_up_T005,R008_up,S013,2025-10-08 11:46:58,2025-10-08 11:48:40,10,0,-2,2025-10-08,B002
R008_up_T005,R008_up,S049,2025-10-08 12:04:45,2025-10-08 12:06:00,7,9,8,2025-10-08,B002
R008_up_T005,R008_up,S056,2025-10-08 12:05:04,2025-10-08 12:07:23,13,11,0,2025-10-08,B002
R008_up_T005,R008_up,S008,2025-10-08 12:24:21,2025-10-08 12:25:22,9,8,8,2025-10-08,B002
R008_up_T005,R008_up,S002,2025-10-08 12:26:25,2025-10-08 12:28:39,6,1,3,2025-10-08,B002
R008_up_T005,R008_up,S001,2025-10-08 12:30:16,2025-10-08 12:32:31,8,5,0,2025-10-08,B002
R008_up_T005,R008_up,S057,2025-10-08 12:36:56,2025-10-08 12:39:38,3,3,-2,2025-10-08,B002
R008_up_T005,R008_up,S018,2025-10-08 12:46:27,2025-10-08 12:49:09,16,7,-1,2025-10-08,B002
R008_up_T005,R008_up,S030,2025-10-08 13:04:44,2025-10-08 13:07:24,11,5,8,2025-10-08,B002
R008_up_T005,R008_up,S022,2025-10-08 13:06:56,2025-10-08 13:08:51,5,7,2,2025-10-08,B002
R008_up_T005,R008_up,S024,2025-10-08 13:15:47,2025-10-08 13:17:52,6,6,3,2025-10-08,B002
R008_up_T005,R008_up,S041,2025-10-08 13:23:05,2025-10-08 13:24:44,7,1,3,2025-10-08,B002
R008_up_T005,R008_up,S055,2025-10-08 13:32:28,2025-10-08 13:34:23,6,4,3,2025-10-08,B002
R008_up_T005,R008_up,S044,2025-10-08 13:36:02,2025-10-08 13:37:49,10,11,-1,2025-10-08,B002
R008_up_T006,R008_up,S037,2025-10-08 12:40:00,2025-10-08 12:42:39,8,2,-1,2025-10-08,B002
R008_up_T006,R008_up,S015,2025-10-08 12:53:12,2025-10-08 12:54:17,9,9,6,2025-10-08,B002
R008_up_T006,R008_up,S023,2025-10-08 12:58:39,2025-10-08 13:01:34,4,8,6,2025-10-08,B002
R008_up_T006,R008_up,S011,2025-10-08 12:58:43,2025-10-08 13:00:50,4,6,-2,2025-10-08,B002
R008_up_T006,R008_up,S059,2025-10-08 13:16:20,2025-10-08 13:17:28,9,0,5,2025-10-08,B002
R008_up_T006,R008_up,S013,2025-10-08 13:28:03,2025-10-08 13:30:18,7,9,8,2025-10-08,B002
R008_up_T006,R008_up,S049,2025-10-08 13:26:15,2025-10-08 13:27:40,9,5,-2,2025-10-08,B002
R008_up_T006,R008_up,S056,2025-10-08 13:37:46,2025-10-08 13:39:39,2,7,1,2025-10-08,B002
R008_up_T006,R008_up,S008,2025-10-08 13:52:15,2025-10-08 13:54:06,13,5,4,2025-10-08,B002
R008_up_T006,R008_up,S002,2025-10-08 14:00:27,2025-10-08 14:02:50,7,8,3,2025-10-08,B002
R008_up_T006,R008_up,S001,2025-10-08 14:10:34,2025-10-08 14:11:57,3,4,6,2025-10-08,B002
R008_up_T006,R008_up,S057,2025-10-08 14:15:24,2025-10-08 14:16:25,7,3,4,2025-10-08,B002
R008_up_T006,R008_up,S018,2025-10-08 14:17:10,2025-10-08 14:18:48,10,4,-1,2025-10-08,B002
R008_up_T006,R008_up,S030,2025-10-08 14:32:41,2025-10-08 14:35:39,8,12,7,2025-10-08,B002
R008_up_T006,R008_up,S022,2025-10-08 14:41:52,2025-10-08 14:44:12,12,5,7,2025-10-08,B002
R008_up_T006,R008_up,S024,2025-10-08 14:45:24,2025-10-08 14:47:19,12,11,1,2025-10-08,B002
R008_up_T006,R008_up,S041,2025-10-08 14:55:54,2025-10-08 14:58:17,7,9,4,2025-10-08,B002
R008_up_T006,R008_up,S055,2025-10-08 15:02:57,2025-10-08 15:05:50,9,6,-1,2025-10-08,B002
R008_up_T006,R008_up,S044,2025-10-08 15:17:31,2025-10-08 15:20:19,10,5,5,2025-10-08,B002
R008_up_T007,R008_up,S037,2025-10-08 14:22:00,2025-10-08 14:24:48,7,0,1,2025-10-08,B005
R008_up_T007,R008_up,S015,2025-10-08 14:33:17,2025-10-08 14:35:44,6,6,6,2025-10-08,B005
R008_up_T007,R008_up,S023,2025-10-08 14:34:39,2025-10-08 14:35:44,11,5,0,2025-10-08,B005
R008_up_T007,R008_up,S011,2025-10-08 14:41:11,2025-10-08 14:42:27,11,5,1,2025-10-08,B005
R008_up_T007,R008_up,S059,2025-10-08 14:48:53,2025-10-08 14:50:28,11,7,1,2025-10-08,B005
R008_up_T007,R008_up,S013,2025-10-08 15:00:44,2025-10-08 15:03:14,11,4,4,2025-10-08,B005
R008_up_T007,R008_up,S049,2025-10-08 15:04:51,2025-10-08 15:05:54,4,7,-1,2025-10-08,B005
R008_up_T007,R008_up,S056,2025-10-08 15:11:16,2025-10-08 15:12:44,4,7,-1,2025-10-08,B005
R008_up_T007,R008_up,S008,2025-10-08 15:27:00,2025-10-08 15:28:40,11,4,5,2025-10-08,B005
R008_up_T007,R008_up,S002,2025-10-08 15:36:01,2025-10-08 15:37:53,9,8,4,2025-10-08,B005
R008_up_T007,R008_up,S001,2025-10-08 15:39:05,2025-10-08 15:40:56,2,8,-1,2025-10-08,B005
R008_up_T007,R008_up,S057,2025-10-08 15:50:07,2025-10-08 15:52:41,5,6,2,2025-10-08,B005
R008_up_T007,R008_up,S018,2025-10-08 16:01:36,2025-10-08 16:03:49,8,7,5,2025-10-08,B005
R008_up_T007,R008_up,S030,2025-10-08 16:09:00,2025-10-08 16:10:26,10,1,3,2025-10-08,B005
R008_up_T007,R008_up,S022,2025-10-08 16:16:47,2025-10-08 16:19:29,14,8,4,2025-10-08,B005
R008_up_T007,R008_up,S024,2025-10-08 16:19:23,2025-10-08 16:21:16,8,7,-2,2025-10-08,B005
R008_up_T007,R008_up,S041,2025-10-08 16:35:03,2025-10-08 16:36:18,8,8,5,2025-10-08,B005
R008_up_T007,R008_up,S055,2025-10-08 16:37:08,2025-10-08 16:38:23,2,4,-2,2025-10-08,B005
R008_up_T007,R008_up,S044,2025-10-08 16:55:11,2025-10-08 16:57:14,12,6,8,2025-10-08,B005
R008_up_T008,R008_up,S037,2025-10-08 16:43:00,2025-10-08 16:45:32,2,5,-2,2025-10-08,B017
R008_up_T008,R008_up,S015,2025-10-08 16:51:29,2025-10-08 16:52:32,11,2,-1,2025-10-08,B017
R008_up_T008,R008_up,S023,2025-10-08 17:03:59,2025-10-08 17:06:27,9,3,6,2025-10-08,B017
R008_up_T008,R008_up,S011,2025-10-08 17:10:22,2025-10-08 17:12:19,5,15,4,2025-10-08,B017
R008_up_T008,R008_up,S059,2025-10-08 17:21:16,2025-10-08 17:24:00,9,7,5,2025-10-08,B017
R008_up_T008,R008_up,S013,2025-10-08 17:32:11,2025-10-08 17:34:04,3,12,5,2025-10-08,B017
R008_up_T008,R008_up,S049,2025-10-08 17:43:58,2025-10-08 17:45:28,3,12,7,2025-10-08,B017
R008_up_T008,R008_up,S056,2025-10-08 17:44:57,2025-10-08 17:47:36,6,15,0,2025-10-08,B017
R008_up_T008,R008_up,S008,2025-10-08 18:05:09,2025-10-08 18:06:21,8,12,8,2025-10-08,B017
R008_up_T008,R008_up,S002,2025-10-08 18:09:32,2025-10-08 18:11:01,3,11,5,2025-10-08,B017
R008_up_T008,R008_up,S001,2025-10-08 18:20:03,2025-10-08 18:22:56,8,14,8,2025-10-08,B017
R008_up_T008,R008_up,S057,2025-10-08 18:20:25,2025-10-08 18:22:57,9,3,-2,2025-10-08,B017
R008_up_T008,R008_up,S018,2025-10-08 18:38:37,2025-10-08 18:40:27,9,20,7,2025-10-08,B017
R008_up_T008,R008_up,S030,2025-10-08 18:45:52,2025-10-08 18:47:12,3,13,5,2025-10-08,B017
R008_up_T008,R008_up,S022,2025-10-08 18:50:29,2025-10-08 18:52:28,2,20,3,2025-10-08,B017
R008_up_T008,R008_up,S024,2025-10-08 18:57:09,2025-10-08 18:59:06,6,10,1,2025-10-08,B017
R008_up_T008,R008_up,S041,2025-10-08 19:03:58,2025-10-08 19:06:13,0,6,-1,2025-10-08,B017
R008_up_T008,R008_up,S055,2025-10-08 19:21:58,2025-10-08 19:24:10,8,23,7,2025-10-08,B017
R008_up_T008,R008_up,S044,2025-10-08 19:25:03,2025-10-08 19:26:22,3,16,1,2025-10-08,B017
R008_up_T009,R008_up,S037,2025-10-08 17:38:00,2025-10-08 17:39:07,6,10,8,2025-10-08,B014
R008_up_T009,R008_up,S015,2025-10-08 17:42:54,2025-10-08 17:45:31,7,16,7,2025-10-08,B014
R008_up_T009,R008_up,S023,2025-10-08 17:49:28,2025-10-08 17:51:33,7,17,5,2025-10-08,B014
R008_up_T009,R008_up,S011,2025-10-08 17:57:02,2025-10-08 17:58:11,5,9,5,2025-10-08,B014
R008_up_T009,R008_up,S059,2025-10-08 18:04:41,2025-10-08 18:07:13,11,6,4,2025-10-08,B014
R008_up_T009,R008_up,S013,2025-10-08 18:11:05,2025-10-08 18:13:03,5,16,0,2025-10-08,B014
R008_up_T009,R008_up,S049,2025-10-08 18:20:15,2025-10-08 18:22:37,6,13,-1,2025-10-08,B014
R008_up_T009,R008_up,S056,2025-10-08 18:30:42,2025-10-08 18:33:40,6,13,0,2025-10-08,B014
R008_up_T009,R008_up,S008,2025-10-08 18:46:37,2025-10-08 18:48:09,3,7,6,2025-10-08,B014
R008_up_T009,R008_up,S002,2025-10-08 18:53:36,2025-10-08 18:56:12,4,12,4,2025-10-08,B014
R008_up_T009,R008_up,S001,2025-10-08 19:03:07,2025-10-08 19:05:43,8,16,5,2025-10-08,B014
R008_up_T009,R008_up,S057,2025-10-08 19:09:55,2025-10-08 19:12:34,4,13,2,2025-10-08,B014
R008_up_T009,R008_up,S018,2025-10-08 19:17:05,2025-10-08 19:19:24,9,9,1,2025-10-08,B014
R008_up_T009,R008_up,S030,2025-10-08 19:23:16,2025-10-08 19:24:33,0,7,-1,2025-10-08,B014
R008_up_T009,R008_up,S022,2025-10-08 19:31:02,2025-10-08 19:33:56,6,17,0,2025-10-08,B014
R008_up_T009,R008_up,S024,2025-10-08 19:44:56,2025-10-08 19:46:29,9,9,4,2025-10-08,B014
R008_up_T009,R008_up,S041,2025-10-08 19:54:42,2025-10-08 19:56:36,4,16,6,2025-10-08,B014
R008_up_T009,R008_up,S055,2025-10-08 20:00:42,2025-10-08 20:02:39,9,5,2,2025-10-08,B014
R008_up_T009,R008_up,S044,2025-10-08 20:15:19,2025-10-08 20:17:56,8,22,8,2025-10-08,B014
R008_up_T010,R008_up,S037,2025-10-08 19:27:00,2025-10-08 19:28:25,7,20,-2,2025-10-08,B022
R008_up_T010,R008_up,S015,2025-10-08 19:32:54,2025-10-08 19:35:11,1,17,-2,2025-10-08,B022
R008_up_T010,R008_up,S023,2025-10-08 19:50:04,2025-10-08 19:52:15,5,12,8,2025-10-08,B022
R008_up_T010,R008_up,S011,2025-10-08 19:48:49,2025-10-08 19:49:51,1,5,0,2025-10-08,B022
R008_up_T010,R008_up,S059,2025-10-08 20:03:03,2025-10-08 20:04:16,8,6,5,2025-10-08,B022
R008_up_T010,R008_up,S013,2025-10-08 20:16:48,2025-10-08 20:17:55,9,17,8,2025-10-08,B022
R008_up_T010,R008_up,S049,2025-10-08 20:22:35,2025-10-08 20:23:49,9,15,4,2025-10-08,B022
R008_up_T010,R008_up,S056,2025-10-08 20:24:44,2025-10-08 20:27:42,6,4,-2,2025-10-08,B022
R008_up_T010,R008_up,S008,2025-10-08 20:39:24,2025-10-08 20:42:22,8,11,2,2025-10-08,B022
R008_up_T010,R008_up,S002,2025-10-08 20:47:42,2025-10-08 20:49:37,7,15,1,2025-10-08,B022
R008_up_T010,R008_up,S001,2025-10-08 20:53:34,2025-10-08 20:55:53,6,16,0,2025-10-08,B022
R008_up_T010,R008_up,S057,2025-10-08 21:01:25,2025-10-08 21:04:19,5,13,0,2025-10-08,B022
R008_up_T010,R008_up,S018,2025-10-08 21:09:54,2025-10-08 21:11:42,10,14,-1,2025-10-08,B022
R008_up_T010,R008_up,S030,2025-10-08 21:18:37,2025-10-08 21:20:02,8,6,0,2025-10-08,B022
R008_up_T010,R008_up,S022,2025-10-08 21:24:25,2025-10-08 21:26:09,3,13,-1,2025-10-08,B022
R008_up_T010,R008_up,S024,2025-10-08 21:38:38,2025-10-08 21:40:20,2,15,5,2025-10-08,B022
R008_up_T010,R008_up,S041,2025-10-08 21:49:30,2025-10-08 21:50:30,0,11,7,2025-10-08,B022
R008_up_T010,R008_up,S055,2025-10-08 21:54:22,2025-10-08 21:57:00,4,12,4,2025-10-08,B022
R008_up_T010,R008_up,S044,2025-10-08 22:03:15,2025-10-08 22:04:22,5,16,3,2025-10-08,B022
R008_up_T011,R008_up,S037,2025-10-08 20:49:00,2025-10-08 20:51:47,4,16,0,2025-10-08,B010
R008_up_T011,R008_up,S015,2025-10-08 21:03:15,2025-10-08 21:05:46,11,16,8,2025-10-08,B010
R008_up_T011,R008_up,S023,2025-10-08 21:01:34,2025-10-08 21:02:52,6,10,-1,2025-10-08,B010
R008_up_T011,R008_up,S011,2025-10-08 21:11:21,2025-10-08 21:14:03,4,15,3,2025-10-08,B010
R008_up_T011,R008_up,S059,2025-10-08 21:22:25,2025-10-08 21:25:17,1,7,4,2025-10-08,B010
R008_up_T011,R008_up,S013,2025-10-08 21:33:24,2025-10-08 21:34:42,4,16,4,2025-10-08,B010
R008_up_T011,R008_up,S049,2025-10-08 21:38:10,2025-10-08 21:40:43,5,8,-1,2025-10-08,B010
R008_up_T011,R008_up,S056,2025-10-08 21:50:08,2025-10-08 21:51:37,2,7,1,2025-10-08,B010
R008_up_T011,R008_up,S008,2025-10-08 22:05:10,2025-10-08 22:06:34,6,17,6,2025-10-08,B010
R008_up_T011,R008_up,S002,2025-10-08 22:10:47,2025-10-08 22:12:56,5,13,4,2025-10-08,B010
R008_up_T011,R008_up,S001,2025-10-08 22:19:10,2025-10-08 22:21:08,3,13,4,2025-10-08,B010
R008_up_T011,R008_up,S057,2025-10-08 22:29:29,2025-10-08 22:31:44,5,8,7,2025-10-08,B010
R008_up_T011,R008_up,S018,2025-10-08 22:35:13,2025-10-08 22:36:54,9,11,4,2025-10-08,B010
R008_up_T011,R008_up,S030,2025-10-08 22:40:51,2025-10-08 22:41:58,6,11,1,2025-10-08,B010
R008_up_T011,R008_up,S022,2025-10-08 22:50:46,2025-10-08 22:53:07,5,15,5,2025-10-08,B010
R008_up_T011,R008_up,S024,2025-10-08 23:02:13,2025-10-08 23:03:57,5,9,7,2025-10-08,B010
R008_up_T011,R008_up,S041,2025-10-08 23:02:19,2025-10-08 23:04:56,5,9,0,2025-10-08,B010
R008_up_T011,R008_up,S055,2025-10-08 23:17:07,2025-10-08 23:18:19,1,5,3,2025-10-08,B010
R008_up_T011,R008_up,S044,2025-10-08 23:25:40,2025-10-08 23:26:45,10,2,3,2025-10-08,B010
R008_up_T012,R008_up,S037,2025-10-08 21:52:00,2025-10-08 21:54:12,5,8,3,2025-10-08,B005
R008_up_T012,R008_up,S015,2025-10-08 22:00:53,2025-10-08 22:03:45,5,19,5,2025-10-08,B005
R008_up_T012,R008_up,S023,2025-10-08 22:04:41,2025-10-08 22:06:15,8,11,0,2025-10-08,B005
R008_up_T012,R008_up,S011,2025-10-08 22:09:45,2025-10-08 22:11:09,4,15,-1,2025-10-08,B005
R008_up_T012,R008_up,S059,2025-10-08 22:19:39,2025-10-08 22:22:19,7,23,-1,2025-10-08,B005
R008_up_T012,R008_up,S013,2025-10-08 22:31:52,2025-10-08 22:34:13,2,14,-1,2025-10-08,B005
R008_up_T012,R008_up,S049,2025-10-08 22:51:25,2025-10-08 22:53:28,6,7,8,2025-10-08,B005
R008_up_T012,R008_up,S056,2025-10-08 22:57:21,2025-10-08 23:00:01,5,8,6,2025-10-08,B005
R008_up_T012,R008_up,S008,2025-10-08 23:11:59,2025-10-08 23:13:37,7,3,8,2025-10-08,B005
R008_up_T012,R008_up,S002,2025-10-08 23:15:13,2025-10-08 23:16:46,7,5,2,2025-10-08,B005
R008_up_T012,R008_up,S001,2025-10-08 23:23:42,2025-10-08 23:25:06,2,9,3,2025-10-08,B005
R008_up_T012,R008_up,S057,2025-10-08 23:26:55,2025-10-08 23:28:42,3,5,-2,2025-10-08,B005
R008_up_T012,R008_up,S018,2025-10-08 23:43:57,2025-10-08 23:45:41,4,5,7,2025-10-08,B005
R008_up_T012,R008_up,S030,2025-10-08 23:42:34,2025-10-08 23:44:18,3,6,-2,2025-10-08,B005
R008_up_T012,R008_up,S022,2025-10-08 23:56:01,2025-10-08 23:57:14,5,8,5,2025-10-08,B005
R008_up_T012,R008_up,S024,2025-10-09 00:01:32,2025-10-09 00:03:19,8,5,4,2025-10-08,B005
R008_up_T012,R008_up,S041,2025-10-09 00:14:14,2025-10-09 00:15:52,5,2,8,2025-10-08,B005
R008_up_T012,R008_up,S055,2025-10-09 00:22:56,2025-10-09 00:23:58,4,12,7,2025-10-08,B005
R008_up_T012,R008_up,S044,2025-10-09 00:27:09,2025-10-09 00:29:51,4,6,4,2025-10-08,B005
R008_up_T013,R008_up,S037,2025-10-08 22:39:00,2025-10-08 22:41:54,9,15,8,2025-10-08,B022
R008_up_T013,R008_up,S015,2025-10-08 22:41:02,2025-10-08 22:42:17,11,14,3,2025-10-08,B022
R008_up_T013,R008_up,S023,2025-10-08 22:45:15,2025-10-08 22:47:48,3,14,1,2025-10-08,B022
R008_up_T013,R008_up,S011,2025-10-08 22:57:18,2025-10-08 22:59:50,1,16,6,2025-10-08,B022
R008_up_T013,R008_up,S059,2025-10-08 23:04:59,2025-10-08 23:06:47,7,10,3,2025-10-08,B022
R008_up_T013,R008_up,S013,2025-10-08 23:19:12,2025-10-08 23:20:30,8,8,6,2025-10-08,B022
R008_up_T013,R008_up,S049,2025-10-08 23:22:29,2025-10-08 23:25:07,9,2,1,2025-10-08,B022
R008_up_T013,R008_up,S056,2025-10-08 23:36:53,2025-10-08 23:38:21,13,1,6,2025-10-08,B022
R008_up_T013,R008_up,S008,2025-10-08 23:40:07,2025-10-08 23:41:33,7,11,-2,2025-10-08,B022
R008_up_T013,R008_up,S002,2025-10-08 23:56:36,2025-10-08 23:59:18,8,1,7,2025-10-08,B022
R008_up_T013,R008_up,S001,2025-10-08 23:56:12,2025-10-08 23:57:27,2,5,-2,2025-10-08,B022
R008_up_T013,R008_up,S057,2025-10-09 00:10:41,2025-10-09 00:12:06,4,5,4,2025-10-08,B022
R008_up_T013,R008_up,S018,2025-10-09 00:18:41,2025-10-09 00:21:18,7,1,4,2025-10-08,B022
R008_up_T013,R008_up,S030,2025-10-09 00:26:01,2025-10-09 00:27:24,4,3,2,2025-10-08,B022
R008_up_T013,R008_up,S022,2025-10-09 00:31:42,2025-10-09 00:33:55,0,8,1,2025-10-08,B022
R008_up_T013,R008_up,S024,2025-10-09 00:45:50,2025-10-09 00:47:12,9,6,6,2025-10-08,B022
R008_up_T013,R008_up,S041,2025-10-09 00:54:35,2025-10-09 00:55:42,4,8,8,2025-10-08,B022
R008_up_T013,R008_up,S055,2025-10-09 00:54:29,2025-10-09 00:57:14,3,3,-2,2025-10-08,B022
R008_up_T013,R008_up,S044,2025-10-09 01:08:43,2025-10-09 01:10:31,7,3,4,2025-10-08,B022
R008_down_T001,R008_down,S044,2025-10-08 09:18:00,2025-10-08 09:19:39,6,9,8,2025-10-08,B017
R008_down_T001,R008_down,S055,2025-10-08 09:25:22,2025-10-08 09:27:13,8,20,5,2025-10-08,B017
R008_down_T001,R008_down,S041,2025-10-08 09:33:33,2025-10-08 09:36:21,6,12,3,2025-10-08,B017
R008_down_T001,R008_down,S024,2025-10-08 09:38:56,2025-10-08 09:40:02,2,13,-1,2025-10-08,B017
R008_down_T001,R008_down,S022,2025-10-08 09:52:03,2025-10-08 09:53:37,7,8,4,2025-10-08,B017
R008_down_T001,R008_down,S030,2025-10-08 09:59:25,2025-10-08 10:00:31,6,20,4,2025-10-08,B017
R008_down_T001,R008_down,S018,2025-10-08 09:59:56,2025-10-08 10:02:52,3,4,-1,2025-10-08,B017
R008_down_T001,R008_down,S057,2025-10-08 10:14:17,2025-10-08 10:15:46,11,25,7,2025-10-08,B017
R008_down_T001,R008_down,S001,2025-10-08 10:13:41,2025-10-08 10:15:10,9,18,-1,2025-10-08,B017
R008_down_T001,R008_down,S002,2025-10-08 10:19:25,2025-10-08 10:21:48,5,12,-2,2025-10-08,B017
R008_down_T001,R008_down,S008,2025-10-08 10:31:15,2025-10-08 10:32:45,10,22,1,2025-10-08,B017
R008_down_T001,R008_down,S056,2025-10-08 10:43:49,2025-10-08 10:45:31,2,9,4,2025-10-08,B017
R008_down_T001,R008_down,S049,2025-10-08 10:53:03,2025-10-08 10:55:38,14,22,3,2025-10-08,B017
R008_down_T001,R008_down,S013,2025-10-08 11:08:14,2025-10-08 11:10:23,9,0,7,2025-10-08,B017
R008_down_T001,R008_down,S059,2025-10-08 11:12:42,2025-10-08 11:14:51,8,4,2,2025-10-08,B017
R008_down_T001,R008_down,S011,2025-10-08 11:26:39,2025-10-08 11:29:14,6,4,7,2025-10-08,B017
R008_down_T001,R008_down,S023,2025-10-08 11:31:06,2025-10-08 11:32:38,3,7,5,2025-10-08,B017
R008_down_T001,R008_down,S015,2025-10-08 11:33:58,2025-10-08 11:36:48,7,9,1,2025-10-08,B017
R008_down_T001,R008_down,S037,2025-10-08 11:51:05,2025-10-08 11:52:09,10,9,7,2025-10-08,B017
R008_down_T002,R008_down,S044,2025-10-08 10:49:00,2025-10-08 10:51:51,4,15,6,2025-10-08,B016
R008_down_T002,R008_down,S055,2025-10-08 10:58:50,2025-10-08 11:01:01,3,17,5,2025-10-08,B016
R008_down_T002,R008_down,S041,2025-10-08 11:06:50,2025-10-08 11:09:28,10,11,2,2025-10-08,B016
R008_down_T002,R008_down,S024,2025-10-08 11:17:51,2025-10-08 11:19:45,5,8,2,2025-10-08,B016
R008_down_T002,R008_down,S022,2025-10-08 11:29:59,2025-10-08 11:32:11,8,6,6,2025-10-08,B016
R008_down_T002,R008_down,S030,2025-10-08 11:35:32,2025-10-08 11:37:32,7,11,2,2025-10-08,B016
R008_down_T002,R008_down,S018,2025-10-08 11:47:30,2025-10-08 11:50:01,7,3,7,2025-10-08,B016
R008_down_T002,R008_down,S057,2025-10-08 11:48:52,2025-10-08 11:51:34,8,14,2,2025-10-08,B016
R008_down_T002,R008_down,S001,2025-10-08 12:00:56,2025-10-08 12:03:07,4,0,6,2025-10-08,B016
R008_down_T002,R008_down,S002,2025-10-08 12:09:51,2025-10-08 12:11:07,6,6,7,2025-10-08,B016
R008_down_T002,R008_down,S008,2025-10-08 12:18:23,2025-10-08 12:19:58,4,5,8,2025-10-08,B016
R008_down_T002,R008_down,S056,2025-10-08 12:18:17,2025-10-08 12:20:34,11,0,0,2025-10-08,B016
R008_down_T002,R008_down,S049,2025-10-08 12:29:15,2025-10-08 12:32:04,7,10,-1,2025-10-08,B016
R008_down_T002,R008_down,S013,2025-10-08 12:43:58,2025-10-08 12:45:01,12,5,3,2025-10-08,B016
R008_down_T002,R008_down,S059,2025-10-08 12:47:46,2025-10-08 12:49:16,2,4,0,2025-10-08,B016
R008_down_T002,R008_down,S011,2025-10-08 12:57:51,2025-10-08 13:00:07,0,4,2,2025-10-08,B016
R008_down_T002,R008_down,S023,2025-10-08 13:04:13,2025-10-08 13:06:09,11,1,2,2025-10-08,B016
R008_down_T002,R008_down,S015,2025-10-08 13:14:48,2025-10-08 13:17:29,6,5,6,2025-10-08,B016
R008_down_T002,R008_down,S037,2025-10-08 13:24:06,2025-10-08 13:26:29,3,0,5,2025-10-08,B016
R008_down_T003,R008_down,S044,2025-10-08 12:15:00,2025-10-08 12:16:47,6,6,-2,2025-10-08,B024
R008_down_T003,R008_down,S055,2025-10-08 12:25:23,2025-10-08 12:28:21,9,3,-1,2025-10-08,B024
R008_down_T003,R008_down,S041,2025-10-08 12:40:21,2025-10-08 12:41:52,9,6,4,2025-10-08,B024
R008_down_T003,R008_down,S024,2025-10-08 12:44:35,2025-10-08 12:45:40,6,8,-2,2025-10-08,B024
R008_down_T003,R008_down,S022,2025-10-08 12:52:35,2025-10-08 12:54:43,3,7,-1,2025-10-08,B024
R008_down_T003,R008_down,S030,2025-10-08 13:10:37,2025-10-08 13:13:30,12,5,8,2025-10-08,B024
R008_down_T003,R008_down,S018,2025-10-08 13:11:16,2025-10-08 13:12:34,8,5,1,2025-10-08,B024
R008_down_T003,R008_down,S057,2025-10-08 13:24:19,2025-10-08 13:25:57,7,7,8,2025-10-08,B024
R008_down_T003,R008_down,S001,2025-10-08 13:24:16,2025-10-08 13:26:40,7,6,1,2025-10-08,B024
R008_down_T003,R008_down,S002,2025-10-08 13:39:53,2025-10-08 13:42:00,9,6,8,2025-10-08,B024
R008_down_T003,R008_down,S008,2025-10-08 13:42:48,2025-10-08 13:44:40,7,2,3,2025-10-08,B024
R008_down_T003,R008_down,S056,2025-10-08 13:52:01,2025-10-08 13:53:11,9,2,3,2025-10-08,B024
R008_down_T003,R008_down,S049,2025-10-08 13:59:10,2025-10-08 14:00:16,9,7,1,2025-10-08,B024
R008_down_T003,R008_down,S013,2025-10-08 14:09:53,2025-10-08 14:10:57,10,4,1,2025-10-08,B024
R008_down_T003,R008_down,S059,2025-10-08 14:16:25,2025-10-08 14:18:05,7,6,0,2025-10-08,B024
R008_down_T003,R008_down,S011,2025-10-08 14:22:58,2025-10-08 14:25:43,6,10,-2,2025-10-08,B024
R008_down_T003,R008_down,S023,2025-10-08 14:36:29,2025-10-08 14:38:49,5,4,5,2025-10-08,B024
R008_down_T003,R008_down,S015,2025-10-08 14:40:06,2025-10-08 14:41:54,10,4,2,2025-10-08,B024
R008_down_T003,R008_down,S037,2025-10-08 14:56:04,2025-10-08 14:59:00,10,5,8,2025-10-08,B024
R008_down_T004,R008_down,S044,2025-10-08 13:02:00,2025-10-08 13:04:19,7,7,4,2025-10-08,B025
R008_down_T004,R008_down,S055,2025-10-08 13:11:55,2025-10-08 13:13:31,9,5,4,2025-10-08,B025
R008_down_T004,R008_down,S041,2025-10-08 13:17:46,2025-10-08 13:20:42,7,6,1,2025-10-08,B025
R008_down_T004,R008_down,S024,2025-10-08 13:27:19,2025-10-08 13:28:42,6,9,0,2025-10-08,B025
R008_down_T004,R008_down,S022,2025-10-08 13:41:56,2025-10-08 13:43:40,11,7,8,2025-10-08,B025
R008_down_T004,R008_down,S030,2025-10-08 13:45:19,2025-10-08 13:47:13,6,12,3,2025-10-08,B025
R008_down_T004,R008_down,S018,2025-10-08 13:51:43,2025-10-08 13:53:33,6,5,4,2025-10-08,B025
R008_down_T004,R008_down,S057,2025-10-08 13:52:51,2025-10-08 13:55:36,8,6,-1,2025-10-08,B025
R008_down_T004,R008_down,S001,2025-10-08 14:01:06,2025-10-08 14:02:36,7,9,-1,2025-10-08,B025
R008_down_T004,R008_down,S002,2025-10-08 14:12:34,2025-10-08 14:14:23,7,5,2,2025-10-08,B025
R008_down_T004,R008_down,S008,2025-10-08 14:15:47,2025-10-08 14:17:20,8,8,-2,2025-10-08,B025
R008_down_T004,R008_down,S056,2025-10-08 14:32:27,2025-10-08 14:34:14,8,11,5,2025-10-08,B025
R008_down_T004,R008_down,S049,2025-10-08 14:38:52,2025-10-08 14:41:52,10,8,0,2025-10-08,B025
R008_down_T004,R008_down,S013,2025-10-08 14:56:15,2025-10-08 14:58:12,8,2,7,2025-10-08,B025
R008_down_T004,R008_down,S059,2025-10-08 15:03:41,2025-10-08 15:06:36,8,5,6,2025-10-08,B025
R008_down_T004,R008_down,S011,2025-10-08 15:13:00,2025-10-08 15:15:19,7,10,6,2025-10-08,B025
R008_down_T004,R008_down,S023,2025-10-08 15:21:52,2025-10-08 15:23:46,8,2,8,2025-10-08,B025
R008_down_T004,R008_down,S015,2025-10-08 15:24:26,2025-10-08 15:27:12,5,2,3,2025-10-08,B025
R008_down_T004,R008_down,S037,2025-10-08 15:37:06,2025-10-08 15:38:42,14,5,6,2025-10-08,B025
R008_down_T005,R008_down,S044,2025-10-08 15:40:00,2025-10-08 15:41:09,5,4,4,2025-10-08,B007
R008_down_T005,R008_down,S055,2025-10-08 15:46:06,2025-10-08 15:48:10,7,4,1,2025-10-08,B007
R008_down_T005,R008_down,S041,2025-10-08 15:53:24,2025-10-08 15:55:30,14,10,-1,2025-10-08,B007
R008_down_T005,R008_down,S024,2025-10-08 16:11:42,2025-10-08 16:14:24,6,2,8,2025-10-08,B007
R008_down_T005,R008_down,S022,2025-10-08 16:13:58,2025-10-08 16:15:57,6,3,1,2025-10-08,B007
R008_down_T005,R008_down,S030,2025-10-08 16:22:18,2025-10-08 16:24:22,2,7,1,2025-10-08,B007
R008_down_T005,R008_down,S018,2025-10-08 16:31:04,2025-10-08 16:33:26,9,10,4,2025-10-08,B007
R008_down_T005,R008_down,S057,2025-10-08 16:31:01,2025-10-08 16:32:06,11,8,-2,2025-10-08,B007
R008_down_T005,R008_down,S001,2025-10-08 16:48:21,2025-10-08 16:49:41,7,3,8,2025-10-08,B007
R008_down_T005,R008_down,S002,2025-10-08 16:55:41,2025-10-08 16:57:17,6,12,7,2025-10-08,B007
R008_down_T005,R008_down,S008,2025-10-08 17:00:28,2025-10-08 17:02:10,6,6,5,2025-10-08,B007
R008_down_T005,R008_down,S056,2025-10-08 17:01:37,2025-10-08 17:03:23,9,3,-2,2025-10-08,B007
R008_down_T005,R008_down,S049,2025-10-08 17:19:22,2025-10-08 17:21:02,12,2,6,2025-10-08,B007
R008_down_T005,R008_down,S013,2025-10-08 17:30:02,2025-10-08 17:32:17,16,5,8,2025-10-08,B007
R008_down_T005,R008_down,S059,2025-10-08 17:38:16,2025-10-08 17:40:15,24,3,7,2025-10-08,B007
R008_down_T005,R008_down,S011,2025-10-08 17:40:31,2025-10-08 17:42:53,18,7,2,2025-10-08,B007
R008_down_T005,R008_down,S023,2025-10-08 17:51:46,2025-10-08 17:53:48,12,3,6,2025-10-08,B007
R008_down_T005,R008_down,S015,2025-10-08 17:51:15,2025-10-08 17:53:58,15,0,-1,2025-10-08,B007
R008_down_T005,R008_down,S037,2025-10-08 18:06:14,2025-10-08 18:08:57,16,5,3,2025-10-08,B007
R008_down_T006,R008_down,S044,2025-10-08 17:25:00,2025-10-08 17:26:08,18,2,-2,2025-10-08,B025
R008_down_T006,R008_down,S055,2025-10-08 17:44:52,2025-10-08 17:46:46,16,3,8,2025-10-08,B025
R008_down_T006,R008_down,S041,2025-10-08 17:48:04,2025-10-08 17:49:28,10,5,1,2025-10-08,B025
R008_down_T006,R008_down,S024,2025-10-08 18:01:26,2025-10-08 18:04:22,16,8,7,2025-10-08,B025
R008_down_T006,R008_down,S022,2025-10-08 18:12:48,2025-10-08 18:14:24,7,6,8,2025-10-08,B025
R008_down_T006,R008_down,S030,2025-10-08 18:19:04,2025-10-08 18:20:10,14,8,6,2025-10-08,B025
R008_down_T006,R008_down,S018,2025-10-08 18:24:53,2025-10-08 18:26:04,11,7,6,2025-10-08,B025
R008_down_T006,R008_down,S057,2025-10-08 18:22:10,2025-10-08 18:25:09,21,5,-2,2025-10-08,B025
R008_down_T006,R008_down,S001,2025-10-08 18:39:24,2025-10-08 18:41:58,15,5,7,2025-10-08,B025
R008_down_T006,R008_down,S002,2025-10-08 18:48:28,2025-10-08 18:50:10,8,7,6,2025-10-08,B025
R008_down_T006,R008_down,S008,2025-10-08 18:48:33,2025-10-08 18:50:16,16,3,-2,2025-10-08,B025
R008_down_T006,R008_down,S056,2025-10-08 18:59:55,2025-10-08 19:00:58,23,3,1,2025-10-08,B025
R008_down_T006,R008_down,S049,2025-10-08 19:13:09,2025-10-08 19:14:10,11,7,5,2025-10-08,B025
R008_down_T006,R008_down,S013,2025-10-08 19:19:07,2025-10-08 19:21:18,20,4,2,2025-10-08,B025
R008_down_T006,R008_down,S059,2025-10-08 19:32:35,2025-10-08 19:35:10,9,10,8,2025-10-08,B025
R008_down_T006,R008_down,S011,2025-10-08 19:41:28,2025-10-08 19:43:47,12,6,7,2025-10-08,B025
R008_down_T006,R008_down,S023,2025-10-08 19:42:41,2025-10-08 19:44:18,3,0,1,2025-10-08,B025
R008_down_T006,R008_down,S015,2025-10-08 19:52:57,2025-10-08 19:53:58,11,5,5,2025-10-08,B025
R008_down_T006,R008_down,S037,2025-10-08 20:00:37,2025-10-08 20:03:04,10,3,5,2025-10-08,B025
R008_down_T007,R008_down,S044,2025-10-08 19:27:00,2025-10-08 19:29:51,17,7,4,2025-10-08,B005
R008_down_T007,R008_down,S055,2025-10-08 19:40:39,2025-10-08 19:43:10,19,8,8,2025-10-08,B005
R008_down_T007,R008_down,S041,2025-10-08 19:47:03,2025-10-08 19:48:24,24,7,3,2025-10-08,B005
R008_down_T007,R008_down,S024,2025-10-08 19:56:40,2025-10-08 19:57:56,22,7,4,2025-10-08,B005
R008_down_T007,R008_down,S022,2025-10-08 19:58:46,2025-10-08 20:00:26,12,7,-1,2025-10-08,B005
R008_down_T007,R008_down,S030,2025-10-08 20:07:38,2025-10-08 20:10:33,11,10,-1,2025-10-08,B005
R008_down_T007,R008_down,S018,2025-10-08 20:22:15,2025-10-08 20:25:05,11,10,7,2025-10-08,B005
R008_down_T007,R008_down,S057,2025-10-08 20:31:05,2025-10-08 20:33:36,16,2,8,2025-10-08,B005
R008_down_T007,R008_down,S001,2025-10-08 20:38:18,2025-10-08 20:40:34,18,3,8,2025-10-08,B005
R008_down_T007,R008_down,S002,2025-10-08 20:46:16,2025-10-08 20:47:35,4,9,7,2025-10-08,B005
R008_down_T007,R008_down,S008,2025-10-08 20:50:43,2025-10-08 20:52:59,16,3,5,2025-10-08,B005
R008_down_T007,R008_down,S056,2025-10-08 20:59:11,2025-10-08 21:02:00,18,11,3,2025-10-08,B005
R008_down_T007,R008_down,S049,2025-10-08 21:11:22,2025-10-08 21:12:42,7,2,5,2025-10-08,B005
R008_down_T007,R008_down,S013,2025-10-08 21:15:30,2025-10-08 21:16:42,17,4,1,2025-10-08,B005
R008_down_T007,R008_down,S059,2025-10-08 21:26:33,2025-10-08 21:28:07,20,3,4,2025-10-08,B005
R008_down_T007,R008_down,S011,2025-10-08 21:37:27,2025-10-08 21:39:36,16,6,7,2025-10-08,B005
R008_down_T007,R008_down,S023,2025-10-08 21:39:52,2025-10-08 21:42:31,15,4,3,2025-10-08,B005
R008_down_T007,R008_down,S015,2025-10-08 21:52:15,2025-10-08 21:53:15,9,0,7,2025-10-08,B005
R008_down_T007,R008_down,S037,2025-10-08 21:56:39,2025-10-08 21:59:01,13,1,2,2025-10-08,B005
R008_down_T008,R008_down,S044,2025-10-08 19:47:00,2025-10-08 19:49:22,10,7,3,2025-10-08,B004
R008_down_T008,R008_down,S055,2025-10-08 19:58:25,2025-10-08 20:00:49,6,5,6,2025-10-08,B004
R008_down_T008,R008_down,S041,2025-10-08 20:06:08,2025-10-08 20:08:05,5,6,3,2025-10-08,B004
R008_down_T008,R008_down,S024,2025-10-08 20:13:31,2025-10-08 20:15:37,21,8,1,2025-10-08,B004
R008_down_T008,R008_down,S022,2025-10-08 20:27:26,2025-10-08 20:28:37,16,1,6,2025-10-08,B004
R008_down_T008,R008_down,S030,2025-10-08 20:26:03,2025-10-08 20:27:56,22,6,-2,2025-10-08,B004
R008_down_T008,R008_down,S018,2025-10-08 20:41:33,2025-10-08 20:42:50,17,1,8,2025-10-08,B004
R008_down_T008,R008_down,S057,2025-10-08 20:47:19,2025-10-08 20:49:51,14,4,8,2025-10-08,B004
R008_down_T008,R008_down,S001,2025-10-08 20:49:10,2025-10-08 20:51:21,19,9,2,2025-10-08,B004
R008_down_T008,R008_down,S002,2025-10-08 20:52:43,2025-10-08 20:55:36,2,2,-2,2025-10-08,B004
R008_down_T008,R008_down,S008,2025-10-08 21:09:18,2025-10-08 21:10:30,15,5,5,2025-10-08,B004
R008_down_T008,R008_down,S056,2025-10-08 21:17:25,2025-10-08 21:18:37,16,8,5,2025-10-08,B004
R008_down_T008,R008_down,S049,2025-10-08 21:21:27,2025-10-08 21:23:38,14,4,-1,2025-10-08,B004
R008_down_T008,R008_down,S013,2025-10-08 21:39:08,2025-10-08 21:41:06,13,7,6,2025-10-08,B004
R008_down_T008,R008_down,S059,2025-10-08 21:41:29,2025-10-08 21:44:01,13,2,-1,2025-10-08,B004
R008_down_T008,R008_down,S011,2025-10-08 21:49:35,2025-10-08 21:51:22,12,5,-2,2025-10-08,B004
R008_down_T008,R008_down,S023,2025-10-08 22:05:37,2025-10-08 22:08:33,11,6,8,2025-10-08,B004
R008_down_T008,R008_down,S015,2025-10-08 22:12:25,2025-10-08 22:14:01,16,4,6,2025-10-08,B004
R008_down_T008,R008_down,S037,2025-10-08 22:12:36,2025-10-08 22:14:33,14,3,-2,2025-10-08,B004
R008_down_T009,R008_down,S044,2025-10-08 21:14:00,2025-10-08 21:15:17,21,3,0,2025-10-08,B009
R008_down_T009,R008_down,S055,2025-10-08 21:30:44,2025-10-08 21:33:36,6,9,7,2025-10-08,B009
R008_down_T009,R008_down,S041,2025-10-08 21:40:14,2025-10-08 21:42:47,22,11,4,2025-10-08,B009
R008_down_T009,R008_down,S024,2025-10-08 21:48:50,2025-10-08 21:51:02,15,7,3,2025-10-08,B009
R008_down_T009,R008_down,S022,2025-10-08 21:59:23,2025-10-08 22:01:59,7,5,4,2025-10-08,B009
R008_down_T009,R008_down,S030,2025-10-08 22:03:45,2025-10-08 22:05:20,9,4,-1,2025-10-08,B009
R008_down_T009,R008_down,S018,2025-10-08 22:17:53,2025-10-08 22:19:42,14,5,7,2025-10-08,B009
R008_down_T009,R008_down,S057,2025-10-08 22:20:19,2025-10-08 22:23:06,21,0,3,2025-10-08,B009
R008_down_T009,R008_down,S001,2025-10-08 22:26:48,2025-10-08 22:28:42,8,9,2,2025-10-08,B009
R008_down_T009,R008_down,S002,2025-10-08 22:34:06,2025-10-08 22:36:44,10,8,2,2025-10-08,B009
R008_down_T009,R008_down,S008,2025-10-08 22:38:40,2025-10-08 22:40:59,11,4,-2,2025-10-08,B009
R008_down_T009,R008_down,S056,2025-10-08 22:56:22,2025-10-08 22:58:55,15,7,7,2025-10-08,B009
R008_down_T009,R008_down,S049,2025-10-08 23:06:01,2025-10-08 23:08:46,1,6,6,2025-10-08,B009
R008_down_T009,R008_down,S013,2025-10-08 23:15:07,2025-10-08 23:17:22,10,7,5,2025-10-08,B009
R008_down_T009,R008_down,S059,2025-10-08 23:19:31,2025-10-08 23:21:55,10,1,2,2025-10-08,B009
R008_down_T009,R008_down,S011,2025-10-08 23:28:07,2025-10-08 23:31:04,6,7,3,2025-10-08,B009
R008_down_T009,R008_down,S023,2025-10-08 23:29:43,2025-10-08 23:32:04,6,5,-2,2025-10-08,B009
R008_down_T009,R008_down,S015,2025-10-08 23:40:51,2025-10-08 23:43:39,14,6,1,2025-10-08,B009
R008_down_T009,R008_down,S037,2025-10-08 23:54:49,2025-10-08 23:56:06,7,4,6,2025-10-08,B009
R008_down_T010,R008_down,S044,2025-10-08 22:16:00,2025-10-08 22:17:24,5,7,1,2025-10-08,B017
R008_down_T010,R008_down,S055,2025-10-08 22:31:17,2025-10-08 22:32:44,14,10,7,2025-10-08,B017
R008_down_T010,R008_down,S041,2025-10-08 22:35:07,2025-10-08 22:36:11,18,12,2,2025-10-08,B017
R008_down_T010,R008_down,S024,2025-10-08 22:39:50,2025-10-08 22:42:42,22,3,-2,2025-10-08,B017
R008_down_T010,R008_down,S022,2025-10-08 22:57:53,2025-10-08 22:59:27,10,5,7,2025-10-08,B017
R008_down_T010,R008_down,S030,2025-10-08 22:59:26,2025-10-08 23:00:52,16,7,0,2025-10-08,B017
R008_down_T010,R008_down,S018,2025-10-08 23:10:27,2025-10-08 23:11:47,8,7,5,2025-10-08,B017
R008_down_T010,R008_down,S057,2025-10-08 23:12:00,2025-10-08 23:14:16,10,10,1,2025-10-08,B017
R008_down_T010,R008_down,S001,2025-10-08 23:20:57,2025-10-08 23:22:37,8,4,2,2025-10-08,B017
R008_down_T010,R008_down,S002,2025-10-08 23:26:40,2025-10-08 23:28:22,4,10,-1,2025-10-08,B017
R008_down_T010,R008_down,S008,2025-10-08 23:38:17,2025-10-08 23:41:02,8,2,3,2025-10-08,B017
R008_down_T010,R008_down,S056,2025-10-08 23:43:34,2025-10-08 23:45:48,2,9,-1,2025-10-08,B017
R008_down_T010,R008_down,S049,2025-10-08 23:55:40,2025-10-08 23:57:17,7,8,-1,2025-10-08,B017
R008_down_T010,R008_down,S013,2025-10-09 00:04:25,2025-10-09 00:05:30,14,5,-1,2025-10-08,B017
R008_down_T010,R008_down,S059,2025-10-09 00:14:48,2025-10-09 00:17:26,12,1,1,2025-10-08,B017
R008_down_T010,R008_down,S011,2025-10-09 00:20:38,2025-10-09 00:22:30,10,2,-1,2025-10-08,B017
R008_down_T010,R008_down,S023,2025-10-09 00:30:43,2025-10-09 00:33:00,9,12,3,2025-10-08,B017
R008_down_T010,R008_down,S015,2025-10-09 00:33:28,2025-10-09 00:34:59,5,6,-2,2025-10-08,B017
R008_down_T010,R008_down,S037,2025-10-09 00:44:55,2025-10-09 00:47:19,0,5,1,2025-10-08,B017
