trip_id,route_id,stop_id,observed_arrival,observed_departure,boarding_in,boarding_out,delay_mins,date,assigned_bus_id
R001_up_T001,R001_up,S025,2025-10-08 05:44:00,2025-10-08 05:46:00,7,6,8,2025-10-08,B013
R001_up_T001,R001_up,S048,2025-10-08 05:50:00,2025-10-08 05:51:00,8,1,7,2025-10-08,B013
R001_up_T001,R001_up,S049,2025-10-08 05:51:00,2025-10-08 05:54:00,9,11,1,2025-10-08,B013
R001_up_T001,R001_up,S005,2025-10-08 06:07:00,2025-10-08 06:10:00,11,8,8,2025-10-08,B013
R001_up_T001,R001_up,S042,2025-10-08 06:04:00,2025-10-08 06:06:00,11,5,-2,2025-10-08,B013
R001_up_T001,R001_up,S038,2025-10-08 06:10:00,2025-10-08 06:12:00,13,0,-1,2025-10-08,B013
R001_up_T001,R001_up,S052,2025-10-08 06:16:00,2025-10-08 06:18:00,9,8,-2,2025-10-08,B013
R001_up_T001,R001_up,S045,2025-10-08 06:29:00,2025-10-08 06:32:00,10,1,4,2025-10-08,B013
R001_up_T001,R001_up,S029,2025-10-08 06:31:00,2025-10-08 06:32:00,6,8,0,2025-10-08,B013
R001_up_T001,R001_up,S040,2025-10-08 06:41:00,2025-10-08 06:42:00,10,2,3,2025-10-08,B013
R001_up_T001,R001_up,S036,2025-10-08 06:41:00,2025-10-08 06:43:00,10,4,-1,2025-10-08,B013
R001_up_T001,R001_up,S011,2025-10-08 06:50:00,2025-10-08 06:51:00,8,6,0,2025-10-08,B013
R001_up_T001,R001_up,S031,2025-10-08 07:02:00,2025-10-08 07:04:00,11,1,5,2025-10-08,B013
R001_up_T002,R001_up,S025,2025-10-08 06:53:00,2025-10-08 06:54:00,5,4,-2,2025-10-08,B016
R001_up_T002,R001_up,S048,2025-10-08 07:03:00,2025-10-08 07:06:00,20,8,1,2025-10-08,B016
R001_up_T002,R001_up,S049,2025-10-08 07:08:00,2025-10-08 07:10:00,15,7,-2,2025-10-08,B016
R001_up_T002,R001_up,S005,2025-10-08 07:19:00,2025-10-08 07:22:00,18,6,2,2025-10-08,B016
R001_up_T002,R001_up,S042,2025-10-08 07:24:00,2025-10-08 07:26:00,9,8,-2,2025-10-08,B016
R001_up_T002,R001_up,S038,2025-10-08 07:35:00,2025-10-08 07:36:00,8,10,4,2025-10-08,B016
R001_up_T002,R001_up,S052,2025-10-08 07:36:00,2025-10-08 07:37:00,20,4,0,2025-10-08,B016
R001_up_T002,R001_up,S045,2025-10-08 07:46:00,2025-10-08 07:47:00,19,6,3,2025-10-08,B016
R001_up_T002,R001_up,S029,2025-10-08 07:52:00,2025-10-08 07:53:00,12,3,2,2025-10-08,B016
R001_up_T002,R001_up,S040,2025-10-08 08:00:00,2025-10-08 08:03:00,22,6,3,2025-10-08,B016
R001_up_T002,R001_up,S036,2025-10-08 08:02:00,2025-10-08 08:04:00,23,2,-2,2025-10-08,B016
R001_up_T002,R001_up,S011,2025-10-08 08:18:00,2025-10-08 08:19:00,6,7,6,2025-10-08,B016
R001_up_T002,R001_up,S031,2025-10-08 08:21:00,2025-10-08 08:24:00,12,9,4,2025-10-08,B016
R001_up_T003,R001_up,S025,2025-10-08 07:54:00,2025-10-08 07:56:00,11,0,5,2025-10-08,B004
R001_up_T003,R001_up,S048,2025-10-08 08:00:00,2025-10-08 08:01:00,17,6,5,2025-10-08,B004
R001_up_T003,R001_up,S049,2025-10-08 07:58:00,2025-10-08 07:59:00,7,1,-2,2025-10-08,B004
R001_up_T003,R001_up,S005,2025-10-08 08:12:00,2025-10-08 08:13:00,17,6,6,2025-10-08,B004
R001_up_T003,R001_up,S042,2025-10-08 08:20:00,2025-10-08 08:22:00,25,0,7,2025-10-08,B004
R001_up_T003,R001_up,S038,2025-10-08 08:26:00,2025-10-08 08:28:00,12,4,5,2025-10-08,B004
R001_up_T003,R001_up,S052,2025-10-08 08:30:00,2025-10-08 08:32:00,7,5,3,2025-10-08,B004
R001_up_T003,R001_up,S045,2025-10-08 08:41:00,2025-10-08 08:44:00,18,7,8,2025-10-08,B004
R001_up_T003,R001_up,S029,2025-10-08 08:48:00,2025-10-08 08:49:00,9,2,7,2025-10-08,B004
R001_up_T003,R001_up,S040,2025-10-08 08:53:00,2025-10-08 08:56:00,14,10,7,2025-10-08,B004
R001_up_T003,R001_up,S036,2025-10-08 09:03:00,2025-10-08 09:06:00,19,4,8,2025-10-08,B004
R001_up_T003,R001_up,S011,2025-10-08 09:01:00,2025-10-08 09:04:00,12,3,0,2025-10-08,B004
R001_up_T003,R001_up,S031,2025-10-08 09:16:00,2025-10-08 09:18:00,16,7,6,2025-10-08,B004
R001_up_T004,R001_up,S025,2025-10-08 09:19:00,2025-10-08 09:22:00,12,10,-1,2025-10-08,B010
R001_up_T004,R001_up,S048,2025-10-08 09:35:00,2025-10-08 09:38:00,13,11,7,2025-10-08,B010
R001_up_T004,R001_up,S049,2025-10-08 09:34:00,2025-10-08 09:35:00,13,5,-1,2025-10-08,B010
R001_up_T004,R001_up,S005,2025-10-08 09:40:00,2025-10-08 09:42:00,8,7,1,2025-10-08,B010
R001_up_T004,R001_up,S042,2025-10-08 09:49:00,2025-10-08 09:51:00,23,6,2,2025-10-08,B010
R001_up_T004,R001_up,S038,2025-10-08 09:58:00,2025-10-08 10:00:00,3,10,3,2025-10-08,B010
R001_up_T004,R001_up,S052,2025-10-08 10:08:00,2025-10-08 10:09:00,11,5,6,2025-10-08,B010
R001_up_T004,R001_up,S045,2025-10-08 10:10:00,2025-10-08 10:11:00,14,12,2,2025-10-08,B010
R001_up_T004,R001_up,S029,2025-10-08 10:20:00,2025-10-08 10:21:00,12,7,7,2025-10-08,B010
R001_up_T004,R001_up,S040,2025-10-08 10:17:00,2025-10-08 10:20:00,15,4,0,2025-10-08,B010
R001_up_T004,R001_up,S036,2025-10-08 10:30:00,2025-10-08 10:32:00,10,3,4,2025-10-08,B010
R001_up_T004,R001_up,S011,2025-10-08 10:33:00,2025-10-08 10:34:00,15,3,-1,2025-10-08,B010
R001_up_T004,R001_up,S031,2025-10-08 10:40:00,2025-10-08 10:43:00,12,5,1,2025-10-08,B010
R001_up_T005,R001_up,S025,2025-10-08 10:45:00,2025-10-08 10:47:00,18,6,7,2025-10-08,B005
R001_up_T005,R001_up,S048,2025-10-08 10:41:00,2025-10-08 10:43:00,11,5,-2,2025-10-08,B005
R001_up_T005,R001_up,S049,2025-10-08 10:57:00,2025-10-08 11:00:00,18,1,6,2025-10-08,B005
R001_up_T005,R001_up,S005,2025-10-08 11:06:00,2025-10-08 11:09:00,7,0,6,2025-10-08,B005
R001_up_T005,R001_up,S042,2025-10-08 11:15:00,2025-10-08 11:18:00,10,3,8,2025-10-08,B005
R001_up_T005,R001_up,S038,2025-10-08 11:22:00,2025-10-08 11:25:00,1,11,7,2025-10-08,B005
R001_up_T005,R001_up,S052,2025-10-08 11:21:00,2025-10-08 11:23:00,11,5,0,2025-10-08,B005
R001_up_T005,R001_up,S045,2025-10-08 11:33:00,2025-10-08 11:36:00,8,5,7,2025-10-08,B005
R001_up_T005,R001_up,S029,2025-10-08 11:41:00,2025-10-08 11:43:00,10,6,6,2025-10-08,B005
R001_up_T005,R001_up,S040,2025-10-08 11:49:00,2025-10-08 11:50:00,10,2,8,2025-10-08,B005
R001_up_T005,R001_up,S036,2025-10-08 11:48:00,2025-10-08 11:49:00,8,4,1,2025-10-08,B005
R001_up_T005,R001_up,S011,2025-10-08 11:59:00,2025-10-08 12:02:00,10,6,7,2025-10-08,B005
R001_up_T005,R001_up,S031,2025-10-08 11:57:00,2025-10-08 11:59:00,9,6,-2,2025-10-08,B005
R001_up_T006,R001_up,S025,2025-10-08 11:24:00,2025-10-08 11:25:00,6,5,-2,2025-10-08,B006
R001_up_T006,R001_up,S048,2025-10-08 11:39:00,2025-10-08 11:40:00,10,6,6,2025-10-08,B006
R001_up_T006,R001_up,S049,2025-10-08 11:43:00,2025-10-08 11:46:00,12,11,4,2025-10-08,B006
R001_up_T006,R001_up,S005,2025-10-08 11:54:00,2025-10-08 11:56:00,7,5,8,2025-10-08,B006
R001_up_T006,R001_up,S042,2025-10-08 12:01:00,2025-10-08 12:04:00,7,8,8,2025-10-08,B006
R001_up_T006,R001_up,S038,2025-10-08 12:06:00,2025-10-08 12:07:00,13,9,4,2025-10-08,B006
R001_up_T006,R001_up,S052,2025-10-08 12:11:00,2025-10-08 12:13:00,2,5,5,2025-10-08,B006
R001_up_T006,R001_up,S045,2025-10-08 12:18:00,2025-10-08 12:21:00,5,10,4,2025-10-08,B006
R001_up_T006,R001_up,S029,2025-10-08 12:23:00,2025-10-08 12:26:00,6,10,2,2025-10-08,B006
R001_up_T006,R001_up,S040,2025-10-08 12:37:00,2025-10-08 12:39:00,4,3,8,2025-10-08,B006
R001_up_T006,R001_up,S036,2025-10-08 12:38:00,2025-10-08 12:39:00,3,6,3,2025-10-08,B006
R001_up_T006,R001_up,S011,2025-10-08 12:45:00,2025-10-08 12:46:00,6,6,5,2025-10-08,B006
R001_up_T006,R001_up,S031,2025-10-08 12:48:00,2025-10-08 12:50:00,11,8,2,2025-10-08,B006
R001_up_T007,R001_up,S025,2025-10-08 12:24:00,2025-10-08 12:26:00,6,9,8,2025-10-08,B021
R001_up_T007,R001_up,S048,2025-10-08 12:28:00,2025-10-08 12:31:00,13,7,5,2025-10-08,B021
R001_up_T007,R001_up,S049,2025-10-08 12:37:00,2025-10-08 12:38:00,5,3,8,2025-10-08,B021
R001_up_T007,R001_up,S005,2025-10-08 12:34:00,2025-10-08 12:37:00,9,9,1,2025-10-08,B021
R001_up_T007,R001_up,S042,2025-10-08 12:41:00,2025-10-08 12:42:00,4,7,0,2025-10-08,B021
R001_up_T007,R001_up,S038,2025-10-08 12:52:00,2025-10-08 12:54:00,6,1,4,2025-10-08,B021
R001_up_T007,R001_up,S052,2025-10-08 12:51:00,2025-10-08 12:52:00,10,4,-2,2025-10-08,B021
R001_up_T007,R001_up,S045,2025-10-08 13:01:00,2025-10-08 13:04:00,13,4,3,2025-10-08,B021
R001_up_T007,R001_up,S029,2025-10-08 13:08:00,2025-10-08 13:11:00,1,4,3,2025-10-08,B021
R001_up_T007,R001_up,S040,2025-10-08 13:17:00,2025-10-08 13:19:00,5,5,4,2025-10-08,B021
R001_up_T007,R001_up,S036,2025-10-08 13:25:00,2025-10-08 13:27:00,8,0,4,2025-10-08,B021
R001_up_T007,R001_up,S011,2025-10-08 13:30:00,2025-10-08 13:33:00,4,4,1,2025-10-08,B021
R001_up_T007,R001_up,S031,2025-10-08 13:38:00,2025-10-08 13:39:00,9,5,0,2025-10-08,B021
R001_up_T008,R001_up,S025,2025-10-08 13:11:00,2025-10-08 13:13:00,10,8,5,2025-10-08,B020
R001_up_T008,R001_up,S048,2025-10-08 13:17:00,2025-10-08 13:18:00,3,3,6,2025-10-08,B020
R001_up_T008,R001_up,S049,2025-10-08 13:19:00,2025-10-08 13:20:00,0,8,2,2025-10-08,B020
R001_up_T008,R001_up,S005,2025-10-08 13:26:00,2025-10-08 13:27:00,8,9,2,2025-10-08,B020
R001_up_T008,R001_up,S042,2025-10-08 13:30:00,2025-10-08 13:33:00,5,5,1,2025-10-08,B020
R001_up_T008,R001_up,S038,2025-10-08 13:44:00,2025-10-08 13:47:00,2,3,6,2025-10-08,B020
R001_up_T008,R001_up,S052,2025-10-08 13:48:00,2025-10-08 13:49:00,3,7,4,2025-10-08,B020
R001_up_T008,R001_up,S045,2025-10-08 13:56:00,2025-10-08 13:59:00,5,7,5,2025-10-08,B020
R001_up_T008,R001_up,S029,2025-10-08 14:04:00,2025-10-08 14:07:00,9,6,5,2025-10-08,B020
R001_up_T008,R001_up,S040,2025-10-08 14:09:00,2025-10-08 14:10:00,9,7,1,2025-10-08,B020
R001_up_T008,R001_up,S036,2025-10-08 14:15:00,2025-10-08 14:16:00,8,6,1,2025-10-08,B020
R001_up_T008,R001_up,S011,2025-10-08 14:22:00,2025-10-08 14:24:00,6,1,1,2025-10-08,B020
R001_up_T008,R001_up,S031,2025-10-08 14:29:00,2025-10-08 14:30:00,11,4,0,2025-10-08,B020
R001_up_T009,R001_up,S025,2025-10-08 14:04:00,2025-10-08 14:05:00,5,5,0,2025-10-08,B024
R001_up_T009,R001_up,S048,2025-10-08 14:14:00,2025-10-08 14:17:00,4,2,4,2025-10-08,B024
R001_up_T009,R001_up,S049,2025-10-08 14:23:00,2025-10-08 14:24:00,3,3,4,2025-10-08,B024
R001_up_T009,R001_up,S005,2025-10-08 14:31:00,2025-10-08 14:33:00,4,5,6,2025-10-08,B024
R001_up_T009,R001_up,S042,2025-10-08 14:37:00,2025-10-08 14:40:00,0,4,4,2025-10-08,B024
R001_up_T009,R001_up,S038,2025-10-08 14:39:00,2025-10-08 14:40:00,10,4,-1,2025-10-08,B024
R001_up_T009,R001_up,S052,2025-10-08 14:53:00,2025-10-08 14:55:00,8,2,6,2025-10-08,B024
R001_up_T009,R001_up,S045,2025-10-08 14:54:00,2025-10-08 14:56:00,9,6,2,2025-10-08,B024
R001_up_T009,R001_up,S029,2025-10-08 14:56:00,2025-10-08 14:59:00,3,7,-2,2025-10-08,B024
R001_up_T009,R001_up,S040,2025-10-08 15:10:00,2025-10-08 15:13:00,5,5,6,2025-10-08,B024
R001_up_T009,R001_up,S036,2025-10-08 15:13:00,2025-10-08 15:16:00,11,6,0,2025-10-08,B024
R001_up_T009,R001_up,S011,2025-10-08 15:19:00,2025-10-08 15:21:00,11,2,0,2025-10-08,B024
R001_up_T009,R001_up,S031,2025-10-08 15:25:00,2025-10-08 15:26:00,10,11,1,2025-10-08,B024
R001_up_T010,R001_up,S025,2025-10-08 14:57:00,2025-10-08 15:00:00,6,10,1,2025-10-08,B014
R001_up_T010,R001_up,S048,2025-10-08 15:06:00,2025-10-08 15:09:00,5,3,4,2025-10-08,B014
R001_up_T010,R001_up,S049,2025-10-08 15:16:00,2025-10-08 15:19:00,15,7,6,2025-10-08,B014
R001_up_T010,R001_up,S005,2025-10-08 15:23:00,2025-10-08 15:26:00,7,3,5,2025-10-08,B014
R001_up_T010,R001_up,S042,2025-10-08 15:28:00,2025-10-08 15:30:00,12,0,2,2025-10-08,B014
R001_up_T010,R001_up,S038,2025-10-08 15:36:00,2025-10-08 15:39:00,9,2,4,2025-10-08,B014
R001_up_T010,R001_up,S052,2025-10-08 15:41:00,2025-10-08 15:42:00,8,9,1,2025-10-08,B014
R001_up_T010,R001_up,S045,2025-10-08 15:49:00,2025-10-08 15:52:00,6,7,4,2025-10-08,B014
R001_up_T010,R001_up,S029,2025-10-08 15:57:00,2025-10-08 15:58:00,14,5,4,2025-10-08,B014
R001_up_T010,R001_up,S040,2025-10-08 16:01:00,2025-10-08 16:04:00,3,3,3,2025-10-08,B014
R001_up_T010,R001_up,S036,2025-10-08 16:10:00,2025-10-08 16:13:00,9,5,6,2025-10-08,B014
R001_up_T010,R001_up,S011,2025-10-08 16:11:00,2025-10-08 16:13:00,6,3,-1,2025-10-08,B014
R001_up_T010,R001_up,S031,2025-10-08 16:16:00,2025-10-08 16:19:00,11,7,-1,2025-10-08,B014
R001_up_T011,R001_up,S025,2025-10-08 15:42:00,2025-10-08 15:44:00,8,0,7,2025-10-08,B007
R001_up_T011,R001_up,S048,2025-10-08 15:46:00,2025-10-08 15:48:00,7,12,5,2025-10-08,B007
R001_up_T011,R001_up,S049,2025-10-08 15:56:00,2025-10-08 15:58:00,4,7,8,2025-10-08,B007
R001_up_T011,R001_up,S005,2025-10-08 15:55:00,2025-10-08 15:56:00,4,8,1,2025-10-08,B007
R001_up_T011,R001_up,S042,2025-10-08 16:04:00,2025-10-08 16:05:00,5,9,4,2025-10-08,B007
R001_up_T011,R001_up,S038,2025-10-08 16:14:00,2025-10-08 16:16:00,8,5,7,2025-10-08,B007
R001_up_T011,R001_up,S052,2025-10-08 16:18:00,2025-10-08 16:19:00,11,5,6,2025-10-08,B007
R001_up_T011,R001_up,S045,2025-10-08 16:20:00,2025-10-08 16:21:00,10,5,2,2025-10-08,B007
R001_up_T011,R001_up,S029,2025-10-08 16:28:00,2025-10-08 16:31:00,8,14,5,2025-10-08,B007
R001_up_T011,R001_up,S040,2025-10-08 16:34:00,2025-10-08 16:36:00,9,9,4,2025-10-08,B007
R001_up_T011,R001_up,S036,2025-10-08 16:37:00,2025-10-08 16:40:00,9,2,-1,2025-10-08,B007
R001_up_T011,R001_up,S011,2025-10-08 16:46:00,2025-10-08 16:48:00,9,9,1,2025-10-08,B007
R001_up_T011,R001_up,S031,2025-10-08 16:58:00,2025-10-08 16:59:00,9,5,5,2025-10-08,B007
R001_up_T012,R001_up,S025,2025-10-08 16:38:00,2025-10-08 16:39:00,6,3,8,2025-10-08,B022
R001_up_T012,R001_up,S048,2025-10-08 16:40:00,2025-10-08 16:42:00,7,6,5,2025-10-08,B022
R001_up_T012,R001_up,S049,2025-10-08 16:39:00,2025-10-08 16:40:00,6,6,-1,2025-10-08,B022
R001_up_T012,R001_up,S005,2025-10-08 16:51:00,2025-10-08 16:54:00,6,9,4,2025-10-08,B022
R001_up_T012,R001_up,S042,2025-10-08 16:53:00,2025-10-08 16:55:00,1,4,-2,2025-10-08,B022
R001_up_T012,R001_up,S038,2025-10-08 17:08:00,2025-10-08 17:09:00,7,20,8,2025-10-08,B022
R001_up_T012,R001_up,S052,2025-10-08 17:05:00,2025-10-08 17:06:00,5,16,-1,2025-10-08,B022
R001_up_T012,R001_up,S045,2025-10-08 17:14:00,2025-10-08 17:15:00,9,10,2,2025-10-08,B022
R001_up_T012,R001_up,S029,2025-10-08 17:15:00,2025-10-08 17:16:00,6,16,-1,2025-10-08,B022
R001_up_T012,R001_up,S040,2025-10-08 17:20:00,2025-10-08 17:23:00,5,17,0,2025-10-08,B022
R001_up_T012,R001_up,S036,2025-10-08 17:31:00,2025-10-08 17:32:00,6,17,4,2025-10-08,B022
R001_up_T012,R001_up,S011,2025-10-08 17:38:00,2025-10-08 17:40:00,5,25,5,2025-10-08,B022
R001_up_T012,R001_up,S031,2025-10-08 17:37:00,2025-10-08 17:40:00,4,19,-2,2025-10-08,B022
R001_up_T013,R001_up,S025,2025-10-08 18:30:00,2025-10-08 18:31:00,9,18,6,2025-10-08,B003
R001_up_T013,R001_up,S048,2025-10-08 18:39:00,2025-10-08 18:42:00,1,9,8,2025-10-08,B003
R001_up_T013,R001_up,S049,2025-10-08 18:37:00,2025-10-08 18:38:00,8,13,-1,2025-10-08,B003
R001_up_T013,R001_up,S005,2025-10-08 18:51:00,2025-10-08 18:53:00,4,18,8,2025-10-08,B003
R001_up_T013,R001_up,S042,2025-10-08 18:52:00,2025-10-08 18:55:00,4,8,1,2025-10-08,B003
R001_up_T013,R001_up,S038,2025-10-08 19:02:00,2025-10-08 19:04:00,4,10,3,2025-10-08,B003
R001_up_T013,R001_up,S052,2025-10-08 19:12:00,2025-10-08 19:15:00,8,21,8,2025-10-08,B003
R001_up_T013,R001_up,S045,2025-10-08 19:12:00,2025-10-08 19:15:00,9,19,1,2025-10-08,B003
R001_up_T013,R001_up,S029,2025-10-08 19:21:00,2025-10-08 19:23:00,4,6,3,2025-10-08,B003
R001_up_T013,R001_up,S040,2025-10-08 19:30:00,2025-10-08 19:31:00,8,5,5,2025-10-08,B003
R001_up_T013,R001_up,S036,2025-10-08 19:38:00,2025-10-08 19:41:00,10,3,6,2025-10-08,B003
R001_up_T013,R001_up,S011,2025-10-08 19:40:00,2025-10-08 19:41:00,4,9,2,2025-10-08,B003
R001_up_T013,R001_up,S031,2025-10-08 19:47:00,2025-10-08 19:50:00,0,11,5,2025-10-08,B003
R001_up_T014,R001_up,S025,2025-10-08 19:31:00,2025-10-08 19:32:00,3,13,4,2025-10-08,B003
R001_up_T014,R001_up,S048,2025-10-08 19:30:00,2025-10-08 19:33:00,10,8,-2,2025-10-08,B003
R001_up_T014,R001_up,S049,2025-10-08 19:41:00,2025-10-08 19:43:00,3,14,0,2025-10-08,B003
R001_up_T014,R001_up,S005,2025-10-08 19:51:00,2025-10-08 19:52:00,7,15,4,2025-10-08,B003
R001_up_T014,R001_up,S042,2025-10-08 19:57:00,2025-10-08 20:00:00,2,18,6,2025-10-08,B003
R001_up_T014,R001_up,S038,2025-10-08 19:57:00,2025-10-08 20:00:00,5,4,-2,2025-10-08,B003
R001_up_T014,R001_up,S052,2025-10-08 20:05:00,2025-10-08 20:07:00,3,14,0,2025-10-08,B003
R001_up_T014,R001_up,S045,2025-10-08 20:09:00,2025-10-08 20:11:00,5,10,-1,2025-10-08,B003
R001_up_T014,R001_up,S029,2025-10-08 20:22:00,2025-10-08 20:24:00,6,11,7,2025-10-08,B003
R001_up_T014,R001_up,S040,2025-10-08 20:25:00,2025-10-08 20:27:00,4,12,3,2025-10-08,B003
R001_up_T014,R001_up,S036,2025-10-08 20:29:00,2025-10-08 20:30:00,4,10,0,2025-10-08,B003
R001_up_T014,R001_up,S011,2025-10-08 20:36:00,2025-10-08 20:37:00,7,18,2,2025-10-08,B003
R001_up_T014,R001_up,S031,2025-10-08 20:43:00,2025-10-08 20:44:00,1,4,2,2025-10-08,B003
R001_up_T015,R001_up,S025,2025-10-08 20:10:00,2025-10-08 20:13:00,7,22,1,2025-10-08,B017
R001_up_T015,R001_up,S048,2025-10-08 20:18:00,2025-10-08 20:21:00,4,10,3,2025-10-08,B017
R001_up_T015,R001_up,S049,2025-10-08 20:29:00,2025-10-08 20:31:00,7,16,7,2025-10-08,B017
R001_up_T015,R001_up,S005,2025-10-08 20:32:00,2025-10-08 20:35:00,5,16,2,2025-10-08,B017
R001_up_T015,R001_up,S042,2025-10-08 20:37:00,2025-10-08 20:40:00,0,9,0,2025-10-08,B017
R001_up_T015,R001_up,S038,2025-10-08 20:50:00,2025-10-08 20:51:00,6,12,7,2025-10-08,B017
R001_up_T015,R001_up,S052,2025-10-08 20:54:00,2025-10-08 20:55:00,1,10,6,2025-10-08,B017
R001_up_T015,R001_up,S045,2025-10-08 20:52:00,2025-10-08 20:54:00,7,12,-1,2025-10-08,B017
R001_up_T015,R001_up,S029,2025-10-08 21:00:00,2025-10-08 21:03:00,8,22,-1,2025-10-08,B017
R001_up_T015,R001_up,S040,2025-10-08 21:13:00,2025-10-08 21:14:00,4,11,4,2025-10-08,B017
R001_up_T015,R001_up,S036,2025-10-08 21:14:00,2025-10-08 21:16:00,0,12,1,2025-10-08,B017
R001_up_T015,R001_up,S011,2025-10-08 21:20:00,2025-10-08 21:23:00,6,20,-1,2025-10-08,B017
R001_up_T015,R001_up,S031,2025-10-08 21:30:00,2025-10-08 21:32:00,4,16,2,2025-10-08,B017
R001_up_T016,R001_up,S025,2025-10-08 20:51:00,2025-10-08 20:53:00,7,16,0,2025-10-08,B007
R001_up_T016,R001_up,S048,2025-10-08 20:57:00,2025-10-08 20:58:00,8,8,-2,2025-10-08,B007
R001_up_T016,R001_up,S049,2025-10-08 21:07:00,2025-10-08 21:08:00,4,9,1,2025-10-08,B007
R001_up_T016,R001_up,S005,2025-10-08 21:11:00,2025-10-08 21:13:00,5,8,-1,2025-10-08,B007
R001_up_T016,R001_up,S042,2025-10-08 21:24:00,2025-10-08 21:27:00,11,12,7,2025-10-08,B007
R001_up_T016,R001_up,S038,2025-10-08 21:23:00,2025-10-08 21:25:00,2,21,-1,2025-10-08,B007
R001_up_T016,R001_up,S052,2025-10-08 21:32:00,2025-10-08 21:33:00,7,14,2,2025-10-08,B007
R001_up_T016,R001_up,S045,2025-10-08 21:41:00,2025-10-08 21:42:00,2,13,4,2025-10-08,B007
R001_up_T016,R001_up,S029,2025-10-08 21:45:00,2025-10-08 21:47:00,6,15,2,2025-10-08,B007
R001_up_T016,R001_up,S040,2025-10-08 21:48:00,2025-10-08 21:50:00,9,13,0,2025-10-08,B007
R001_up_T016,R001_up,S036,2025-10-08 21:57:00,2025-10-08 21:59:00,10,27,4,2025-10-08,B007
R001_up_T016,R001_up,S011,2025-10-08 22:03:00,2025-10-08 22:06:00,7,17,4,2025-10-08,B007
R001_up_T016,R001_up,S031,2025-10-08 22:14:00,2025-10-08 22:15:00,5,20,7,2025-10-08,B007
R001_up_T017,R001_up,S025,2025-10-08 21:16:00,2025-10-08 21:17:00,10,22,2,2025-10-08,B024
R001_up_T017,R001_up,S048,2025-10-08 21:18:00,2025-10-08 21:19:00,7,10,-1,2025-10-08,B024
R001_up_T017,R001_up,S049,2025-10-08 21:30:00,2025-10-08 21:32:00,3,20,7,2025-10-08,B024
R001_up_T017,R001_up,S005,2025-10-08 21:32:00,2025-10-08 21:33:00,11,9,4,2025-10-08,B024
R001_up_T017,R001_up,S042,2025-10-08 21:34:00,2025-10-08 21:35:00,4,14,1,2025-10-08,B024
R001_up_T017,R001_up,S038,2025-10-08 21:42:00,2025-10-08 21:44:00,6,19,2,2025-10-08,B024
R001_up_T017,R001_up,S052,2025-10-08 21:51:00,2025-10-08 21:53:00,3,14,5,2025-10-08,B024
R001_up_T017,R001_up,S045,2025-10-08 21:56:00,2025-10-08 21:57:00,2,10,5,2025-10-08,B024
R001_up_T017,R001_up,S029,2025-10-08 22:03:00,2025-10-08 22:06:00,5,11,7,2025-10-08,B024
R001_up_T017,R001_up,S040,2025-10-08 22:05:00,2025-10-08 22:07:00,4,15,2,2025-10-08,B024
R001_up_T017,R001_up,S036,2025-10-08 22:09:00,2025-10-08 22:12:00,3,14,1,2025-10-08,B024
R001_up_T017,R001_up,S011,2025-10-08 22:24:00,2025-10-08 22:27:00,6,12,7,2025-10-08,B024
R001_up_T017,R001_up,S031,2025-10-08 22:31:00,2025-10-08 22:32:00,2,3,8,2025-10-08,B024
R001_up_T018,R001_up,S025,2025-10-08 21:41:00,2025-10-08 21:43:00,3,11,7,2025-10-08,B007
R001_up_T018,R001_up,S048,2025-10-08 21:44:00,2025-10-08 21:46:00,5,19,3,2025-10-08,B007
R001_up_T018,R001_up,S049,2025-10-08 21:51:00,2025-10-08 21:52:00,5,9,4,2025-10-08,B007
R001_up_T018,R001_up,S005,2025-10-08 22:00:00,2025-10-08 22:01:00,0,17,8,2025-10-08,B007
R001_up_T018,R001_up,S042,2025-10-08 21:58:00,2025-10-08 22:01:00,5,26,2,2025-10-08,B007
R001_up_T018,R001_up,S038,2025-10-08 22:03:00,2025-10-08 22:06:00,8,15,-1,2025-10-08,B007
R001_up_T018,R001_up,S052,2025-10-08 22:16:00,2025-10-08 22:19:00,9,21,5,2025-10-08,B007
R001_up_T018,R001_up,S045,2025-10-08 22:24:00,2025-10-08 22:25:00,6,10,4,2025-10-08,B007
R001_up_T018,R001_up,S029,2025-10-08 22:25:00,2025-10-08 22:26:00,4,13,1,2025-10-08,B007
R001_up_T018,R001_up,S040,2025-10-08 22:29:00,2025-10-08 22:32:00,5,14,1,2025-10-08,B007
R001_up_T018,R001_up,S036,2025-10-08 22:39:00,2025-10-08 22:41:00,8,15,5,2025-10-08,B007
R001_up_T018,R001_up,S011,2025-10-08 22:43:00,2025-10-08 22:44:00,4,8,1,2025-10-08,B007
R001_up_T018,R001_up,S031,2025-10-08 22:48:00,2025-10-08 22:49:00,5,14,2,2025-10-08,B007
R001_up_T019,R001_up,S025,2025-10-08 21:56:00,2025-10-08 21:59:00,11,16,7,2025-10-08,B012
R001_up_T019,R001_up,S048,2025-10-08 22:03:00,2025-10-08 22:05:00,3,11,6,2025-10-08,B012
R001_up_T019,R001_up,S049,2025-10-08 22:05:00,2025-10-08 22:06:00,8,19,3,2025-10-08,B012
R001_up_T019,R001_up,S005,2025-10-08 22:09:00,2025-10-08 22:10:00,4,13,2,2025-10-08,B012
R001_up_T019,R001_up,S042,2025-10-08 22:13:00,2025-10-08 22:14:00,5,25,1,2025-10-08,B012
R001_up_T019,R001_up,S038,2025-10-08 22:20:00,2025-10-08 22:22:00,7,11,3,2025-10-08,B012
R001_up_T019,R001_up,S052,2025-10-08 22:27:00,2025-10-08 22:28:00,5,16,3,2025-10-08,B012
R001_up_T019,R001_up,S045,2025-10-08 22:33:00,2025-10-08 22:34:00,7,15,2,2025-10-08,B012
R001_up_T019,R001_up,S029,2025-10-08 22:37:00,2025-10-08 22:38:00,5,22,0,2025-10-08,B012
R001_up_T019,R001_up,S040,2025-10-08 22:41:00,2025-10-08 22:44:00,7,14,-1,2025-10-08,B012
R001_up_T019,R001_up,S036,2025-10-08 22:46:00,2025-10-08 22:49:00,6,13,-2,2025-10-08,B012
R001_up_T019,R001_up,S011,2025-10-08 23:03:00,2025-10-08 23:05:00,4,12,6,2025-10-08,B012
R001_up_T019,R001_up,S031,2025-10-08 23:09:00,2025-10-08 23:11:00,10,6,4,2025-10-08,B012
R001_up_T020,R001_up,S025,2025-10-08 22:06:00,2025-10-08 22:08:00,5,6,3,2025-10-08,B008
R001_up_T020,R001_up,S048,2025-10-08 22:06:00,2025-10-08 22:09:00,8,12,-2,2025-10-08,B008
R001_up_T020,R001_up,S049,2025-10-08 22:22:00,2025-10-08 22:25:00,7,13,6,2025-10-08,B008
R001_up_T020,R001_up,S005,2025-10-08 22:25:00,2025-10-08 22:27:00,4,24,1,2025-10-08,B008
R001_up_T020,R001_up,S042,2025-10-08 22:32:00,2025-10-08 22:35:00,11,9,2,2025-10-08,B008
R001_up_T020,R001_up,S038,2025-10-08 22:36:00,2025-10-08 22:39:00,6,14,-2,2025-10-08,B008
R001_up_T020,R001_up,S052,2025-10-08 22:42:00,2025-10-08 22:44:00,5,19,-2,2025-10-08,B008
R001_up_T020,R001_up,S045,2025-10-08 22:59:00,2025-10-08 23:02:00,9,12,7,2025-10-08,B008
R001_up_T020,R001_up,S029,2025-10-08 22:58:00,2025-10-08 23:01:00,8,22,0,2025-10-08,B008
R001_up_T020,R001_up,S040,2025-10-08 23:04:00,2025-10-08 23:07:00,6,13,-2,2025-10-08,B008
R001_up_T020,R001_up,S036,2025-10-08 23:13:00,2025-10-08 23:15:00,8,3,0,2025-10-08,B008
R001_up_T020,R001_up,S011,2025-10-08 23:17:00,2025-10-08 23:20:00,6,8,-1,2025-10-08,B008
R001_up_T020,R001_up,S031,2025-10-08 23:32:00,2025-10-08 23:33:00,7,13,6,2025-10-08,B008
R001_up_T021,R001_up,S025,2025-10-08 22:18:00,2025-10-08 22:21:00,9,14,-1,2025-10-08,B021
R001_up_T021,R001_up,S048,2025-10-08 22:23:00,2025-10-08 22:26:00,4,25,-2,2025-10-08,B021
R001_up_T021,R001_up,S049,2025-10-08 22:38:00,2025-10-08 22:39:00,1,6,4,2025-10-08,B021
R001_up_T021,R001_up,S005,2025-10-08 22:45:00,2025-10-08 22:46:00,3,20,6,2025-10-08,B021
R001_up_T021,R001_up,S042,2025-10-08 22:43:00,2025-10-08 22:45:00,13,16,0,2025-10-08,B021
R001_up_T021,R001_up,S038,2025-10-08 22:56:00,2025-10-08 22:58:00,5,16,7,2025-10-08,B021
R001_up_T021,R001_up,S052,2025-10-08 22:54:00,2025-10-08 22:56:00,7,15,-1,2025-10-08,B021
R001_up_T021,R001_up,S045,2025-10-08 23:07:00,2025-10-08 23:09:00,6,4,4,2025-10-08,B021
R001_up_T021,R001_up,S029,2025-10-08 23:06:00,2025-10-08 23:09:00,6,4,-2,2025-10-08,B021
R001_up_T021,R001_up,S040,2025-10-08 23:22:00,2025-10-08 23:25:00,5,6,7,2025-10-08,B021
R001_up_T021,R001_up,S036,2025-10-08 23:22:00,2025-10-08 23:25:00,1,6,-1,2025-10-08,B021
R001_up_T021,R001_up,S011,2025-10-08 23:32:00,2025-10-08 23:34:00,8,2,2,2025-10-08,B021
R001_up_T021,R001_up,S031,2025-10-08 23:37:00,2025-10-08 23:38:00,7,3,2,2025-10-08,B021
R001_up_T022,R001_up,S025,2025-10-08 23:08:00,2025-10-08 23:10:00,6,5,3,2025-10-08,B005
R001_up_T022,R001_up,S048,2025-10-08 23:11:00,2025-10-08 23:14:00,6,8,-2,2025-10-08,B005
R001_up_T022,R001_up,S049,2025-10-08 23:21:00,2025-10-08 23:23:00,5,4,1,2025-10-08,B005
R001_up_T022,R001_up,S005,2025-10-08 23:28:00,2025-10-08 23:31:00,6,6,0,2025-10-08,B005
R001_up_T022,R001_up,S042,2025-10-08 23:39:00,2025-10-08 23:42:00,8,9,5,2025-10-08,B005
R001_up_T022,R001_up,S038,2025-10-08 23:40:00,2025-10-08 23:41:00,9,5,-2,2025-10-08,B005
R001_up_T022,R001_up,S052,2025-10-08 23:46:00,2025-10-08 23:49:00,5,5,-1,2025-10-08,B005
R001_up_T022,R001_up,S045,2025-10-08 23:51:00,2025-10-08 23:54:00,2,9,-2,2025-10-08,B005
R001_up_T022,R001_up,S029,2025-10-09 00:07:00,2025-10-09 00:09:00,6,4,8,2025-10-08,B005
R001_up_T022,R001_up,S040,2025-10-09 00:12:00,2025-10-09 00:14:00,2,3,7,2025-10-08,B005
R001_up_T022,R001_up,S036,2025-10-09 00:14:00,2025-10-09 00:16:00,6,7,1,2025-10-08,B005
R001_up_T022,R001_up,S011,2025-10-09 00:27:00,2025-10-09 00:28:00,4,1,7,2025-10-08,B005
R001_up_T022,R001_up,S031,2025-10-09 00:30:00,2025-10-09 00:31:00,11,8,5,2025-10-08,B005
R001_down_T001,R001_down,S031,2025-10-08 05:33:00,2025-10-08 05:36:00,5,0,0,2025-10-08,B016
R001_down_T001,R001_down,S011,2025-10-08 05:39:00,2025-10-08 05:42:00,6,6,0,2025-10-08,B016
R001_down_T001,R001_down,S036,2025-10-08 05:49:00,2025-10-08 05:51:00,0,2,4,2025-10-08,B016
R001_down_T001,R001_down,S040,2025-10-08 05:59:00,2025-10-08 06:01:00,10,2,8,2025-10-08,B016
R001_down_T001,R001_down,S029,2025-10-08 05:57:00,2025-10-08 05:58:00,6,6,-1,2025-10-08,B016
R001_down_T001,R001_down,S045,2025-10-08 06:02:00,2025-10-08 06:04:00,4,1,0,2025-10-08,B016
R001_down_T001,R001_down,S052,2025-10-08 06:16:00,2025-10-08 06:19:00,10,8,6,2025-10-08,B016
R001_down_T001,R001_down,S038,2025-10-08 06:18:00,2025-10-08 06:19:00,14,7,1,2025-10-08,B016
R001_down_T001,R001_down,S042,2025-10-08 06:19:00,2025-10-08 06:22:00,7,5,-2,2025-10-08,B016
R001_down_T001,R001_down,S005,2025-10-08 06:34:00,2025-10-08 06:37:00,16,5,4,2025-10-08,B016
R001_down_T001,R001_down,S049,2025-10-08 06:44:00,2025-10-08 06:46:00,3,6,8,2025-10-08,B016
R001_down_T001,R001_down,S048,2025-10-08 06:49:00,2025-10-08 06:51:00,12,6,6,2025-10-08,B016
R001_down_T001,R001_down,S025,2025-10-08 06:57:00,2025-10-08 06:58:00,9,2,7,2025-10-08,B016
R001_down_T002,R001_down,S031,2025-10-08 06:21:00,2025-10-08 06:24:00,7,2,5,2025-10-08,B015
R001_down_T002,R001_down,S011,2025-10-08 06:27:00,2025-10-08 06:29:00,7,7,5,2025-10-08,B015
R001_down_T002,R001_down,S036,2025-10-08 06:32:00,2025-10-08 06:35:00,13,10,2,2025-10-08,B015
R001_down_T002,R001_down,S040,2025-10-08 06:42:00,2025-10-08 06:45:00,6,1,5,2025-10-08,B015
R001_down_T002,R001_down,S029,2025-10-08 06:53:00,2025-10-08 06:55:00,8,5,7,2025-10-08,B015
R001_down_T002,R001_down,S045,2025-10-08 07:00:00,2025-10-08 07:03:00,11,8,6,2025-10-08,B015
R001_down_T002,R001_down,S052,2025-10-08 07:05:00,2025-10-08 07:07:00,4,8,4,2025-10-08,B015
R001_down_T002,R001_down,S038,2025-10-08 07:11:00,2025-10-08 07:12:00,5,11,2,2025-10-08,B015
R001_down_T002,R001_down,S042,2025-10-08 07:13:00,2025-10-08 07:14:00,4,4,0,2025-10-08,B015
R001_down_T002,R001_down,S005,2025-10-08 07:20:00,2025-10-08 07:21:00,10,10,0,2025-10-08,B015
R001_down_T002,R001_down,S049,2025-10-08 07:27:00,2025-10-08 07:28:00,8,17,2,2025-10-08,B015
R001_down_T002,R001_down,S048,2025-10-08 07:37:00,2025-10-08 07:39:00,8,12,5,2025-10-08,B015
R001_down_T002,R001_down,S025,2025-10-08 07:44:00,2025-10-08 07:47:00,9,15,6,2025-10-08,B015
R001_down_T003,R001_down,S031,2025-10-08 06:46:00,2025-10-08 06:49:00,8,9,-2,2025-10-08,B017
R001_down_T003,R001_down,S011,2025-10-08 06:56:00,2025-10-08 06:59:00,5,7,-1,2025-10-08,B017
R001_down_T003,R001_down,S036,2025-10-08 07:05:00,2025-10-08 07:07:00,8,13,1,2025-10-08,B017
R001_down_T003,R001_down,S040,2025-10-08 07:11:00,2025-10-08 07:14:00,4,8,1,2025-10-08,B017
R001_down_T003,R001_down,S029,2025-10-08 07:22:00,2025-10-08 07:23:00,3,17,3,2025-10-08,B017
R001_down_T003,R001_down,S045,2025-10-08 07:22:00,2025-10-08 07:23:00,3,13,-2,2025-10-08,B017
R001_down_T003,R001_down,S052,2025-10-08 07:30:00,2025-10-08 07:32:00,3,21,-1,2025-10-08,B017
R001_down_T003,R001_down,S038,2025-10-08 07:40:00,2025-10-08 07:41:00,6,17,1,2025-10-08,B017
R001_down_T003,R001_down,S042,2025-10-08 07:44:00,2025-10-08 07:47:00,7,20,1,2025-10-08,B017
R001_down_T003,R001_down,S005,2025-10-08 07:52:00,2025-10-08 07:55:00,5,7,3,2025-10-08,B017
R001_down_T003,R001_down,S049,2025-10-08 07:57:00,2025-10-08 08:00:00,10,8,2,2025-10-08,B017
R001_down_T003,R001_down,S048,2025-10-08 08:03:00,2025-10-08 08:04:00,4,16,2,2025-10-08,B017
R001_down_T003,R001_down,S025,2025-10-08 08:13:00,2025-10-08 08:15:00,6,10,8,2025-10-08,B017
R001_down_T004,R001_down,S031,2025-10-08 07:28:00,2025-10-08 07:29:00,9,17,0,2025-10-08,B015
R001_down_T004,R001_down,S011,2025-10-08 07:36:00,2025-10-08 07:37:00,5,24,3,2025-10-08,B015
R001_down_T004,R001_down,S036,2025-10-08 07:37:00,2025-10-08 07:39:00,6,14,-1,2025-10-08,B015
R001_down_T004,R001_down,S040,2025-10-08 07:51:00,2025-10-08 07:52:00,4,8,5,2025-10-08,B015
R001_down_T004,R001_down,S029,2025-10-08 07:58:00,2025-10-08 07:59:00,5,17,8,2025-10-08,B015
R001_down_T004,R001_down,S045,2025-10-08 07:57:00,2025-10-08 07:58:00,11,10,3,2025-10-08,B015
R001_down_T004,R001_down,S052,2025-10-08 08:05:00,2025-10-08 08:07:00,6,20,7,2025-10-08,B015
R001_down_T004,R001_down,S038,2025-10-08 08:05:00,2025-10-08 08:08:00,5,7,-1,2025-10-08,B015
R001_down_T004,R001_down,S042,2025-10-08 08:17:00,2025-10-08 08:20:00,4,9,5,2025-10-08,B015
R001_down_T004,R001_down,S005,2025-10-08 08:19:00,2025-10-08 08:20:00,5,15,-1,2025-10-08,B015
R001_down_T004,R001_down,S049,2025-10-08 08:26:00,2025-10-08 08:27:00,6,18,2,2025-10-08,B015
R001_down_T004,R001_down,S048,2025-10-08 08:27:00,2025-10-08 08:29:00,2,8,-1,2025-10-08,B015
R001_down_T004,R001_down,S025,2025-10-08 08:35:00,2025-10-08 08:37:00,10,17,-1,2025-10-08,B015
R001_down_T005,R001_down,S031,2025-10-08 08:10:00,2025-10-08 08:13:00,4,13,1,2025-10-08,B007
R001_down_T005,R001_down,S011,2025-10-08 08:23:00,2025-10-08 08:24:00,7,15,7,2025-10-08,B007
R001_down_T005,R001_down,S036,2025-10-08 08:23:00,2025-10-08 08:26:00,7,16,3,2025-10-08,B007
R001_down_T005,R001_down,S040,2025-10-08 08:35:00,2025-10-08 08:36:00,11,4,7,2025-10-08,B007
R001_down_T005,R001_down,S029,2025-10-08 08:35:00,2025-10-08 08:38:00,10,12,2,2025-10-08,B007
R001_down_T005,R001_down,S045,2025-10-08 08:40:00,2025-10-08 08:42:00,7,18,1,2025-10-08,B007
R001_down_T005,R001_down,S052,2025-10-08 08:48:00,2025-10-08 08:50:00,3,21,3,2025-10-08,B007
R001_down_T005,R001_down,S038,2025-10-08 08:56:00,2025-10-08 08:59:00,6,14,4,2025-10-08,B007
R001_down_T005,R001_down,S042,2025-10-08 08:56:00,2025-10-08 08:59:00,6,11,-2,2025-10-08,B007
R001_down_T005,R001_down,S005,2025-10-08 09:08:00,2025-10-08 09:10:00,11,4,2,2025-10-08,B007
R001_down_T005,R001_down,S049,2025-10-08 09:14:00,2025-10-08 09:17:00,7,10,3,2025-10-08,B007
R001_down_T005,R001_down,S048,2025-10-08 09:16:00,2025-10-08 09:17:00,7,16,-1,2025-10-08,B007
R001_down_T005,R001_down,S025,2025-10-08 09:28:00,2025-10-08 09:30:00,3,9,4,2025-10-08,B007
R001_down_T006,R001_down,S031,2025-10-08 09:05:00,2025-10-08 09:06:00,10,12,7,2025-10-08,B007
R001_down_T006,R001_down,S011,2025-10-08 09:11:00,2025-10-08 09:12:00,1,9,8,2025-10-08,B007
R001_down_T006,R001_down,S036,2025-10-08 09:14:00,2025-10-08 09:15:00,5,16,6,2025-10-08,B007
R001_down_T006,R001_down,S040,2025-10-08 09:19:00,2025-10-08 09:21:00,2,8,4,2025-10-08,B007
R001_down_T006,R001_down,S029,2025-10-08 09:22:00,2025-10-08 09:24:00,7,22,1,2025-10-08,B007
R001_down_T006,R001_down,S045,2025-10-08 09:27:00,2025-10-08 09:29:00,8,14,1,2025-10-08,B007
R001_down_T006,R001_down,S052,2025-10-08 09:35:00,2025-10-08 09:37:00,3,20,4,2025-10-08,B007
R001_down_T006,R001_down,S038,2025-10-08 09:39:00,2025-10-08 09:41:00,4,28,2,2025-10-08,B007
R001_down_T006,R001_down,S042,2025-10-08 09:46:00,2025-10-08 09:49:00,7,16,1,2025-10-08,B007
R001_down_T006,R001_down,S005,2025-10-08 09:59:00,2025-10-08 10:00:00,1,17,7,2025-10-08,B007
R001_down_T006,R001_down,S049,2025-10-08 10:02:00,2025-10-08 10:05:00,7,12,6,2025-10-08,B007
R001_down_T006,R001_down,S048,2025-10-08 10:07:00,2025-10-08 10:10:00,6,18,2,2025-10-08,B007
R001_down_T006,R001_down,S025,2025-10-08 10:14:00,2025-10-08 10:15:00,2,13,3,2025-10-08,B007
R001_down_T007,R001_down,S031,2025-10-08 09:29:00,2025-10-08 09:32:00,10,12,6,2025-10-08,B018
R001_down_T007,R001_down,S011,2025-10-08 09:31:00,2025-10-08 09:32:00,7,15,-1,2025-10-08,B018
R001_down_T007,R001_down,S036,2025-10-08 09:37:00,2025-10-08 09:38:00,7,8,-2,2025-10-08,B018
R001_down_T007,R001_down,S040,2025-10-08 09:44:00,2025-10-08 09:45:00,10,6,0,2025-10-08,B018
R001_down_T007,R001_down,S029,2025-10-08 09:52:00,2025-10-08 09:55:00,6,14,4,2025-10-08,B018
R001_down_T007,R001_down,S045,2025-10-08 09:54:00,2025-10-08 09:57:00,3,16,-1,2025-10-08,B018
R001_down_T007,R001_down,S052,2025-10-08 10:03:00,2025-10-08 10:05:00,7,17,2,2025-10-08,B018
R001_down_T007,R001_down,S038,2025-10-08 10:06:00,2025-10-08 10:09:00,10,13,0,2025-10-08,B018
R001_down_T007,R001_down,S042,2025-10-08 10:18:00,2025-10-08 10:21:00,5,19,3,2025-10-08,B018
R001_down_T007,R001_down,S005,2025-10-08 10:30:00,2025-10-08 10:33:00,7,12,7,2025-10-08,B018
R001_down_T007,R001_down,S049,2025-10-08 10:36:00,2025-10-08 10:39:00,6,5,4,2025-10-08,B018
R001_down_T007,R001_down,S048,2025-10-08 10:42:00,2025-10-08 10:43:00,7,10,4,2025-10-08,B018
R001_down_T007,R001_down,S025,2025-10-08 10:43:00,2025-10-08 10:44:00,4,14,1,2025-10-08,B018
R001_down_T008,R001_down,S031,2025-10-08 10:28:00,2025-10-08 10:30:00,5,19,5,2025-10-08,B004
R001_down_T008,R001_down,S011,2025-10-08 10:33:00,2025-10-08 10:36:00,4,7,4,2025-10-08,B004
R001_down_T008,R001_down,S036,2025-10-08 10:36:00,2025-10-08 10:38:00,12,10,-1,2025-10-08,B004
R001_down_T008,R001_down,S040,2025-10-08 10:40:00,2025-10-08 10:43:00,3,18,-2,2025-10-08,B004
R001_down_T008,R001_down,S029,2025-10-08 10:50:00,2025-10-08 10:53:00,6,13,2,2025-10-08,B004
R001_down_T008,R001_down,S045,2025-10-08 11:01:00,2025-10-08 11:03:00,4,6,7,2025-10-08,B004
R001_down_T008,R001_down,S052,2025-10-08 11:00:00,2025-10-08 11:01:00,9,8,0,2025-10-08,B004
R001_down_T008,R001_down,S038,2025-10-08 11:07:00,2025-10-08 11:08:00,7,5,3,2025-10-08,B004
R001_down_T008,R001_down,S042,2025-10-08 11:17:00,2025-10-08 11:19:00,6,10,6,2025-10-08,B004
R001_down_T008,R001_down,S005,2025-10-08 11:22:00,2025-10-08 11:25:00,6,1,3,2025-10-08,B004
R001_down_T008,R001_down,S049,2025-10-08 11:32:00,2025-10-08 11:34:00,1,7,7,2025-10-08,B004
R001_down_T008,R001_down,S048,2025-10-08 11:33:00,2025-10-08 11:35:00,3,4,0,2025-10-08,B004
R001_down_T008,R001_down,S025,2025-10-08 11:47:00,2025-10-08 11:50:00,2,2,6,2025-10-08,B004
R001_down_T009,R001_down,S031,2025-10-08 10:49:00,2025-10-08 10:51:00,4,13,1,2025-10-08,B018
R001_down_T009,R001_down,S011,2025-10-08 10:57:00,2025-10-08 10:58:00,4,16,2,2025-10-08,B018
R001_down_T009,R001_down,S036,2025-10-08 10:59:00,2025-10-08 11:00:00,9,9,-1,2025-10-08,B018
R001_down_T009,R001_down,S040,2025-10-08 11:12:00,2025-10-08 11:15:00,7,7,6,2025-10-08,B018
R001_down_T009,R001_down,S029,2025-10-08 11:12:00,2025-10-08 11:15:00,11,4,-2,2025-10-08,B018
R001_down_T009,R001_down,S045,2025-10-08 11:24:00,2025-10-08 11:26:00,1,5,3,2025-10-08,B018
R001_down_T009,R001_down,S052,2025-10-08 11:29:00,2025-10-08 11:32:00,12,6,0,2025-10-08,B018
R001_down_T009,R001_down,S038,2025-10-08 11:41:00,2025-10-08 11:42:00,9,9,5,2025-10-08,B018
R001_down_T009,R001_down,S042,2025-10-08 11:43:00,2025-10-08 11:44:00,8,4,0,2025-10-08,B018
R001_down_T009,R001_down,S005,2025-10-08 11:56:00,2025-10-08 11:59:00,9,7,6,2025-10-08,B018
R001_down_T009,R001_down,S049,2025-10-08 11:55:00,2025-10-08 11:56:00,8,5,-1,2025-10-08,B018
R001_down_T009,R001_down,S048,2025-10-08 12:06:00,2025-10-08 12:07:00,5,11,3,2025-10-08,B018
R001_down_T009,R001_down,S025,2025-10-08 12:12:00,2025-10-08 12:15:00,8,8,2,2025-10-08,B018
R001_down_T010,R001_down,S031,2025-10-08 11:11:00,2025-10-08 11:12:00,7,3,6,2025-10-08,B004
R001_down_T010,R001_down,S011,2025-10-08 11:11:00,2025-10-08 11:13:00,11,8,-1,2025-10-08,B004
R001_down_T010,R001_down,S036,2025-10-08 11:18:00,2025-10-08 11:21:00,6,8,1,2025-10-08,B004
R001_down_T010,R001_down,S040,2025-10-08 11:25:00,2025-10-08 11:26:00,7,6,0,2025-10-08,B004
R001_down_T010,R001_down,S029,2025-10-08 11:34:00,2025-10-08 11:35:00,5,10,5,2025-10-08,B004
R001_down_T010,R001_down,S045,2025-10-08 11:36:00,2025-10-08 11:39:00,4,11,3,2025-10-08,B004
R001_down_T010,R001_down,S052,2025-10-08 11:44:00,2025-10-08 11:46:00,16,3,2,2025-10-08,B004
R001_down_T010,R001_down,S038,2025-10-08 11:50:00,2025-10-08 11:51:00,15,3,2,2025-10-08,B004
R001_down_T010,R001_down,S042,2025-10-08 12:03:00,2025-10-08 12:04:00,13,5,8,2025-10-08,B004
R001_down_T010,R001_down,S005,2025-10-08 12:08:00,2025-10-08 12:11:00,7,2,8,2025-10-08,B004
R001_down_T010,R001_down,S049,2025-10-08 12:13:00,2025-10-08 12:14:00,6,8,7,2025-10-08,B004
R001_down_T010,R001_down,S048,2025-10-08 12:21:00,2025-10-08 12:23:00,4,3,8,2025-10-08,B004
R001_down_T010,R001_down,S025,2025-10-08 12:25:00,2025-10-08 12:27:00,7,3,7,2025-10-08,B004
R001_down_T011,R001_down,S031,2025-10-08 11:56:00,2025-10-08 11:59:00,8,4,8,2025-10-08,B002
R001_down_T011,R001_down,S011,2025-10-08 12:00:00,2025-10-08 12:02:00,9,11,4,2025-10-08,B002
R001_down_T011,R001_down,S036,2025-10-08 12:06:00,2025-10-08 12:09:00,4,2,5,2025-10-08,B002
R001_down_T011,R001_down,S040,2025-10-08 12:09:00,2025-10-08 12:10:00,5,9,0,2025-10-08,B002
R001_down_T011,R001_down,S029,2025-10-08 12:16:00,2025-10-08 12:17:00,10,0,0,2025-10-08,B002
R001_down_T011,R001_down,S045,2025-10-08 12:24:00,2025-10-08 12:27:00,1,2,1,2025-10-08,B002
R001_down_T011,R001_down,S052,2025-10-08 12:35:00,2025-10-08 12:36:00,7,5,3,2025-10-08,B002
R001_down_T011,R001_down,S038,2025-10-08 12:39:00,2025-10-08 12:42:00,13,4,1,2025-10-08,B002
R001_down_T011,R001_down,S042,2025-10-08 12:47:00,2025-10-08 12:48:00,10,4,3,2025-10-08,B002
R001_down_T011,R001_down,S005,2025-10-08 12:52:00,2025-10-08 12:54:00,9,9,4,2025-10-08,B002
R001_down_T011,R001_down,S049,2025-10-08 12:53:00,2025-10-08 12:54:00,10,5,-2,2025-10-08,B002
R001_down_T011,R001_down,S048,2025-10-08 13:04:00,2025-10-08 13:05:00,9,2,3,2025-10-08,B002
R001_down_T011,R001_down,S025,2025-10-08 13:13:00,2025-10-08 13:14:00,7,7,7,2025-10-08,B002
R001_down_T012,R001_down,S031,2025-10-08 14:12:00,2025-10-08 14:14:00,8,5,-1,2025-10-08,B002
R001_down_T012,R001_down,S011,2025-10-08 14:24:00,2025-10-08 14:26:00,3,5,6,2025-10-08,B002
R001_down_T012,R001_down,S036,2025-10-08 14:23:00,2025-10-08 14:26:00,12,9,-1,2025-10-08,B002
R001_down_T012,R001_down,S040,2025-10-08 14:34:00,2025-10-08 14:37:00,5,8,4,2025-10-08,B002
R001_down_T012,R001_down,S029,2025-10-08 14:35:00,2025-10-08 14:36:00,10,2,-1,2025-10-08,B002
R001_down_T012,R001_down,S045,2025-10-08 14:47:00,2025-10-08 14:49:00,12,10,5,2025-10-08,B002
R001_down_T012,R001_down,S052,2025-10-08 14:46:00,2025-10-08 14:49:00,6,3,-2,2025-10-08,B002
R001_down_T012,R001_down,S038,2025-10-08 15:00:00,2025-10-08 15:01:00,6,8,6,2025-10-08,B002
R001_down_T012,R001_down,S042,2025-10-08 15:09:00,2025-10-08 15:10:00,4,11,8,2025-10-08,B002
R001_down_T012,R001_down,S005,2025-10-08 15:10:00,2025-10-08 15:11:00,9,3,4,2025-10-08,B002
R001_down_T012,R001_down,S049,2025-10-08 15:15:00,2025-10-08 15:17:00,10,3,3,2025-10-08,B002
R001_down_T012,R001_down,S048,2025-10-08 15:22:00,2025-10-08 15:24:00,9,9,2,2025-10-08,B002
R001_down_T012,R001_down,S025,2025-10-08 15:27:00,2025-10-08 15:28:00,2,4,0,2025-10-08,B002
R001_down_T013,R001_down,S031,2025-10-08 14:48:00,2025-10-08 14:49:00,3,11,3,2025-10-08,B018
R001_down_T013,R001_down,S011,2025-10-08 14:56:00,2025-10-08 14:57:00,6,5,7,2025-10-08,B018
R001_down_T013,R001_down,S036,2025-10-08 15:00:00,2025-10-08 15:01:00,5,7,6,2025-10-08,B018
R001_down_T013,R001_down,S040,2025-10-08 15:00:00,2025-10-08 15:02:00,7,10,1,2025-10-08,B018
R001_down_T013,R001_down,S029,2025-10-08 15:04:00,2025-10-08 15:07:00,4,8,-2,2025-10-08,B018
R001_down_T013,R001_down,S045,2025-10-08 15:18:00,2025-10-08 15:19:00,8,6,4,2025-10-08,B018
R001_down_T013,R001_down,S052,2025-10-08 15:26:00,2025-10-08 15:28:00,5,9,5,2025-10-08,B018
R001_down_T013,R001_down,S038,2025-10-08 15:26:00,2025-10-08 15:27:00,5,3,-1,2025-10-08,B018
R001_down_T013,R001_down,S042,2025-10-08 15:41:00,2025-10-08 15:44:00,9,2,8,2025-10-08,B018
R001_down_T013,R001_down,S005,2025-10-08 15:41:00,2025-10-08 15:43:00,7,5,-1,2025-10-08,B018
R001_down_T013,R001_down,S049,2025-10-08 15:46:00,2025-10-08 15:47:00,5,7,-2,2025-10-08,B018
R001_down_T013,R001_down,S048,2025-10-08 15:57:00,2025-10-08 16:00:00,11,3,4,2025-10-08,B018
R001_down_T013,R001_down,S025,2025-10-08 16:01:00,2025-10-08 16:02:00,13,0,2,2025-10-08,B018
R001_down_T014,R001_down,S031,2025-10-08 15:45:00,2025-10-08 15:48:00,6,1,1,2025-10-08,B023
R001_down_T014,R001_down,S011,2025-10-08 15:59:00,2025-10-08 16:00:00,4,7,8,2025-10-08,B023
R001_down_T014,R001_down,S036,2025-10-08 15:57:00,2025-10-08 15:58:00,8,0,2,2025-10-08,B023
R001_down_T014,R001_down,S040,2025-10-08 16:03:00,2025-10-08 16:06:00,5,6,1,2025-10-08,B023
R001_down_T014,R001_down,S029,2025-10-08 16:08:00,2025-10-08 16:10:00,9,8,-1,2025-10-08,B023
R001_down_T014,R001_down,S045,2025-10-08 16:12:00,2025-10-08 16:14:00,5,6,-2,2025-10-08,B023
R001_down_T014,R001_down,S052,2025-10-08 16:23:00,2025-10-08 16:26:00,8,7,4,2025-10-08,B023
R001_down_T014,R001_down,S038,2025-10-08 16:32:00,2025-10-08 16:33:00,9,4,6,2025-10-08,B023
R001_down_T014,R001_down,S042,2025-10-08 16:38:00,2025-10-08 16:41:00,6,8,5,2025-10-08,B023
R001_down_T014,R001_down,S005,2025-10-08 16:47:00,2025-10-08 16:49:00,9,1,8,2025-10-08,B023
R001_down_T014,R001_down,S049,2025-10-08 16:44:00,2025-10-08 16:45:00,6,1,-1,2025-10-08,B023
R001_down_T014,R001_down,S048,2025-10-08 16:58:00,2025-10-08 17:00:00,13,2,6,2025-10-08,B023
R001_down_T014,R001_down,S025,2025-10-08 16:58:00,2025-10-08 17:01:00,9,10,0,2025-10-08,B023
R001_down_T015,R001_down,S031,2025-10-08 16:48:00,2025-10-08 16:50:00,0,5,5,2025-10-08,B018
R001_down_T015,R001_down,S011,2025-10-08 16:50:00,2025-10-08 16:53:00,2,1,-1,2025-10-08,B018
R001_down_T015,R001_down,S036,2025-10-08 16:59:00,2025-10-08 17:02:00,17,6,-1,2025-10-08,B018
R001_down_T015,R001_down,S040,2025-10-08 17:16:00,2025-10-08 17:17:00,14,9,8,2025-10-08,B018
R001_down_T015,R001_down,S029,2025-10-08 17:22:00,2025-10-08 17:25:00,13,0,8,2025-10-08,B018
R001_down_T015,R001_down,S045,2025-10-08 17:21:00,2025-10-08 17:23:00,15,5,0,2025-10-08,B018
R001_down_T015,R001_down,S052,2025-10-08 17:31:00,2025-10-08 17:33:00,15,7,4,2025-10-08,B018
R001_down_T015,R001_down,S038,2025-10-08 17:36:00,2025-10-08 17:39:00,12,10,4,2025-10-08,B018
R001_down_T015,R001_down,S042,2025-10-08 17:40:00,2025-10-08 17:41:00,25,5,0,2025-10-08,B018
R001_down_T015,R001_down,S005,2025-10-08 17:50:00,2025-10-08 17:51:00,12,5,6,2025-10-08,B018
R001_down_T015,R001_down,S049,2025-10-08 17:51:00,2025-10-08 17:54:00,11,5,0,2025-10-08,B018
R001_down_T015,R001_down,S048,2025-10-08 18:00:00,2025-10-08 18:02:00,11,11,3,2025-10-08,B018
R001_down_T015,R001_down,S025,2025-10-08 18:07:00,2025-10-08 18:10:00,11,6,5,2025-10-08,B018
R001_down_T016,R001_down,S031,2025-10-08 17:40:00,2025-10-08 17:43:00,15,10,0,2025-10-08,B003
R001_down_T016,R001_down,S011,2025-10-08 17:49:00,2025-10-08 17:50:00,2,9,0,2025-10-08,B003
R001_down_T016,R001_down,S036,2025-10-08 17:58:00,2025-10-08 18:00:00,18,9,2,2025-10-08,B003
R001_down_T016,R001_down,S040,2025-10-08 18:00:00,2025-10-08 18:01:00,17,8,-2,2025-10-08,B003
R001_down_T016,R001_down,S029,2025-10-08 18:07:00,2025-10-08 18:09:00,14,9,-1,2025-10-08,B003
R001_down_T016,R001_down,S045,2025-10-08 18:23:00,2025-10-08 18:26:00,10,2,8,2025-10-08,B003
R001_down_T016,R001_down,S052,2025-10-08 18:24:00,2025-10-08 18:25:00,16,7,0,2025-10-08,B003
R001_down_T016,R001_down,S038,2025-10-08 18:28:00,2025-10-08 18:30:00,16,9,0,2025-10-08,B003
R001_down_T016,R001_down,S042,2025-10-08 18:32:00,2025-10-08 18:35:00,18,2,-2,2025-10-08,B003
R001_down_T016,R001_down,S005,2025-10-08 18:46:00,2025-10-08 18:49:00,9,1,5,2025-10-08,B003
R001_down_T016,R001_down,S049,2025-10-08 18:52:00,2025-10-08 18:54:00,3,12,5,2025-10-08,B003
R001_down_T016,R001_down,S048,2025-10-08 18:55:00,2025-10-08 18:58:00,2,2,1,2025-10-08,B003
R001_down_T016,R001_down,S025,2025-10-08 19:03:00,2025-10-08 19:04:00,9,8,2,2025-10-08,B003
R001_down_T017,R001_down,S031,2025-10-08 18:19:00,2025-10-08 18:21:00,15,5,4,2025-10-08,B003
R001_down_T017,R001_down,S011,2025-10-08 18:27:00,2025-10-08 18:28:00,18,4,4,2025-10-08,B003
R001_down_T017,R001_down,S036,2025-10-08 18:34:00,2025-10-08 18:37:00,10,4,4,2025-10-08,B003
R001_down_T017,R001_down,S040,2025-10-08 18:44:00,2025-10-08 18:47:00,12,3,6,2025-10-08,B003
R001_down_T017,R001_down,S029,2025-10-08 18:45:00,2025-10-08 18:46:00,12,9,1,2025-10-08,B003
R001_down_T017,R001_down,S045,2025-10-08 18:57:00,2025-10-08 18:58:00,19,3,6,2025-10-08,B003
R001_down_T017,R001_down,S052,2025-10-08 18:58:00,2025-10-08 18:59:00,23,14,3,2025-10-08,B003
R001_down_T017,R001_down,S038,2025-10-08 18:59:00,2025-10-08 19:01:00,15,6,-1,2025-10-08,B003
R001_down_T017,R001_down,S042,2025-10-08 19:11:00,2025-10-08 19:14:00,10,6,3,2025-10-08,B003
R001_down_T017,R001_down,S005,2025-10-08 19:18:00,2025-10-08 19:20:00,19,9,3,2025-10-08,B003
R001_down_T017,R001_down,S049,2025-10-08 19:22:00,2025-10-08 19:25:00,14,3,0,2025-10-08,B003
R001_down_T017,R001_down,S048,2025-10-08 19:36:00,2025-10-08 19:38:00,20,4,7,2025-10-08,B003
R001_down_T017,R001_down,S025,2025-10-08 19:39:00,2025-10-08 19:41:00,7,1,5,2025-10-08,B003
R001_down_T018,R001_down,S031,2025-10-08 18:36:00,2025-10-08 18:37:00,14,4,3,2025-10-08,B011
R001_down_T018,R001_down,S011,2025-10-08 18:38:00,2025-10-08 18:41:00,13,7,1,2025-10-08,B011
R001_down_T018,R001_down,S036,2025-10-08 18:50:00,2025-10-08 18:53:00,14,7,5,2025-10-08,B011
R001_down_T018,R001_down,S040,2025-10-08 18:56:00,2025-10-08 18:59:00,10,4,5,2025-10-08,B011
R001_down_T018,R001_down,S029,2025-10-08 19:03:00,2025-10-08 19:04:00,21,6,4,2025-10-08,B011
R001_down_T018,R001_down,S045,2025-10-08 19:13:00,2025-10-08 19:15:00,13,7,7,2025-10-08,B011
R001_down_T018,R001_down,S052,2025-10-08 19:20:00,2025-10-08 19:21:00,9,6,6,2025-10-08,B011
R001_down_T018,R001_down,S038,2025-10-08 19:25:00,2025-10-08 19:27:00,8,4,6,2025-10-08,B011
R001_down_T018,R001_down,S042,2025-10-08 19:30:00,2025-10-08 19:31:00,14,5,5,2025-10-08,B011
R001_down_T018,R001_down,S005,2025-10-08 19:38:00,2025-10-08 19:40:00,11,7,7,2025-10-08,B011
R001_down_T018,R001_down,S049,2025-10-08 19:36:00,2025-10-08 19:38:00,14,4,-1,2025-10-08,B011
R001_down_T018,R001_down,S048,2025-10-08 19:45:00,2025-10-08 19:46:00,10,6,3,2025-10-08,B011
R001_down_T018,R001_down,S025,2025-10-08 19:51:00,2025-10-08 19:52:00,17,8,3,2025-10-08,B011
R001_down_T019,R001_down,S031,2025-10-08 18:58:00,2025-10-08 19:01:00,24,10,1,2025-10-08,B020
R001_down_T019,R001_down,S011,2025-10-08 19:06:00,2025-10-08 19:09:00,12,10,3,2025-10-08,B020
R001_down_T019,R001_down,S036,2025-10-08 19:13:00,2025-10-08 19:15:00,22,7,3,2025-10-08,B020
R001_down_T019,R001_down,S040,2025-10-08 19:23:00,2025-10-08 19:26:00,9,2,7,2025-10-08,B020
R001_down_T019,R001_down,S029,2025-10-08 19:25:00,2025-10-08 19:26:00,16,4,2,2025-10-08,B020
R001_down_T019,R001_down,S045,2025-10-08 19:28:00,2025-10-08 19:31:00,8,5,0,2025-10-08,B020
R001_down_T019,R001_down,S052,2025-10-08 19:41:00,2025-10-08 19:44:00,15,6,4,2025-10-08,B020
R001_down_T019,R001_down,S038,2025-10-08 19:48:00,2025-10-08 19:51:00,13,7,2,2025-10-08,B020
R001_down_T019,R001_down,S042,2025-10-08 19:58:00,2025-10-08 20:00:00,10,10,4,2025-10-08,B020
R001_down_T019,R001_down,S005,2025-10-08 20:03:00,2025-10-08 20:06:00,25,5,2,2025-10-08,B020
R001_down_T019,R001_down,S049,2025-10-08 20:15:00,2025-10-08 20:16:00,19,3,8,2025-10-08,B020
R001_down_T019,R001_down,S048,2025-10-08 20:20:00,2025-10-08 20:21:00,14,6,8,2025-10-08,B020
R001_down_T019,R001_down,S025,2025-10-08 20:27:00,2025-10-08 20:30:00,9,2,8,2025-10-08,B020
R001_down_T020,R001_down,S031,2025-10-08 19:33:00,2025-10-08 19:34:00,10,11,-2,2025-10-08,B012
R001_down_T020,R001_down,S011,2025-10-08 19:41:00,2025-10-08 19:42:00,14,3,2,2025-10-08,B012
R001_down_T020,R001_down,S036,2025-10-08 19:48:00,2025-10-08 19:51:00,9,9,2,2025-10-08,B012
R001_down_T020,R001_down,S040,2025-10-08 19:55:00,2025-10-08 19:56:00,5,7,0,2025-10-08,B012
R001_down_T020,R001_down,S029,2025-10-08 20:09:00,2025-10-08 20:11:00,19,6,8,2025-10-08,B012
R001_down_T020,R001_down,S045,2025-10-08 20:05:00,2025-10-08 20:06:00,16,2,-2,2025-10-08,B012
R001_down_T020,R001_down,S052,2025-10-08 20:13:00,2025-10-08 20:15:00,14,1,-1,2025-10-08,B012
R001_down_T020,R001_down,S038,2025-10-08 20:22:00,2025-10-08 20:24:00,15,5,1,2025-10-08,B012
R001_down_T020,R001_down,S042,2025-10-08 20:31:00,2025-10-08 20:34:00,19,4,3,2025-10-08,B012
R001_down_T020,R001_down,S005,2025-10-08 20:38:00,2025-10-08 20:41:00,11,6,4,2025-10-08,B012
R001_down_T020,R001_down,S049,2025-10-08 20:49:00,2025-10-08 20:51:00,14,9,6,2025-10-08,B012
R001_down_T020,R001_down,S048,2025-10-08 20:58:00,2025-10-08 20:59:00,18,6,8,2025-10-08,B012
R001_down_T020,R001_down,S025,2025-10-08 20:59:00,2025-10-08 21:00:00,15,2,3,2025-10-08,B012
R001_down_T021,R001_down,S031,2025-10-08 20:07:00,2025-10-08 20:08:00,10,5,6,2025-10-08,B022
R001_down_T021,R001_down,S011,2025-10-08 20:09:00,2025-10-08 20:11:00,17,1,4,2025-10-08,B022
R001_down_T021,R001_down,S036,2025-10-08 20:09:00,2025-10-08 20:10:00,6,5,-1,2025-10-08,B022
R001_down_T021,R001_down,S040,2025-10-08 20:15:00,2025-10-08 20:17:00,18,7,1,2025-10-08,B022
R001_down_T021,R001_down,S029,2025-10-08 20:22:00,2025-10-08 20:23:00,11,6,2,2025-10-08,B022
R001_down_T021,R001_down,S045,2025-10-08 20:24:00,2025-10-08 20:25:00,16,2,0,2025-10-08,B022
R001_down_T021,R001_down,S052,2025-10-08 20:38:00,2025-10-08 20:39:00,18,6,7,2025-10-08,B022
R001_down_T021,R001_down,S038,2025-10-08 20:39:00,2025-10-08 20:40:00,9,8,1,2025-10-08,B022
R001_down_T021,R001_down,S042,2025-10-08 20:47:00,2025-10-08 20:48:00,9,0,2,2025-10-08,B022
R001_down_T021,R001_down,S005,2025-10-08 20:56:00,2025-10-08 20:58:00,17,8,6,2025-10-08,B022
R001_down_T021,R001_down,S049,2025-10-08 21:04:00,2025-10-08 21:05:00,25,5,7,2025-10-08,B022
R001_down_T021,R001_down,S048,2025-10-08 21:06:00,2025-10-08 21:08:00,16,1,3,2025-10-08,B022
R001_down_T021,R001_down,S025,2025-10-08 21:06:00,2025-10-08 21:08:00,0,12,-2,2025-10-08,B022
R001_down_T022,R001_down,S031,2025-10-08 20:23:00,2025-10-08 20:25:00,15,6,5,2025-10-08,B013
R001_down_T022,R001_down,S011,2025-10-08 20:31:00,2025-10-08 20:32:00,14,2,6,2025-10-08,B013
R001_down_T022,R001_down,S036,2025-10-08 20:34:00,2025-10-08 20:36:00,14,3,3,2025-10-08,B013
R001_down_T022,R001_down,S040,2025-10-08 20:39:00,2025-10-08 20:40:00,15,7,2,2025-10-08,B013
R001_down_T022,R001_down,S029,2025-10-08 20:50:00,2025-10-08 20:52:00,14,5,7,2025-10-08,B013
R001_down_T022,R001_down,S045,2025-10-08 20:55:00,2025-10-08 20:57:00,13,7,4,2025-10-08,B013
R001_down_T022,R001_down,S052,2025-10-08 21:02:00,2025-10-08 21:05:00,21,11,3,2025-10-08,B013
R001_down_T022,R001_down,S038,2025-10-08 21:07:00,2025-10-08 21:08:00,18,6,1,2025-10-08,B013
R001_down_T022,R001_down,S042,2025-10-08 21:16:00,2025-10-08 21:19:00,15,5,6,2025-10-08,B013
R001_down_T022,R001_down,S005,2025-10-08 21:21:00,2025-10-08 21:24:00,10,8,3,2025-10-08,B013
R001_down_T022,R001_down,S049,2025-10-08 21:28:00,2025-10-08 21:31:00,8,3,1,2025-10-08,B013
R001_down_T022,R001_down,S048,2025-10-08 21:34:00,2025-10-08 21:37:00,11,5,0,2025-10-08,B013
R001_down_T022,R001_down,S025,2025-10-08 21:51:00,2025-10-08 21:53:00,12,8,8,2025-10-08,B013
R001_down_T023,R001_down,S031,2025-10-08 21:01:00,2025-10-08 21:04:00,6,8,7,2025-10-08,B004
R001_down_T023,R001_down,S011,2025-10-08 21:00:00,2025-10-08 21:02:00,13,3,-2,2025-10-08,B004
R001_down_T023,R001_down,S036,2025-10-08 21:17:00,2025-10-08 21:18:00,13,7,8,2025-10-08,B004
R001_down_T023,R001_down,S040,2025-10-08 21:12:00,2025-10-08 21:14:00,24,4,-1,2025-10-08,B004
R001_down_T023,R001_down,S029,2025-10-08 21:25:00,2025-10-08 21:28:00,10,8,6,2025-10-08,B004
R001_down_T023,R001_down,S045,2025-10-08 21:31:00,2025-10-08 21:32:00,7,6,3,2025-10-08,B004
R001_down_T023,R001_down,S052,2025-10-08 21:40:00,2025-10-08 21:43:00,8,4,5,2025-10-08,B004
R001_down_T023,R001_down,S038,2025-10-08 21:52:00,2025-10-08 21:55:00,6,0,8,2025-10-08,B004
R001_down_T023,R001_down,S042,2025-10-08 21:55:00,2025-10-08 21:58:00,5,8,5,2025-10-08,B004
R001_down_T023,R001_down,S005,2025-10-08 21:58:00,2025-10-08 21:59:00,8,14,-1,2025-10-08,B004
R001_down_T023,R001_down,S049,2025-10-08 22:12:00,2025-10-08 22:13:00,10,5,6,2025-10-08,B004
R001_down_T023,R001_down,S048,2025-10-08 22:10:00,2025-10-08 22:13:00,14,4,0,2025-10-08,B004
R001_down_T023,R001_down,S025,2025-10-08 22:22:00,2025-10-08 22:25:00,20,5,6,2025-10-08,B004
R001_down_T024,R001_down,S031,2025-10-08 22:19:00,2025-10-08 22:20:00,19,5,-2,2025-10-08,B002
R001_down_T024,R001_down,S011,2025-10-08 22:26:00,2025-10-08 22:29:00,13,10,1,2025-10-08,B002
R001_down_T024,R001_down,S036,2025-10-08 22:37:00,2025-10-08 22:39:00,14,9,4,2025-10-08,B002
R001_down_T024,R001_down,S040,2025-10-08 22:37:00,2025-10-08 22:39:00,16,8,-2,2025-10-08,B002
R001_down_T024,R001_down,S029,2025-10-08 22:53:00,2025-10-08 22:55:00,19,5,6,2025-10-08,B002
R001_down_T024,R001_down,S045,2025-10-08 22:59:00,2025-10-08 23:00:00,20,5,7,2025-10-08,B002
R001_down_T024,R001_down,S052,2025-10-08 22:57:00,2025-10-08 22:59:00,16,6,1,2025-10-08,B002
R001_down_T024,R001_down,S038,2025-10-08 23:02:00,2025-10-08 23:04:00,8,7,0,2025-10-08,B002
R001_down_T024,R001_down,S042,2025-10-08 23:15:00,2025-10-08 23:16:00,5,11,7,2025-10-08,B002
R001_down_T024,R001_down,S005,2025-10-08 23:20:00,2025-10-08 23:22:00,12,3,6,2025-10-08,B002
R001_down_T024,R001_down,S049,2025-10-08 23:22:00,2025-10-08 23:23:00,12,3,0,2025-10-08,B002
R001_down_T024,R001_down,S048,2025-10-08 23:30:00,2025-10-08 23:31:00,6,4,4,2025-10-08,B002
R001_down_T024,R001_down,S025,2025-10-08 23:32:00,2025-10-08 23:33:00,10,7,1,2025-10-08,B002
R001_down_T025,R001_down,S031,2025-10-08 22:59:00,2025-10-08 23:02:00,16,7,6,2025-10-08,B004
R001_down_T025,R001_down,S011,2025-10-08 23:01:00,2025-10-08 23:02:00,5,4,-1,2025-10-08,B004
R001_down_T025,R001_down,S036,2025-10-08 23:12:00,2025-10-08 23:14:00,11,5,5,2025-10-08,B004
R001_down_T025,R001_down,S040,2025-10-08 23:19:00,2025-10-08 23:20:00,10,4,4,2025-10-08,B004
R001_down_T025,R001_down,S029,2025-10-08 23:22:00,2025-10-08 23:25:00,7,6,0,2025-10-08,B004
R001_down_T025,R001_down,S045,2025-10-08 23:27:00,2025-10-08 23:29:00,6,1,-1,2025-10-08,B004
R001_down_T025,R001_down,S052,2025-10-08 23:38:00,2025-10-08 23:39:00,11,5,4,2025-10-08,B004
R001_down_T025,R001_down,S038,2025-10-08 23:41:00,2025-10-08 23:43:00,10,5,0,2025-10-08,B004
R001_down_T025,R001_down,S042,2025-10-08 23:49:00,2025-10-08 23:52:00,8,3,3,2025-10-08,B004
R001_down_T025,R001_down,S005,2025-10-09 00:01:00,2025-10-09 00:03:00,4,8,7,2025-10-08,B004
R001_down_T025,R001_down,S049,2025-10-09 00:01:00,2025-10-09 00:03:00,7,5,0,2025-10-08,B004
R001_down_T025,R001_down,S048,2025-10-09 00:10:00,2025-10-09 00:13:00,7,3,4,2025-10-08,B004
R001_down_T025,R001_down,S025,2025-10-09 00:15:00,2025-10-09 00:18:00,9,4,3,2025-10-08,B004
R002_up_T001,R002_up,S020,2025-10-08 06:31:00,2025-10-08 06:34:00,6,8,7,2025-10-08,B023
R002_up_T001,R002_up,S010,2025-10-08 06:33:00,2025-10-08 06:35:00,11,0,1,2025-10-08,B023
R002_up_T001,R002_up,S015,2025-10-08 06:45:00,2025-10-08 06:48:00,8,9,5,2025-10-08,B023
R002_up_T001,R002_up,S049,2025-10-08 06:54:00,2025-10-08 06:55:00,0,3,6,2025-10-08,B023
R002_up_T001,R002_up,S042,2025-10-08 06:57:00,2025-10-08 06:59:00,3,5,3,2025-10-08,B023
R002_up_T001,R002_up,S017,2025-10-08 07:02:00,2025-10-08 07:04:00,13,4,1,2025-10-08,B023
R002_up_T001,R002_up,S035,2025-10-08 07:10:00,2025-10-08 07:13:00,14,9,4,2025-10-08,B023
R002_up_T001,R002_up,S026,2025-10-08 07:17:00,2025-10-08 07:18:00,1,7,3,2025-10-08,B023
R002_up_T001,R002_up,S047,2025-10-08 07:23:00,2025-10-08 07:25:00,14,1,2,2025-10-08,B023
R002_up_T001,R002_up,S003,2025-10-08 07:32:00,2025-10-08 07:34:00,12,7,5,2025-10-08,B023
R002_up_T001,R002_up,S039,2025-10-08 07:39:00,2025-10-08 07:40:00,15,4,7,2025-10-08,B023
R002_up_T001,R002_up,S012,2025-10-08 07:39:00,2025-10-08 07:41:00,10,7,1,2025-10-08,B023
R002_up_T002,R002_up,S020,2025-10-08 07:31:00,2025-10-08 07:34:00,13,1,4,2025-10-08,B022
R002_up_T002,R002_up,S010,2025-10-08 07:31:00,2025-10-08 07:34:00,10,9,-2,2025-10-08,B022
R002_up_T002,R002_up,S015,2025-10-08 07:48:00,2025-10-08 07:51:00,20,7,8,2025-10-08,B022
R002_up_T002,R002_up,S049,2025-10-08 07:54:00,2025-10-08 07:56:00,22,8,7,2025-10-08,B022
R002_up_T002,R002_up,S042,2025-10-08 07:53:00,2025-10-08 07:56:00,11,5,0,2025-10-08,B022
R002_up_T002,R002_up,S017,2025-10-08 08:02:00,2025-10-08 08:03:00,9,5,0,2025-10-08,B022
R002_up_T002,R002_up,S035,2025-10-08 08:17:00,2025-10-08 08:19:00,16,2,8,2025-10-08,B022
R002_up_T002,R002_up,S026,2025-10-08 08:20:00,2025-10-08 08:21:00,5,3,5,2025-10-08,B022
R002_up_T002,R002_up,S047,2025-10-08 08:23:00,2025-10-08 08:26:00,23,8,4,2025-10-08,B022
R002_up_T002,R002_up,S003,2025-10-08 08:24:00,2025-10-08 08:26:00,9,3,-2,2025-10-08,B022
R002_up_T002,R002_up,S039,2025-10-08 08:41:00,2025-10-08 08:44:00,16,2,8,2025-10-08,B022
R002_up_T002,R002_up,S012,2025-10-08 08:40:00,2025-10-08 08:41:00,19,6,-2,2025-10-08,B022
R002_up_T003,R002_up,S020,2025-10-08 07:47:00,2025-10-08 07:48:00,21,2,2,2025-10-08,B022
R002_up_T003,R002_up,S010,2025-10-08 07:50:00,2025-10-08 07:53:00,10,7,-1,2025-10-08,B022
R002_up_T003,R002_up,S015,2025-10-08 08:07:00,2025-10-08 08:09:00,14,8,8,2025-10-08,B022
R002_up_T003,R002_up,S049,2025-10-08 08:12:00,2025-10-08 08:14:00,11,4,7,2025-10-08,B022
R002_up_T003,R002_up,S042,2025-10-08 08:09:00,2025-10-08 08:11:00,10,5,-1,2025-10-08,B022
R002_up_T003,R002_up,S017,2025-10-08 08:19:00,2025-10-08 08:21:00,13,7,3,2025-10-08,B022
R002_up_T003,R002_up,S035,2025-10-08 08:25:00,2025-10-08 08:28:00,9,2,3,2025-10-08,B022
R002_up_T003,R002_up,S026,2025-10-08 08:33:00,2025-10-08 08:35:00,16,5,2,2025-10-08,B022
R002_up_T003,R002_up,S047,2025-10-08 08:45:00,2025-10-08 08:48:00,9,7,8,2025-10-08,B022
R002_up_T003,R002_up,S003,2025-10-08 08:46:00,2025-10-08 08:49:00,9,0,3,2025-10-08,B022
R002_up_T003,R002_up,S039,2025-10-08 08:53:00,2025-10-08 08:54:00,4,7,3,2025-10-08,B022
R002_up_T003,R002_up,S012,2025-10-08 09:02:00,2025-10-08 09:03:00,16,8,7,2025-10-08,B022
R002_up_T004,R002_up,S020,2025-10-08 08:42:00,2025-10-08 08:43:00,10,5,-1,2025-10-08,B003
R002_up_T004,R002_up,S010,2025-10-08 08:52:00,2025-10-08 08:53:00,12,8,3,2025-10-08,B003
R002_up_T004,R002_up,S015,2025-10-08 09:00:00,2025-10-08 09:01:00,17,3,6,2025-10-08,B003
R002_up_T004,R002_up,S049,2025-10-08 09:08:00,2025-10-08 09:09:00,18,6,8,2025-10-08,B003
R002_up_T004,R002_up,S042,2025-10-08 09:05:00,2025-10-08 09:07:00,13,6,0,2025-10-08,B003
R002_up_T004,R002_up,S017,2025-10-08 09:10:00,2025-10-08 09:13:00,13,3,0,2025-10-08,B003
R002_up_T004,R002_up,S035,2025-10-08 09:24:00,2025-10-08 09:26:00,7,9,8,2025-10-08,B003
R002_up_T004,R002_up,S026,2025-10-08 09:26:00,2025-10-08 09:28:00,19,2,5,2025-10-08,B003
R002_up_T004,R002_up,S047,2025-10-08 09:27:00,2025-10-08 09:29:00,5,9,1,2025-10-08,B003
R002_up_T004,R002_up,S003,2025-10-08 09:40:00,2025-10-08 09:43:00,18,7,7,2025-10-08,B003
R002_up_T004,R002_up,S039,2025-10-08 09:50:00,2025-10-08 09:51:00,17,5,8,2025-10-08,B003
R002_up_T004,R002_up,S012,2025-10-08 09:51:00,2025-10-08 09:54:00,14,4,3,2025-10-08,B003
R002_up_T005,R002_up,S020,2025-10-08 09:38:00,2025-10-08 09:41:00,13,9,-1,2025-10-08,B025
R002_up_T005,R002_up,S010,2025-10-08 09:48:00,2025-10-08 09:51:00,8,7,1,2025-10-08,B025
R002_up_T005,R002_up,S015,2025-10-08 10:03:00,2025-10-08 10:04:00,18,10,7,2025-10-08,B025
R002_up_T005,R002_up,S049,2025-10-08 10:03:00,2025-10-08 10:06:00,19,5,0,2025-10-08,B025
R002_up_T005,R002_up,S042,2025-10-08 10:10:00,2025-10-08 10:13:00,16,8,-1,2025-10-08,B025
R002_up_T005,R002_up,S017,2025-10-08 10:21:00,2025-10-08 10:24:00,15,10,4,2025-10-08,B025
R002_up_T005,R002_up,S035,2025-10-08 10:27:00,2025-10-08 10:29:00,12,6,4,2025-10-08,B025
R002_up_T005,R002_up,S026,2025-10-08 10:37:00,2025-10-08 10:38:00,16,2,7,2025-10-08,B025
R002_up_T005,R002_up,S047,2025-10-08 10:39:00,2025-10-08 10:40:00,14,5,5,2025-10-08,B025
R002_up_T005,R002_up,S003,2025-10-08 10:43:00,2025-10-08 10:46:00,10,0,3,2025-10-08,B025
R002_up_T005,R002_up,S039,2025-10-08 10:45:00,2025-10-08 10:48:00,12,6,-1,2025-10-08,B025
R002_up_T005,R002_up,S012,2025-10-08 10:55:00,2025-10-08 10:58:00,6,3,2,2025-10-08,B025
R002_up_T006,R002_up,S020,2025-10-08 10:24:00,2025-10-08 10:25:00,10,8,5,2025-10-08,B002
R002_up_T006,R002_up,S010,2025-10-08 10:31:00,2025-10-08 10:33:00,18,6,5,2025-10-08,B002
R002_up_T006,R002_up,S015,2025-10-08 10:31:00,2025-10-08 10:33:00,19,0,0,2025-10-08,B002
R002_up_T006,R002_up,S049,2025-10-08 10:42:00,2025-10-08 10:44:00,15,11,4,2025-10-08,B002
R002_up_T006,R002_up,S042,2025-10-08 10:51:00,2025-10-08 10:53:00,14,6,5,2025-10-08,B002
R002_up_T006,R002_up,S017,2025-10-08 10:50:00,2025-10-08 10:52:00,13,3,-2,2025-10-08,B002
R002_up_T006,R002_up,S035,2025-10-08 10:57:00,2025-10-08 10:58:00,14,8,0,2025-10-08,B002
R002_up_T006,R002_up,S026,2025-10-08 11:05:00,2025-10-08 11:08:00,14,10,4,2025-10-08,B002
R002_up_T006,R002_up,S047,2025-10-08 11:14:00,2025-10-08 11:15:00,4,7,5,2025-10-08,B002
R002_up_T006,R002_up,S003,2025-10-08 11:16:00,2025-10-08 11:17:00,8,5,3,2025-10-08,B002
R002_up_T006,R002_up,S039,2025-10-08 11:20:00,2025-10-08 11:22:00,11,5,1,2025-10-08,B002
R002_up_T006,R002_up,S012,2025-10-08 11:28:00,2025-10-08 11:29:00,9,2,1,2025-10-08,B002
R002_up_T007,R002_up,S020,2025-10-08 10:37:00,2025-10-08 10:39:00,14,7,2,2025-10-08,B024
R002_up_T007,R002_up,S010,2025-10-08 10:42:00,2025-10-08 10:44:00,9,9,1,2025-10-08,B024
R002_up_T007,R002_up,S015,2025-10-08 10:55:00,2025-10-08 10:57:00,11,2,7,2025-10-08,B024
R002_up_T007,R002_up,S049,2025-10-08 10:56:00,2025-10-08 10:57:00,21,5,1,2025-10-08,B024
R002_up_T007,R002_up,S042,2025-10-08 11:10:00,2025-10-08 11:13:00,13,7,8,2025-10-08,B024
R002_up_T007,R002_up,S017,2025-10-08 11:12:00,2025-10-08 11:14:00,7,1,3,2025-10-08,B024
R002_up_T007,R002_up,S035,2025-10-08 11:17:00,2025-10-08 11:20:00,8,6,1,2025-10-08,B024
R002_up_T007,R002_up,S026,2025-10-08 11:29:00,2025-10-08 11:32:00,11,3,4,2025-10-08,B024
R002_up_T007,R002_up,S047,2025-10-08 11:37:00,2025-10-08 11:39:00,12,7,6,2025-10-08,B024
R002_up_T007,R002_up,S003,2025-10-08 11:44:00,2025-10-08 11:46:00,3,0,6,2025-10-08,B024
R002_up_T007,R002_up,S039,2025-10-08 11:52:00,2025-10-08 11:55:00,4,5,7,2025-10-08,B024
R002_up_T007,R002_up,S012,2025-10-08 11:52:00,2025-10-08 11:54:00,6,3,-1,2025-10-08,B024
R002_up_T008,R002_up,S020,2025-10-08 11:22:00,2025-10-08 11:23:00,1,2,7,2025-10-08,B019
R002_up_T008,R002_up,S010,2025-10-08 11:29:00,2025-10-08 11:31:00,8,5,8,2025-10-08,B019
R002_up_T008,R002_up,S015,2025-10-08 11:25:00,2025-10-08 11:28:00,8,5,-1,2025-10-08,B019
R002_up_T008,R002_up,S049,2025-10-08 11:35:00,2025-10-08 11:36:00,2,8,3,2025-10-08,B019
R002_up_T008,R002_up,S042,2025-10-08 11:34:00,2025-10-08 11:36:00,7,5,-2,2025-10-08,B019
R002_up_T008,R002_up,S017,2025-10-08 11:39:00,2025-10-08 11:40:00,8,8,-2,2025-10-08,B019
R002_up_T008,R002_up,S035,2025-10-08 11:46:00,2025-10-08 11:47:00,4,5,1,2025-10-08,B019
R002_up_T008,R002_up,S026,2025-10-08 11:55:00,2025-10-08 11:57:00,8,2,5,2025-10-08,B019
R002_up_T008,R002_up,S047,2025-10-08 11:56:00,2025-10-08 11:59:00,3,10,-2,2025-10-08,B019
R002_up_T008,R002_up,S003,2025-10-08 12:04:00,2025-10-08 12:05:00,11,4,0,2025-10-08,B019
R002_up_T008,R002_up,S039,2025-10-08 12:18:00,2025-10-08 12:19:00,13,3,7,2025-10-08,B019
R002_up_T008,R002_up,S012,2025-10-08 12:18:00,2025-10-08 12:19:00,5,7,3,2025-10-08,B019
R002_up_T009,R002_up,S020,2025-10-08 12:56:00,2025-10-08 12:58:00,12,4,7,2025-10-08,B007
R002_up_T009,R002_up,S010,2025-10-08 13:02:00,2025-10-08 13:03:00,11,2,7,2025-10-08,B007
R002_up_T009,R002_up,S015,2025-10-08 13:09:00,2025-10-08 13:10:00,10,9,7,2025-10-08,B007
R002_up_T009,R002_up,S049,2025-10-08 13:10:00,2025-10-08 13:12:00,3,10,4,2025-10-08,B007
R002_up_T009,R002_up,S042,2025-10-08 13:13:00,2025-10-08 13:15:00,8,0,0,2025-10-08,B007
R002_up_T009,R002_up,S017,2025-10-08 13:24:00,2025-10-08 13:25:00,7,8,4,2025-10-08,B007
R002_up_T009,R002_up,S035,2025-10-08 13:29:00,2025-10-08 13:31:00,11,1,2,2025-10-08,B007
R002_up_T009,R002_up,S026,2025-10-08 13:30:00,2025-10-08 13:31:00,12,10,-2,2025-10-08,B007
R002_up_T009,R002_up,S047,2025-10-08 13:40:00,2025-10-08 13:43:00,7,12,4,2025-10-08,B007
R002_up_T009,R002_up,S003,2025-10-08 13:50:00,2025-10-08 13:52:00,11,3,5,2025-10-08,B007
R002_up_T009,R002_up,S039,2025-10-08 13:48:00,2025-10-08 13:51:00,2,0,-2,2025-10-08,B007
R002_up_T009,R002_up,S012,2025-10-08 14:05:00,2025-10-08 14:08:00,10,7,7,2025-10-08,B007
R002_up_T010,R002_up,S020,2025-10-08 14:42:00,2025-10-08 14:43:00,6,5,8,2025-10-08,B002
R002_up_T010,R002_up,S010,2025-10-08 14:37:00,2025-10-08 14:39:00,0,3,-1,2025-10-08,B002
R002_up_T010,R002_up,S015,2025-10-08 14:53:00,2025-10-08 14:56:00,8,5,7,2025-10-08,B002
R002_up_T010,R002_up,S049,2025-10-08 15:00:00,2025-10-08 15:02:00,12,0,7,2025-10-08,B002
R002_up_T010,R002_up,S042,2025-10-08 15:08:00,2025-10-08 15:11:00,14,6,7,2025-10-08,B002
R002_up_T010,R002_up,S017,2025-10-08 15:17:00,2025-10-08 15:19:00,8,2,8,2025-10-08,B002
R002_up_T010,R002_up,S035,2025-10-08 15:16:00,2025-10-08 15:18:00,4,6,1,2025-10-08,B002
R002_up_T010,R002_up,S026,2025-10-08 15:21:00,2025-10-08 15:24:00,6,4,-1,2025-10-08,B002
R002_up_T010,R002_up,S047,2025-10-08 15:35:00,2025-10-08 15:38:00,6,0,5,2025-10-08,B002
R002_up_T010,R002_up,S003,2025-10-08 15:35:00,2025-10-08 15:36:00,5,10,-2,2025-10-08,B002
R002_up_T010,R002_up,S039,2025-10-08 15:47:00,2025-10-08 15:50:00,2,9,6,2025-10-08,B002
R002_up_T010,R002_up,S012,2025-10-08 15:50:00,2025-10-08 15:51:00,14,5,1,2025-10-08,B002
R002_up_T011,R002_up,S020,2025-10-08 16:06:00,2025-10-08 16:09:00,15,4,4,2025-10-08,B002
R002_up_T011,R002_up,S010,2025-10-08 16:13:00,2025-10-08 16:14:00,9,7,3,2025-10-08,B002
R002_up_T011,R002_up,S015,2025-10-08 16:24:00,2025-10-08 16:25:00,7,1,8,2025-10-08,B002
R002_up_T011,R002_up,S049,2025-10-08 16:28:00,2025-10-08 16:30:00,11,1,5,2025-10-08,B002
R002_up_T011,R002_up,S042,2025-10-08 16:36:00,2025-10-08 16:38:00,13,6,6,2025-10-08,B002
R002_up_T011,R002_up,S017,2025-10-08 16:44:00,2025-10-08 16:47:00,10,5,7,2025-10-08,B002
R002_up_T011,R002_up,S035,2025-10-08 16:51:00,2025-10-08 16:53:00,13,7,8,2025-10-08,B002
R002_up_T011,R002_up,S026,2025-10-08 16:48:00,2025-10-08 16:49:00,9,9,0,2025-10-08,B002
R002_up_T011,R002_up,S047,2025-10-08 16:55:00,2025-10-08 16:56:00,3,2,1,2025-10-08,B002
R002_up_T011,R002_up,S003,2025-10-08 16:57:00,2025-10-08 17:00:00,8,5,-1,2025-10-08,B002
R002_up_T011,R002_up,S039,2025-10-08 17:06:00,2025-10-08 17:08:00,8,9,2,2025-10-08,B002
R002_up_T011,R002_up,S012,2025-10-08 17:08:00,2025-10-08 17:11:00,6,11,-2,2025-10-08,B002
R002_up_T012,R002_up,S020,2025-10-08 16:48:00,2025-10-08 16:49:00,4,6,0,2025-10-08,B023
R002_up_T012,R002_up,S010,2025-10-08 16:53:00,2025-10-08 16:56:00,0,4,0,2025-10-08,B023
R002_up_T012,R002_up,S015,2025-10-08 17:07:00,2025-10-08 17:09:00,8,13,5,2025-10-08,B023
R002_up_T012,R002_up,S049,2025-10-08 17:13:00,2025-10-08 17:14:00,11,24,4,2025-10-08,B023
R002_up_T012,R002_up,S042,2025-10-08 17:13:00,2025-10-08 17:14:00,5,17,-2,2025-10-08,B023
R002_up_T012,R002_up,S017,2025-10-08 17:24:00,2025-10-08 17:27:00,1,11,4,2025-10-08,B023
R002_up_T012,R002_up,S035,2025-10-08 17:25:00,2025-10-08 17:26:00,0,22,-2,2025-10-08,B023
R002_up_T012,R002_up,S026,2025-10-08 17:38:00,2025-10-08 17:39:00,9,10,7,2025-10-08,B023
R002_up_T012,R002_up,S047,2025-10-08 17:39:00,2025-10-08 17:40:00,10,8,2,2025-10-08,B023
R002_up_T012,R002_up,S003,2025-10-08 17:46:00,2025-10-08 17:47:00,4,22,3,2025-10-08,B023
R002_up_T012,R002_up,S039,2025-10-08 17:58:00,2025-10-08 18:00:00,0,11,8,2025-10-08,B023
R002_up_T012,R002_up,S012,2025-10-08 18:03:00,2025-10-08 18:04:00,6,22,7,2025-10-08,B023
R002_up_T013,R002_up,S020,2025-10-08 17:37:00,2025-10-08 17:38:00,4,11,5,2025-10-08,B020
R002_up_T013,R002_up,S010,2025-10-08 17:41:00,2025-10-08 17:43:00,4,16,4,2025-10-08,B020
R002_up_T013,R002_up,S015,2025-10-08 17:47:00,2025-10-08 17:50:00,1,9,3,2025-10-08,B020
R002_up_T013,R002_up,S049,2025-10-08 17:51:00,2025-10-08 17:54:00,7,8,1,2025-10-08,B020
R002_up_T013,R002_up,S042,2025-10-08 18:03:00,2025-10-08 18:04:00,5,18,7,2025-10-08,B020
R002_up_T013,R002_up,S017,2025-10-08 18:02:00,2025-10-08 18:04:00,3,8,2,2025-10-08,B020
R002_up_T013,R002_up,S035,2025-10-08 18:10:00,2025-10-08 18:11:00,4,18,4,2025-10-08,B020
R002_up_T013,R002_up,S026,2025-10-08 18:08:00,2025-10-08 18:11:00,8,13,-2,2025-10-08,B020
R002_up_T013,R002_up,S047,2025-10-08 18:16:00,2025-10-08 18:19:00,0,8,-1,2025-10-08,B020
R002_up_T013,R002_up,S003,2025-10-08 18:25:00,2025-10-08 18:27:00,8,25,0,2025-10-08,B020
R002_up_T013,R002_up,S039,2025-10-08 18:32:00,2025-10-08 18:35:00,1,8,2,2025-10-08,B020
R002_up_T013,R002_up,S012,2025-10-08 18:40:00,2025-10-08 18:42:00,7,19,3,2025-10-08,B020
R002_up_T014,R002_up,S020,2025-10-08 18:22:00,2025-10-08 18:24:00,6,7,8,2025-10-08,B018
R002_up_T014,R002_up,S010,2025-10-08 18:24:00,2025-10-08 18:26:00,5,14,2,2025-10-08,B018
R002_up_T014,R002_up,S015,2025-10-08 18:32:00,2025-10-08 18:35:00,8,22,3,2025-10-08,B018
R002_up_T014,R002_up,S049,2025-10-08 18:40:00,2025-10-08 18:43:00,4,9,5,2025-10-08,B018
R002_up_T014,R002_up,S042,2025-10-08 18:52:00,2025-10-08 18:54:00,5,16,8,2025-10-08,B018
R002_up_T014,R002_up,S017,2025-10-08 18:52:00,2025-10-08 18:55:00,5,16,2,2025-10-08,B018
R002_up_T014,R002_up,S035,2025-10-08 19:00:00,2025-10-08 19:01:00,10,20,3,2025-10-08,B018
R002_up_T014,R002_up,S026,2025-10-08 19:07:00,2025-10-08 19:10:00,2,13,3,2025-10-08,B018
R002_up_T014,R002_up,S047,2025-10-08 19:16:00,2025-10-08 19:19:00,12,18,3,2025-10-08,B018
R002_up_T014,R002_up,S003,2025-10-08 19:19:00,2025-10-08 19:22:00,6,18,-1,2025-10-08,B018
R002_up_T014,R002_up,S039,2025-10-08 19:34:00,2025-10-08 19:36:00,6,13,7,2025-10-08,B018
R002_up_T014,R002_up,S012,2025-10-08 19:37:00,2025-10-08 19:39:00,6,21,5,2025-10-08,B018
R002_up_T015,R002_up,S020,2025-10-08 18:51:00,2025-10-08 18:54:00,7,32,-2,2025-10-08,B013
R002_up_T015,R002_up,S010,2025-10-08 19:03:00,2025-10-08 19:05:00,5,15,2,2025-10-08,B013
R002_up_T015,R002_up,S015,2025-10-08 19:10:00,2025-10-08 19:11:00,6,11,4,2025-10-08,B013
R002_up_T015,R002_up,S049,2025-10-08 19:16:00,2025-10-08 19:18:00,9,7,3,2025-10-08,B013
R002_up_T015,R002_up,S042,2025-10-08 19:21:00,2025-10-08 19:24:00,1,16,2,2025-10-08,B013
R002_up_T015,R002_up,S017,2025-10-08 19:33:00,2025-10-08 19:34:00,3,19,5,2025-10-08,B013
R002_up_T015,R002_up,S035,2025-10-08 19:40:00,2025-10-08 19:41:00,4,10,7,2025-10-08,B013
R002_up_T015,R002_up,S026,2025-10-08 19:44:00,2025-10-08 19:46:00,2,12,7,2025-10-08,B013
R002_up_T015,R002_up,S047,2025-10-08 19:43:00,2025-10-08 19:45:00,6,12,-2,2025-10-08,B013
R002_up_T015,R002_up,S003,2025-10-08 19:56:00,2025-10-08 19:57:00,5,7,6,2025-10-08,B013
R002_up_T015,R002_up,S039,2025-10-08 20:00:00,2025-10-08 20:02:00,6,11,5,2025-10-08,B013
R002_up_T015,R002_up,S012,2025-10-08 20:09:00,2025-10-08 20:10:00,6,10,8,2025-10-08,B013
R002_up_T016,R002_up,S020,2025-10-08 19:52:00,2025-10-08 19:53:00,3,13,0,2025-10-08,B003
R002_up_T016,R002_up,S010,2025-10-08 19:56:00,2025-10-08 19:57:00,6,19,-2,2025-10-08,B003
R002_up_T016,R002_up,S015,2025-10-08 20:06:00,2025-10-08 20:08:00,3,14,2,2025-10-08,B003
R002_up_T016,R002_up,S049,2025-10-08 20:14:00,2025-10-08 20:17:00,0,9,5,2025-10-08,B003
R002_up_T016,R002_up,S042,2025-10-08 20:22:00,2025-10-08 20:23:00,4,11,5,2025-10-08,B003
R002_up_T016,R002_up,S017,2025-10-08 20:28:00,2025-10-08 20:31:00,9,13,4,2025-10-08,B003
R002_up_T016,R002_up,S035,2025-10-08 20:34:00,2025-10-08 20:37:00,8,9,3,2025-10-08,B003
R002_up_T016,R002_up,S026,2025-10-08 20:46:00,2025-10-08 20:48:00,5,16,6,2025-10-08,B003
R002_up_T016,R002_up,S047,2025-10-08 20:51:00,2025-10-08 20:54:00,7,19,4,2025-10-08,B003
R002_up_T016,R002_up,S003,2025-10-08 21:02:00,2025-10-08 21:05:00,9,11,8,2025-10-08,B003
R002_up_T016,R002_up,S039,2025-10-08 21:01:00,2025-10-08 21:02:00,7,6,-2,2025-10-08,B003
R002_up_T016,R002_up,S012,2025-10-08 21:12:00,2025-10-08 21:15:00,13,10,2,2025-10-08,B003
R002_up_T017,R002_up,S020,2025-10-08 20:34:00,2025-10-08 20:36:00,9,11,4,2025-10-08,B009
R002_up_T017,R002_up,S010,2025-10-08 20:36:00,2025-10-08 20:39:00,4,8,-1,2025-10-08,B009
R002_up_T017,R002_up,S015,2025-10-08 20:49:00,2025-10-08 20:51:00,6,9,6,2025-10-08,B009
R002_up_T017,R002_up,S049,2025-10-08 20:47:00,2025-10-08 20:49:00,4,11,-2,2025-10-08,B009
R002_up_T017,R002_up,S042,2025-10-08 20:57:00,2025-10-08 21:00:00,6,4,0,2025-10-08,B009
R002_up_T017,R002_up,S017,2025-10-08 21:01:00,2025-10-08 21:02:00,3,11,-2,2025-10-08,B009
R002_up_T017,R002_up,S035,2025-10-08 21:07:00,2025-10-08 21:10:00,8,17,-1,2025-10-08,B009
R002_up_T017,R002_up,S026,2025-10-08 21:22:00,2025-10-08 21:24:00,1,16,5,2025-10-08,B009
R002_up_T017,R002_up,S047,2025-10-08 21:32:00,2025-10-08 21:34:00,7,15,8,2025-10-08,B009
R002_up_T017,R002_up,S003,2025-10-08 21:31:00,2025-10-08 21:32:00,8,8,2,2025-10-08,B009
R002_up_T017,R002_up,S039,2025-10-08 21:39:00,2025-10-08 21:40:00,4,9,6,2025-10-08,B009
R002_up_T017,R002_up,S012,2025-10-08 21:37:00,2025-10-08 21:38:00,9,16,-1,2025-10-08,B009
R002_up_T018,R002_up,S020,2025-10-08 20:54:00,2025-10-08 20:55:00,7,14,8,2025-10-08,B001
R002_up_T018,R002_up,S010,2025-10-08 20:57:00,2025-10-08 21:00:00,6,20,4,2025-10-08,B001
R002_up_T018,R002_up,S015,2025-10-08 20:59:00,2025-10-08 21:01:00,10,15,-2,2025-10-08,B001
R002_up_T018,R002_up,S049,2025-10-08 21:07:00,2025-10-08 21:09:00,6,10,-1,2025-10-08,B001
R002_up_T018,R002_up,S042,2025-10-08 21:18:00,2025-10-08 21:21:00,4,7,5,2025-10-08,B001
R002_up_T018,R002_up,S017,2025-10-08 21:19:00,2025-10-08 21:22:00,1,2,-1,2025-10-08,B001
R002_up_T018,R002_up,S035,2025-10-08 21:29:00,2025-10-08 21:30:00,12,10,0,2025-10-08,B001
R002_up_T018,R002_up,S026,2025-10-08 21:35:00,2025-10-08 21:37:00,1,10,-1,2025-10-08,B001
R002_up_T018,R002_up,S047,2025-10-08 21:44:00,2025-10-08 21:47:00,9,18,3,2025-10-08,B001
R002_up_T018,R002_up,S003,2025-10-08 21:48:00,2025-10-08 21:51:00,11,3,-2,2025-10-08,B001
R002_up_T018,R002_up,S039,2025-10-08 22:05:00,2025-10-08 22:08:00,9,12,6,2025-10-08,B001
R002_up_T018,R002_up,S012,2025-10-08 22:10:00,2025-10-08 22:12:00,5,15,5,2025-10-08,B001
R002_up_T019,R002_up,S020,2025-10-08 21:17:00,2025-10-08 21:18:00,4,18,7,2025-10-08,B015
R002_up_T019,R002_up,S010,2025-10-08 21:14:00,2025-10-08 21:16:00,5,19,-2,2025-10-08,B015
R002_up_T019,R002_up,S015,2025-10-08 21:28:00,2025-10-08 21:29:00,7,19,5,2025-10-08,B015
R002_up_T019,R002_up,S049,2025-10-08 21:30:00,2025-10-08 21:33:00,10,14,0,2025-10-08,B015
R002_up_T019,R002_up,S042,2025-10-08 21:40:00,2025-10-08 21:42:00,2,20,4,2025-10-08,B015
R002_up_T019,R002_up,S017,2025-10-08 21:46:00,2025-10-08 21:48:00,10,18,3,2025-10-08,B015
R002_up_T019,R002_up,S035,2025-10-08 21:47:00,2025-10-08 21:49:00,2,14,-2,2025-10-08,B015
R002_up_T019,R002_up,S026,2025-10-08 21:57:00,2025-10-08 21:58:00,5,19,0,2025-10-08,B015
R002_up_T019,R002_up,S047,2025-10-08 22:02:00,2025-10-08 22:05:00,5,14,0,2025-10-08,B015
R002_up_T019,R002_up,S003,2025-10-08 22:12:00,2025-10-08 22:13:00,11,12,1,2025-10-08,B015
R002_up_T019,R002_up,S039,2025-10-08 22:22:00,2025-10-08 22:25:00,9,12,5,2025-10-08,B015
R002_up_T019,R002_up,S012,2025-10-08 22:25:00,2025-10-08 22:26:00,5,18,1,2025-10-08,B015
R002_up_T020,R002_up,S020,2025-10-08 21:37:00,2025-10-08 21:39:00,7,12,7,2025-10-08,B015
R002_up_T020,R002_up,S010,2025-10-08 21:38:00,2025-10-08 21:41:00,4,21,3,2025-10-08,B015
R002_up_T020,R002_up,S015,2025-10-08 21:48:00,2025-10-08 21:50:00,7,15,7,2025-10-08,B015
R002_up_T020,R002_up,S049,2025-10-08 21:51:00,2025-10-08 21:52:00,6,19,4,2025-10-08,B015
R002_up_T020,R002_up,S042,2025-10-08 21:50:00,2025-10-08 21:51:00,4,17,-1,2025-10-08,B015
R002_up_T020,R002_up,S017,2025-10-08 22:02:00,2025-10-08 22:03:00,9,8,5,2025-10-08,B015
R002_up_T020,R002_up,S035,2025-10-08 22:07:00,2025-10-08 22:10:00,6,12,6,2025-10-08,B015
R002_up_T020,R002_up,S026,2025-10-08 22:05:00,2025-10-08 22:08:00,8,17,-2,2025-10-08,B015
R002_up_T020,R002_up,S047,2025-10-08 22:19:00,2025-10-08 22:20:00,6,11,3,2025-10-08,B015
R002_up_T020,R002_up,S003,2025-10-08 22:21:00,2025-10-08 22:24:00,4,17,-2,2025-10-08,B015
R002_up_T020,R002_up,S039,2025-10-08 22:40:00,2025-10-08 22:41:00,3,12,8,2025-10-08,B015
R002_up_T020,R002_up,S012,2025-10-08 22:35:00,2025-10-08 22:37:00,7,13,-1,2025-10-08,B015
R002_up_T021,R002_up,S020,2025-10-08 21:57:00,2025-10-08 22:00:00,10,14,6,2025-10-08,B017
R002_up_T021,R002_up,S010,2025-10-08 22:00:00,2025-10-08 22:01:00,15,12,2,2025-10-08,B017
R002_up_T021,R002_up,S015,2025-10-08 22:10:00,2025-10-08 22:11:00,11,15,8,2025-10-08,B017
R002_up_T021,R002_up,S049,2025-10-08 22:08:00,2025-10-08 22:09:00,5,22,1,2025-10-08,B017
R002_up_T021,R002_up,S042,2025-10-08 22:15:00,2025-10-08 22:18:00,9,19,4,2025-10-08,B017
R002_up_T021,R002_up,S017,2025-10-08 22:19:00,2025-10-08 22:20:00,10,20,2,2025-10-08,B017
R002_up_T021,R002_up,S035,2025-10-08 22:31:00,2025-10-08 22:34:00,3,14,8,2025-10-08,B017
R002_up_T021,R002_up,S026,2025-10-08 22:34:00,2025-10-08 22:37:00,7,11,3,2025-10-08,B017
R002_up_T021,R002_up,S047,2025-10-08 22:35:00,2025-10-08 22:36:00,5,8,-2,2025-10-08,B017
R002_up_T021,R002_up,S003,2025-10-08 22:41:00,2025-10-08 22:44:00,3,12,-1,2025-10-08,B017
R002_up_T021,R002_up,S039,2025-10-08 22:57:00,2025-10-08 22:58:00,3,20,7,2025-10-08,B017
R002_up_T021,R002_up,S012,2025-10-08 23:02:00,2025-10-08 23:04:00,11,16,5,2025-10-08,B017
R002_up_T022,R002_up,S020,2025-10-08 22:35:00,2025-10-08 22:37:00,14,15,2,2025-10-08,B017
R002_up_T022,R002_up,S010,2025-10-08 22:38:00,2025-10-08 22:41:00,4,7,0,2025-10-08,B017
R002_up_T022,R002_up,S015,2025-10-08 22:52:00,2025-10-08 22:54:00,6,6,6,2025-10-08,B017
R002_up_T022,R002_up,S049,2025-10-08 23:02:00,2025-10-08 23:03:00,5,9,8,2025-10-08,B017
R002_up_T022,R002_up,S042,2025-10-08 23:02:00,2025-10-08 23:04:00,6,6,1,2025-10-08,B017
R002_up_T022,R002_up,S017,2025-10-08 23:14:00,2025-10-08 23:15:00,7,9,8,2025-10-08,B017
R002_up_T022,R002_up,S035,2025-10-08 23:19:00,2025-10-08 23:21:00,10,11,7,2025-10-08,B017
R002_up_T022,R002_up,S026,2025-10-08 23:16:00,2025-10-08 23:19:00,9,5,-1,2025-10-08,B017
R002_up_T022,R002_up,S047,2025-10-08 23:32:00,2025-10-08 23:33:00,4,7,6,2025-10-08,B017
R002_up_T022,R002_up,S003,2025-10-08 23:34:00,2025-10-08 23:37:00,4,8,2,2025-10-08,B017
R002_up_T022,R002_up,S039,2025-10-08 23:40:00,2025-10-08 23:43:00,8,4,-1,2025-10-08,B017
R002_up_T022,R002_up,S012,2025-10-08 23:51:00,2025-10-08 23:53:00,13,6,3,2025-10-08,B017
R002_up_T023,R002_up,S020,2025-10-08 22:54:00,2025-10-08 22:55:00,4,13,3,2025-10-08,B015
R002_up_T023,R002_up,S010,2025-10-08 22:59:00,2025-10-08 23:02:00,9,11,4,2025-10-08,B015
R002_up_T023,R002_up,S015,2025-10-08 23:01:00,2025-10-08 23:03:00,5,9,-2,2025-10-08,B015
R002_up_T023,R002_up,S049,2025-10-08 23:15:00,2025-10-08 23:16:00,8,2,5,2025-10-08,B015
R002_up_T023,R002_up,S042,2025-10-08 23:13:00,2025-10-08 23:15:00,10,3,-1,2025-10-08,B015
R002_up_T023,R002_up,S017,2025-10-08 23:23:00,2025-10-08 23:25:00,6,8,3,2025-10-08,B015
R002_up_T023,R002_up,S035,2025-10-08 23:27:00,2025-10-08 23:30:00,10,7,2,2025-10-08,B015
R002_up_T023,R002_up,S026,2025-10-08 23:36:00,2025-10-08 23:37:00,3,8,3,2025-10-08,B015
R002_up_T023,R002_up,S047,2025-10-08 23:38:00,2025-10-08 23:39:00,12,7,1,2025-10-08,B015
R002_up_T023,R002_up,S003,2025-10-08 23:42:00,2025-10-08 23:44:00,5,6,1,2025-10-08,B015
R002_up_T023,R002_up,S039,2025-10-08 23:48:00,2025-10-08 23:50:00,9,7,-1,2025-10-08,B015
R002_up_T023,R002_up,S012,2025-10-08 23:59:00,2025-10-09 00:00:00,8,6,2,2025-10-08,B015
R002_down_T001,R002_down,S012,2025-10-08 06:23:00,2025-10-08 06:24:00,8,4,-1,2025-10-08,B023
R002_down_T001,R002_down,S039,2025-10-08 06:33:00,2025-10-08 06:36:00,7,6,5,2025-10-08,B023
R002_down_T001,R002_down,S003,2025-10-08 06:39:00,2025-10-08 06:41:00,3,8,2,2025-10-08,B023
R002_down_T001,R002_down,S047,2025-10-08 06:47:00,2025-10-08 06:48:00,13,6,4,2025-10-08,B023
R002_down_T001,R002_down,S026,2025-10-08 06:52:00,2025-10-08 06:54:00,10,8,2,2025-10-08,B023
R002_down_T001,R002_down,S035,2025-10-08 06:57:00,2025-10-08 06:58:00,6,3,2,2025-10-08,B023
R002_down_T001,R002_down,S017,2025-10-08 07:04:00,2025-10-08 07:07:00,5,5,3,2025-10-08,B023
R002_down_T001,R002_down,S042,2025-10-08 07:15:00,2025-10-08 07:17:00,6,12,6,2025-10-08,B023
R002_down_T001,R002_down,S049,2025-10-08 07:23:00,2025-10-08 07:25:00,4,12,7,2025-10-08,B023
R002_down_T001,R002_down,S015,2025-10-08 07:30:00,2025-10-08 07:33:00,10,11,7,2025-10-08,B023
R002_down_T001,R002_down,S010,2025-10-08 07:39:00,2025-10-08 07:41:00,4,11,7,2025-10-08,B023
R002_down_T001,R002_down,S020,2025-10-08 07:46:00,2025-10-08 07:47:00,0,16,7,2025-10-08,B023
R002_down_T002,R002_down,S012,2025-10-08 07:19:00,2025-10-08 07:21:00,1,19,8,2025-10-08,B011
R002_down_T002,R002_down,S039,2025-10-08 07:24:00,2025-10-08 07:25:00,4,20,8,2025-10-08,B011
R002_down_T002,R002_down,S003,2025-10-08 07:23:00,2025-10-08 07:26:00,10,11,3,2025-10-08,B011
R002_down_T002,R002_down,S047,2025-10-08 07:25:00,2025-10-08 07:28:00,6,14,-1,2025-10-08,B011
R002_down_T002,R002_down,S026,2025-10-08 07:42:00,2025-10-08 07:45:00,8,13,8,2025-10-08,B011
R002_down_T002,R002_down,S035,2025-10-08 07:51:00,2025-10-08 07:52:00,5,11,8,2025-10-08,B011
R002_down_T002,R002_down,S017,2025-10-08 07:57:00,2025-10-08 07:58:00,2,17,8,2025-10-08,B011
R002_down_T002,R002_down,S042,2025-10-08 07:52:00,2025-10-08 07:53:00,7,16,-2,2025-10-08,B011
R002_down_T002,R002_down,S049,2025-10-08 08:05:00,2025-10-08 08:08:00,4,19,6,2025-10-08,B011
R002_down_T002,R002_down,S015,2025-10-08 08:09:00,2025-10-08 08:12:00,0,10,2,2025-10-08,B011
R002_down_T002,R002_down,S010,2025-10-08 08:21:00,2025-10-08 08:24:00,6,21,7,2025-10-08,B011
R002_down_T002,R002_down,S020,2025-10-08 08:21:00,2025-10-08 08:22:00,5,19,1,2025-10-08,B011
R002_down_T003,R002_down,S012,2025-10-08 07:42:00,2025-10-08 07:44:00,6,5,-1,2025-10-08,B022
R002_down_T003,R002_down,S039,2025-10-08 07:52:00,2025-10-08 07:54:00,4,16,1,2025-10-08,B022
R002_down_T003,R002_down,S003,2025-10-08 08:04:00,2025-10-08 08:07:00,5,17,6,2025-10-08,B022
R002_down_T003,R002_down,S047,2025-10-08 08:13:00,2025-10-08 08:16:00,7,18,7,2025-10-08,B022
R002_down_T003,R002_down,S026,2025-10-08 08:15:00,2025-10-08 08:16:00,11,11,1,2025-10-08,B022
R002_down_T003,R002_down,S035,2025-10-08 08:24:00,2025-10-08 08:25:00,5,21,6,2025-10-08,B022
R002_down_T003,R002_down,S017,2025-10-08 08:28:00,2025-10-08 08:30:00,6,15,4,2025-10-08,B022
R002_down_T003,R002_down,S042,2025-10-08 08:39:00,2025-10-08 08:40:00,5,20,8,2025-10-08,B022
R002_down_T003,R002_down,S049,2025-10-08 08:35:00,2025-10-08 08:37:00,3,7,0,2025-10-08,B022
R002_down_T003,R002_down,S015,2025-10-08 08:49:00,2025-10-08 08:52:00,1,16,7,2025-10-08,B022
R002_down_T003,R002_down,S010,2025-10-08 08:49:00,2025-10-08 08:50:00,9,6,-1,2025-10-08,B022
R002_down_T003,R002_down,S020,2025-10-08 09:01:00,2025-10-08 09:02:00,6,15,4,2025-10-08,B022
R002_down_T004,R002_down,S012,2025-10-08 08:37:00,2025-10-08 08:40:00,8,12,8,2025-10-08,B015
R002_down_T004,R002_down,S039,2025-10-08 08:35:00,2025-10-08 08:38:00,2,15,-2,2025-10-08,B015
R002_down_T004,R002_down,S003,2025-10-08 08:44:00,2025-10-08 08:46:00,7,9,-2,2025-10-08,B015
R002_down_T004,R002_down,S047,2025-10-08 08:56:00,2025-10-08 08:57:00,7,0,4,2025-10-08,B015
R002_down_T004,R002_down,S026,2025-10-08 09:00:00,2025-10-08 09:01:00,13,16,2,2025-10-08,B015
R002_down_T004,R002_down,S035,2025-10-08 09:03:00,2025-10-08 09:05:00,3,19,0,2025-10-08,B015
R002_down_T004,R002_down,S017,2025-10-08 09:14:00,2025-10-08 09:17:00,5,6,6,2025-10-08,B015
R002_down_T004,R002_down,S042,2025-10-08 09:21:00,2025-10-08 09:23:00,8,20,6,2025-10-08,B015
R002_down_T004,R002_down,S049,2025-10-08 09:23:00,2025-10-08 09:26:00,6,13,2,2025-10-08,B015
R002_down_T004,R002_down,S015,2025-10-08 09:31:00,2025-10-08 09:32:00,4,18,3,2025-10-08,B015
R002_down_T004,R002_down,S010,2025-10-08 09:34:00,2025-10-08 09:36:00,2,12,0,2025-10-08,B015
R002_down_T004,R002_down,S020,2025-10-08 09:38:00,2025-10-08 09:40:00,10,13,-1,2025-10-08,B015
R002_down_T005,R002_down,S012,2025-10-08 09:10:00,2025-10-08 09:13:00,6,22,5,2025-10-08,B008
R002_down_T005,R002_down,S039,2025-10-08 09:16:00,2025-10-08 09:17:00,5,19,4,2025-10-08,B008
R002_down_T005,R002_down,S003,2025-10-08 09:20:00,2025-10-08 09:21:00,1,5,4,2025-10-08,B008
R002_down_T005,R002_down,S047,2025-10-08 09:25:00,2025-10-08 09:26:00,12,12,2,2025-10-08,B008
R002_down_T005,R002_down,S026,2025-10-08 09:32:00,2025-10-08 09:35:00,10,9,4,2025-10-08,B008
R002_down_T005,R002_down,S035,2025-10-08 09:38:00,2025-10-08 09:39:00,7,13,2,2025-10-08,B008
R002_down_T005,R002_down,S017,2025-10-08 09:43:00,2025-10-08 09:45:00,3,7,2,2025-10-08,B008
R002_down_T005,R002_down,S042,2025-10-08 09:53:00,2025-10-08 09:55:00,3,16,6,2025-10-08,B008
R002_down_T005,R002_down,S049,2025-10-08 10:03:00,2025-10-08 10:05:00,6,19,8,2025-10-08,B008
R002_down_T005,R002_down,S015,2025-10-08 10:02:00,2025-10-08 10:04:00,6,17,0,2025-10-08,B008
R002_down_T005,R002_down,S010,2025-10-08 10:14:00,2025-10-08 10:16:00,5,15,7,2025-10-08,B008
R002_down_T005,R002_down,S020,2025-10-08 10:19:00,2025-10-08 10:21:00,6,14,6,2025-10-08,B008
R002_down_T006,R002_down,S012,2025-10-08 09:50:00,2025-10-08 09:53:00,8,8,8,2025-10-08,B008
R002_down_T006,R002_down,S039,2025-10-08 09:53:00,2025-10-08 09:56:00,1,24,2,2025-10-08,B008
R002_down_T006,R002_down,S003,2025-10-08 10:05:00,2025-10-08 10:06:00,3,15,6,2025-10-08,B008
R002_down_T006,R002_down,S047,2025-10-08 10:02:00,2025-10-08 10:03:00,4,16,-2,2025-10-08,B008
R002_down_T006,R002_down,S026,2025-10-08 10:12:00,2025-10-08 10:13:00,6,16,1,2025-10-08,B008
R002_down_T006,R002_down,S035,2025-10-08 10:22:00,2025-10-08 10:25:00,1,19,7,2025-10-08,B008
R002_down_T006,R002_down,S017,2025-10-08 10:21:00,2025-10-08 10:22:00,5,9,-2,2025-10-08,B008
R002_down_T006,R002_down,S042,2025-10-08 10:27:00,2025-10-08 10:28:00,8,14,0,2025-10-08,B008
R002_down_T006,R002_down,S049,2025-10-08 10:31:00,2025-10-08 10:34:00,9,16,-2,2025-10-08,B008
R002_down_T006,R002_down,S015,2025-10-08 10:38:00,2025-10-08 10:39:00,5,8,-1,2025-10-08,B008
R002_down_T006,R002_down,S010,2025-10-08 10:42:00,2025-10-08 10:44:00,7,17,-1,2025-10-08,B008
R002_down_T006,R002_down,S020,2025-10-08 10:49:00,2025-10-08 10:51:00,7,0,1,2025-10-08,B008
R002_down_T007,R002_down,S012,2025-10-08 10:24:00,2025-10-08 10:25:00,4,20,4,2025-10-08,B024
R002_down_T007,R002_down,S039,2025-10-08 10:25:00,2025-10-08 10:26:00,7,14,1,2025-10-08,B024
R002_down_T007,R002_down,S003,2025-10-08 10:29:00,2025-10-08 10:30:00,4,19,-1,2025-10-08,B024
R002_down_T007,R002_down,S047,2025-10-08 10:43:00,2025-10-08 10:46:00,3,14,8,2025-10-08,B024
R002_down_T007,R002_down,S026,2025-10-08 10:46:00,2025-10-08 10:49:00,10,22,2,2025-10-08,B024
R002_down_T007,R002_down,S035,2025-10-08 10:53:00,2025-10-08 10:56:00,3,23,3,2025-10-08,B024
R002_down_T007,R002_down,S017,2025-10-08 10:56:00,2025-10-08 10:57:00,8,12,0,2025-10-08,B024
R002_down_T007,R002_down,S042,2025-10-08 11:02:00,2025-10-08 11:05:00,4,1,-1,2025-10-08,B024
R002_down_T007,R002_down,S049,2025-10-08 11:16:00,2025-10-08 11:18:00,3,4,5,2025-10-08,B024
R002_down_T007,R002_down,S015,2025-10-08 11:21:00,2025-10-08 11:23:00,6,4,4,2025-10-08,B024
R002_down_T007,R002_down,S010,2025-10-08 11:25:00,2025-10-08 11:28:00,5,0,2,2025-10-08,B024
R002_down_T007,R002_down,S020,2025-10-08 11:40:00,2025-10-08 11:42:00,9,6,8,2025-10-08,B024
R002_down_T008,R002_down,S012,2025-10-08 11:20:00,2025-10-08 11:23:00,6,4,-2,2025-10-08,B013
R002_down_T008,R002_down,S039,2025-10-08 11:33:00,2025-10-08 11:35:00,5,3,3,2025-10-08,B013
R002_down_T008,R002_down,S003,2025-10-08 11:35:00,2025-10-08 11:38:00,8,8,0,2025-10-08,B013
R002_down_T008,R002_down,S047,2025-10-08 11:45:00,2025-10-08 11:48:00,8,4,3,2025-10-08,B013
R002_down_T008,R002_down,S026,2025-10-08 11:48:00,2025-10-08 11:51:00,5,7,-2,2025-10-08,B013
R002_down_T008,R002_down,S035,2025-10-08 12:00:00,2025-10-08 12:01:00,6,0,4,2025-10-08,B013
R002_down_T008,R002_down,S017,2025-10-08 12:03:00,2025-10-08 12:05:00,10,1,0,2025-10-08,B013
R002_down_T008,R002_down,S042,2025-10-08 12:15:00,2025-10-08 12:17:00,0,2,4,2025-10-08,B013
R002_down_T008,R002_down,S049,2025-10-08 12:25:00,2025-10-08 12:26:00,10,9,6,2025-10-08,B013
R002_down_T008,R002_down,S015,2025-10-08 12:34:00,2025-10-08 12:36:00,13,7,8,2025-10-08,B013
R002_down_T008,R002_down,S010,2025-10-08 12:37:00,2025-10-08 12:38:00,5,3,4,2025-10-08,B013
R002_down_T008,R002_down,S020,2025-10-08 12:39:00,2025-10-08 12:40:00,1,1,2,2025-10-08,B013
R002_down_T009,R002_down,S012,2025-10-08 11:55:00,2025-10-08 11:56:00,11,6,0,2025-10-08,B011
R002_down_T009,R002_down,S039,2025-10-08 12:00:00,2025-10-08 12:02:00,6,1,-2,2025-10-08,B011
R002_down_T009,R002_down,S003,2025-10-08 12:16:00,2025-10-08 12:17:00,5,4,8,2025-10-08,B011
R002_down_T009,R002_down,S047,2025-10-08 12:11:00,2025-10-08 12:12:00,5,11,-2,2025-10-08,B011
R002_down_T009,R002_down,S026,2025-10-08 12:26:00,2025-10-08 12:27:00,5,10,8,2025-10-08,B011
R002_down_T009,R002_down,S035,2025-10-08 12:32:00,2025-10-08 12:33:00,6,7,7,2025-10-08,B011
R002_down_T009,R002_down,S017,2025-10-08 12:38:00,2025-10-08 12:40:00,5,9,7,2025-10-08,B011
R002_down_T009,R002_down,S042,2025-10-08 12:44:00,2025-10-08 12:46:00,13,3,8,2025-10-08,B011
R002_down_T009,R002_down,S049,2025-10-08 12:51:00,2025-10-08 12:53:00,10,1,8,2025-10-08,B011
R002_down_T009,R002_down,S015,2025-10-08 12:50:00,2025-10-08 12:51:00,6,4,2,2025-10-08,B011
R002_down_T009,R002_down,S010,2025-10-08 12:51:00,2025-10-08 12:54:00,16,8,-1,2025-10-08,B011
R002_down_T009,R002_down,S020,2025-10-08 13:06:00,2025-10-08 13:09:00,9,0,6,2025-10-08,B011
R002_down_T010,R002_down,S012,2025-10-08 13:24:00,2025-10-08 13:25:00,1,5,3,2025-10-08,B005
R002_down_T010,R002_down,S039,2025-10-08 13:27:00,2025-10-08 13:28:00,9,10,0,2025-10-08,B005
R002_down_T010,R002_down,S003,2025-10-08 13:39:00,2025-10-08 13:40:00,9,7,7,2025-10-08,B005
R002_down_T010,R002_down,S047,2025-10-08 13:36:00,2025-10-08 13:38:00,6,10,-1,2025-10-08,B005
R002_down_T010,R002_down,S026,2025-10-08 13:49:00,2025-10-08 13:52:00,5,6,4,2025-10-08,B005
R002_down_T010,R002_down,S035,2025-10-08 13:57:00,2025-10-08 13:59:00,12,6,6,2025-10-08,B005
R002_down_T010,R002_down,S017,2025-10-08 13:55:00,2025-10-08 13:56:00,1,4,-2,2025-10-08,B005
R002_down_T010,R002_down,S042,2025-10-08 14:09:00,2025-10-08 14:12:00,9,4,5,2025-10-08,B005
R002_down_T010,R002_down,S049,2025-10-08 14:11:00,2025-10-08 14:13:00,8,4,0,2025-10-08,B005
R002_down_T010,R002_down,S015,2025-10-08 14:18:00,2025-10-08 14:20:00,9,8,-1,2025-10-08,B005
R002_down_T010,R002_down,S010,2025-10-08 14:31:00,2025-10-08 14:34:00,7,8,7,2025-10-08,B005
R002_down_T010,R002_down,S020,2025-10-08 14:35:00,2025-10-08 14:36:00,5,4,4,2025-10-08,B005
R002_down_T011,R002_down,S012,2025-10-08 14:07:00,2025-10-08 14:10:00,4,4,-1,2025-10-08,B022
R002_down_T011,R002_down,S039,2025-10-08 14:19:00,2025-10-08 14:21:00,10,5,5,2025-10-08,B022
R002_down_T011,R002_down,S003,2025-10-08 14:20:00,2025-10-08 14:23:00,6,6,0,2025-10-08,B022
R002_down_T011,R002_down,S047,2025-10-08 14:26:00,2025-10-08 14:28:00,7,5,-2,2025-10-08,B022
R002_down_T011,R002_down,S026,2025-10-08 14:43:00,2025-10-08 14:46:00,10,6,8,2025-10-08,B022
R002_down_T011,R002_down,S035,2025-10-08 14:49:00,2025-10-08 14:52:00,9,9,7,2025-10-08,B022
R002_down_T011,R002_down,S017,2025-10-08 14:52:00,2025-10-08 14:53:00,9,2,3,2025-10-08,B022
R002_down_T011,R002_down,S042,2025-10-08 15:02:00,2025-10-08 15:03:00,8,8,7,2025-10-08,B022
R002_down_T011,R002_down,S049,2025-10-08 15:08:00,2025-10-08 15:11:00,4,4,6,2025-10-08,B022
R002_down_T011,R002_down,S015,2025-10-08 15:09:00,2025-10-08 15:12:00,11,6,-1,2025-10-08,B022
R002_down_T011,R002_down,S010,2025-10-08 15:18:00,2025-10-08 15:20:00,8,8,1,2025-10-08,B022
R002_down_T011,R002_down,S020,2025-10-08 15:22:00,2025-10-08 15:24:00,7,6,0,2025-10-08,B022
R002_down_T012,R002_down,S012,2025-10-08 15:32:00,2025-10-08 15:33:00,5,3,0,2025-10-08,B005
R002_down_T012,R002_down,S039,2025-10-08 15:40:00,2025-10-08 15:43:00,3,0,1,2025-10-08,B005
R002_down_T012,R002_down,S003,2025-10-08 15:47:00,2025-10-08 15:50:00,10,9,0,2025-10-08,B005
R002_down_T012,R002_down,S047,2025-10-08 15:59:00,2025-10-08 16:02:00,6,6,3,2025-10-08,B005
R002_down_T012,R002_down,S026,2025-10-08 16:03:00,2025-10-08 16:05:00,8,6,-2,2025-10-08,B005
R002_down_T012,R002_down,S035,2025-10-08 16:19:00,2025-10-08 16:20:00,2,3,8,2025-10-08,B005
R002_down_T012,R002_down,S017,2025-10-08 16:21:00,2025-10-08 16:23:00,9,13,3,2025-10-08,B005
R002_down_T012,R002_down,S042,2025-10-08 16:23:00,2025-10-08 16:25:00,6,12,-1,2025-10-08,B005
R002_down_T012,R002_down,S049,2025-10-08 16:38:00,2025-10-08 16:40:00,6,9,6,2025-10-08,B005
R002_down_T012,R002_down,S015,2025-10-08 16:42:00,2025-10-08 16:44:00,8,6,5,2025-10-08,B005
R002_down_T012,R002_down,S010,2025-10-08 16:46:00,2025-10-08 16:48:00,6,5,2,2025-10-08,B005
R002_down_T012,R002_down,S020,2025-10-08 16:53:00,2025-10-08 16:55:00,12,5,3,2025-10-08,B005
R002_down_T013,R002_down,S012,2025-10-08 16:53:00,2025-10-08 16:56:00,3,6,-2,2025-10-08,B022
R002_down_T013,R002_down,S039,2025-10-08 17:06:00,2025-10-08 17:07:00,12,4,3,2025-10-08,B022
R002_down_T013,R002_down,S003,2025-10-08 17:11:00,2025-10-08 17:12:00,21,10,1,2025-10-08,B022
R002_down_T013,R002_down,S047,2025-10-08 17:21:00,2025-10-08 17:23:00,9,5,6,2025-10-08,B022
R002_down_T013,R002_down,S026,2025-10-08 17:27:00,2025-10-08 17:28:00,14,3,5,2025-10-08,B022
R002_down_T013,R002_down,S035,2025-10-08 17:35:00,2025-10-08 17:36:00,23,10,8,2025-10-08,B022
R002_down_T013,R002_down,S017,2025-10-08 17:35:00,2025-10-08 17:38:00,14,5,4,2025-10-08,B022
R002_down_T013,R002_down,S042,2025-10-08 17:44:00,2025-10-08 17:46:00,11,7,6,2025-10-08,B022
R002_down_T013,R002_down,S049,2025-10-08 17:51:00,2025-10-08 17:54:00,23,12,7,2025-10-08,B022
R002_down_T013,R002_down,S015,2025-10-08 17:56:00,2025-10-08 17:59:00,16,7,6,2025-10-08,B022
R002_down_T013,R002_down,S010,2025-10-08 18:06:00,2025-10-08 18:08:00,10,6,7,2025-10-08,B022
R002_down_T013,R002_down,S020,2025-10-08 18:09:00,2025-10-08 18:11:00,13,0,5,2025-10-08,B022
R002_down_T014,R002_down,S012,2025-10-08 18:00:00,2025-10-08 18:02:00,18,4,8,2025-10-08,B010
R002_down_T014,R002_down,S039,2025-10-08 18:02:00,2025-10-08 18:03:00,11,10,5,2025-10-08,B010
R002_down_T014,R002_down,S003,2025-10-08 18:07:00,2025-10-08 18:09:00,15,3,5,2025-10-08,B010
R002_down_T014,R002_down,S047,2025-10-08 18:11:00,2025-10-08 18:13:00,13,7,4,2025-10-08,B010
R002_down_T014,R002_down,S026,2025-10-08 18:18:00,2025-10-08 18:19:00,19,3,6,2025-10-08,B010
R002_down_T014,R002_down,S035,2025-10-08 18:18:00,2025-10-08 18:19:00,9,5,2,2025-10-08,B010
R002_down_T014,R002_down,S017,2025-10-08 18:19:00,2025-10-08 18:22:00,14,8,-1,2025-10-08,B010
R002_down_T014,R002_down,S042,2025-10-08 18:29:00,2025-10-08 18:31:00,18,7,1,2025-10-08,B010
R002_down_T014,R002_down,S049,2025-10-08 18:37:00,2025-10-08 18:38:00,17,1,2,2025-10-08,B010
R002_down_T014,R002_down,S015,2025-10-08 18:39:00,2025-10-08 18:42:00,19,7,0,2025-10-08,B010
R002_down_T014,R002_down,S010,2025-10-08 18:54:00,2025-10-08 18:56:00,15,8,7,2025-10-08,B010
R002_down_T014,R002_down,S020,2025-10-08 18:52:00,2025-10-08 18:53:00,17,7,-2,2025-10-08,B010
R002_down_T015,R002_down,S012,2025-10-08 18:15:00,2025-10-08 18:17:00,15,5,2,2025-10-08,B024
R002_down_T015,R002_down,S039,2025-10-08 18:23:00,2025-10-08 18:24:00,8,7,4,2025-10-08,B024
R002_down_T015,R002_down,S003,2025-10-08 18:21:00,2025-10-08 18:24:00,16,6,-2,2025-10-08,B024
R002_down_T015,R002_down,S047,2025-10-08 18:30:00,2025-10-08 18:33:00,25,4,0,2025-10-08,B024
R002_down_T015,R002_down,S026,2025-10-08 18:46:00,2025-10-08 18:47:00,9,2,8,2025-10-08,B024
R002_down_T015,R002_down,S035,2025-10-08 18:42:00,2025-10-08 18:45:00,19,7,-1,2025-10-08,B024
R002_down_T015,R002_down,S017,2025-10-08 18:54:00,2025-10-08 18:56:00,3,7,4,2025-10-08,B024
R002_down_T015,R002_down,S042,2025-10-08 19:03:00,2025-10-08 19:05:00,10,6,5,2025-10-08,B024
R002_down_T015,R002_down,S049,2025-10-08 19:03:00,2025-10-08 19:04:00,6,8,0,2025-10-08,B024
R002_down_T015,R002_down,S015,2025-10-08 19:12:00,2025-10-08 19:15:00,5,3,5,2025-10-08,B024
R002_down_T015,R002_down,S010,2025-10-08 19:18:00,2025-10-08 19:19:00,18,3,2,2025-10-08,B024
R002_down_T015,R002_down,S020,2025-10-08 19:26:00,2025-10-08 19:28:00,14,3,5,2025-10-08,B024
R002_down_T016,R002_down,S012,2025-10-08 19:24:00,2025-10-08 19:25:00,4,4,-2,2025-10-08,B023
R002_down_T016,R002_down,S039,2025-10-08 19:35:00,2025-10-08 19:38:00,9,8,5,2025-10-08,B023
R002_down_T016,R002_down,S003,2025-10-08 19:40:00,2025-10-08 19:41:00,19,1,1,2025-10-08,B023
R002_down_T016,R002_down,S047,2025-10-08 19:50:00,2025-10-08 19:53:00,9,8,4,2025-10-08,B023
R002_down_T016,R002_down,S026,2025-10-08 19:56:00,2025-10-08 19:57:00,8,10,1,2025-10-08,B023
R002_down_T016,R002_down,S035,2025-10-08 20:08:00,2025-10-08 20:11:00,7,7,8,2025-10-08,B023
R002_down_T016,R002_down,S017,2025-10-08 20:08:00,2025-10-08 20:10:00,12,8,2,2025-10-08,B023
R002_down_T016,R002_down,S042,2025-10-08 20:20:00,2025-10-08 20:23:00,17,4,6,2025-10-08,B023
R002_down_T016,R002_down,S049,2025-10-08 20:23:00,2025-10-08 20:24:00,11,7,3,2025-10-08,B023
R002_down_T016,R002_down,S015,2025-10-08 20:25:00,2025-10-08 20:26:00,9,7,-2,2025-10-08,B023
R002_down_T016,R002_down,S010,2025-10-08 20:38:00,2025-10-08 20:40:00,19,5,4,2025-10-08,B023
R002_down_T016,R002_down,S020,2025-10-08 20:47:00,2025-10-08 20:49:00,17,7,8,2025-10-08,B023
R002_down_T017,R002_down,S012,2025-10-08 20:46:00,2025-10-08 20:47:00,20,7,4,2025-10-08,B001
R002_down_T017,R002_down,S039,2025-10-08 20:54:00,2025-10-08 20:57:00,13,7,8,2025-10-08,B001
R002_down_T017,R002_down,S003,2025-10-08 20:51:00,2025-10-08 20:53:00,9,0,-1,2025-10-08,B001
R002_down_T017,R002_down,S047,2025-10-08 20:59:00,2025-10-08 21:00:00,21,3,1,2025-10-08,B001
R002_down_T017,R002_down,S026,2025-10-08 21:05:00,2025-10-08 21:06:00,21,6,2,2025-10-08,B001
R002_down_T017,R002_down,S035,2025-10-08 21:15:00,2025-10-08 21:17:00,10,4,8,2025-10-08,B001
R002_down_T017,R002_down,S017,2025-10-08 21:13:00,2025-10-08 21:16:00,10,8,1,2025-10-08,B001
R002_down_T017,R002_down,S042,2025-10-08 21:26:00,2025-10-08 21:29:00,18,7,6,2025-10-08,B001
R002_down_T017,R002_down,S049,2025-10-08 21:28:00,2025-10-08 21:30:00,17,8,-1,2025-10-08,B001
R002_down_T017,R002_down,S015,2025-10-08 21:42:00,2025-10-08 21:43:00,12,7,5,2025-10-08,B001
R002_down_T017,R002_down,S010,2025-10-08 21:45:00,2025-10-08 21:48:00,20,7,4,2025-10-08,B001
R002_down_T017,R002_down,S020,2025-10-08 21:52:00,2025-10-08 21:55:00,22,8,4,2025-10-08,B001
R002_down_T018,R002_down,S012,2025-10-08 21:25:00,2025-10-08 21:28:00,22,4,1,2025-10-08,B017
R002_down_T018,R002_down,S039,2025-10-08 21:35:00,2025-10-08 21:36:00,21,0,4,2025-10-08,B017
R002_down_T018,R002_down,S003,2025-10-08 21:40:00,2025-10-08 21:42:00,17,6,2,2025-10-08,B017
R002_down_T018,R002_down,S047,2025-10-08 21:54:00,2025-10-08 21:56:00,14,5,8,2025-10-08,B017
R002_down_T018,R002_down,S026,2025-10-08 21:57:00,2025-10-08 22:00:00,10,10,3,2025-10-08,B017
R002_down_T018,R002_down,S035,2025-10-08 22:03:00,2025-10-08 22:04:00,19,2,3,2025-10-08,B017
R002_down_T018,R002_down,S017,2025-10-08 22:03:00,2025-10-08 22:05:00,14,8,-1,2025-10-08,B017
R002_down_T018,R002_down,S042,2025-10-08 22:10:00,2025-10-08 22:11:00,5,9,1,2025-10-08,B017
R002_down_T018,R002_down,S049,2025-10-08 22:14:00,2025-10-08 22:17:00,15,5,-1,2025-10-08,B017
R002_down_T018,R002_down,S015,2025-10-08 22:30:00,2025-10-08 22:31:00,5,10,7,2025-10-08,B017
R002_down_T018,R002_down,S010,2025-10-08 22:33:00,2025-10-08 22:34:00,15,8,4,2025-10-08,B017
R002_down_T018,R002_down,S020,2025-10-08 22:40:00,2025-10-08 22:42:00,9,3,4,2025-10-08,B017
R002_down_T019,R002_down,S012,2025-10-08 21:46:00,2025-10-08 21:48:00,23,7,3,2025-10-08,B015
R002_down_T019,R002_down,S039,2025-10-08 21:55:00,2025-10-08 21:56:00,1,1,7,2025-10-08,B015
R002_down_T019,R002_down,S003,2025-10-08 21:56:00,2025-10-08 21:58:00,13,1,2,2025-10-08,B015
R002_down_T019,R002_down,S047,2025-10-08 21:59:00,2025-10-08 22:00:00,17,6,0,2025-10-08,B015
R002_down_T019,R002_down,S026,2025-10-08 22:11:00,2025-10-08 22:12:00,13,6,6,2025-10-08,B015
R002_down_T019,R002_down,S035,2025-10-08 22:16:00,2025-10-08 22:17:00,14,3,5,2025-10-08,B015
R002_down_T019,R002_down,S017,2025-10-08 22:25:00,2025-10-08 22:28:00,16,4,7,2025-10-08,B015
R002_down_T019,R002_down,S042,2025-10-08 22:33:00,2025-10-08 22:34:00,22,1,6,2025-10-08,B015
R002_down_T019,R002_down,S049,2025-10-08 22:36:00,2025-10-08 22:39:00,13,5,5,2025-10-08,B015
R002_down_T019,R002_down,S015,2025-10-08 22:48:00,2025-10-08 22:49:00,14,0,8,2025-10-08,B015
R002_down_T019,R002_down,S010,2025-10-08 22:50:00,2025-10-08 22:51:00,16,4,6,2025-10-08,B015
R002_down_T019,R002_down,S020,2025-10-08 22:49:00,2025-10-08 22:51:00,8,8,1,2025-10-08,B015
R002_down_T020,R002_down,S012,2025-10-08 22:02:00,2025-10-08 22:05:00,12,7,1,2025-10-08,B003
R002_down_T020,R002_down,S039,2025-10-08 22:15:00,2025-10-08 22:17:00,11,7,5,2025-10-08,B003
R002_down_T020,R002_down,S003,2025-10-08 22:21:00,2025-10-08 22:22:00,11,5,5,2025-10-08,B003
R002_down_T020,R002_down,S047,2025-10-08 22:28:00,2025-10-08 22:31:00,4,4,8,2025-10-08,B003
R002_down_T020,R002_down,S026,2025-10-08 22:27:00,2025-10-08 22:30:00,16,10,1,2025-10-08,B003
R002_down_T020,R002_down,S035,2025-10-08 22:35:00,2025-10-08 22:36:00,18,11,2,2025-10-08,B003
R002_down_T020,R002_down,S017,2025-10-08 22:39:00,2025-10-08 22:40:00,9,3,1,2025-10-08,B003
R002_down_T020,R002_down,S042,2025-10-08 22:52:00,2025-10-08 22:54:00,19,10,7,2025-10-08,B003
R002_down_T020,R002_down,S049,2025-10-08 22:52:00,2025-10-08 22:53:00,14,5,2,2025-10-08,B003
R002_down_T020,R002_down,S015,2025-10-08 23:03:00,2025-10-08 23:04:00,15,4,8,2025-10-08,B003
R002_down_T020,R002_down,S010,2025-10-08 23:07:00,2025-10-08 23:10:00,10,6,6,2025-10-08,B003
R002_down_T020,R002_down,S020,2025-10-08 23:12:00,2025-10-08 23:14:00,7,4,3,2025-10-08,B003
R002_down_T021,R002_down,S012,2025-10-08 22:25:00,2025-10-08 22:28:00,16,8,7,2025-10-08,B010
R002_down_T021,R002_down,S039,2025-10-08 22:32:00,2025-10-08 22:35:00,12,9,6,2025-10-08,B010
R002_down_T021,R002_down,S003,2025-10-08 22:41:00,2025-10-08 22:42:00,8,4,8,2025-10-08,B010
R002_down_T021,R002_down,S047,2025-10-08 22:46:00,2025-10-08 22:47:00,9,7,8,2025-10-08,B010
R002_down_T021,R002_down,S026,2025-10-08 22:47:00,2025-10-08 22:50:00,14,0,2,2025-10-08,B010
R002_down_T021,R002_down,S035,2025-10-08 22:58:00,2025-10-08 23:00:00,14,8,6,2025-10-08,B010
R002_down_T021,R002_down,S017,2025-10-08 23:03:00,2025-10-08 23:04:00,21,6,5,2025-10-08,B010
R002_down_T021,R002_down,S042,2025-10-08 23:06:00,2025-10-08 23:09:00,10,7,1,2025-10-08,B010
R002_down_T021,R002_down,S049,2025-10-08 23:12:00,2025-10-08 23:14:00,7,11,0,2025-10-08,B010
R002_down_T021,R002_down,S015,2025-10-08 23:23:00,2025-10-08 23:25:00,6,5,5,2025-10-08,B010
R002_down_T021,R002_down,S010,2025-10-08 23:29:00,2025-10-08 23:31:00,8,7,5,2025-10-08,B010
R002_down_T021,R002_down,S020,2025-10-08 23:36:00,2025-10-08 23:37:00,8,3,7,2025-10-08,B010
R002_down_T022,R002_down,S012,2025-10-08 22:40:00,2025-10-08 22:42:00,11,6,3,2025-10-08,B020
R002_down_T022,R002_down,S039,2025-10-08 22:52:00,2025-10-08 22:55:00,20,5,8,2025-10-08,B020
R002_down_T022,R002_down,S003,2025-10-08 22:51:00,2025-10-08 22:54:00,17,7,-2,2025-10-08,B020
R002_down_T022,R002_down,S047,2025-10-08 23:07:00,2025-10-08 23:08:00,14,9,8,2025-10-08,B020
R002_down_T022,R002_down,S026,2025-10-08 23:06:00,2025-10-08 23:08:00,10,5,2,2025-10-08,B020
R002_down_T022,R002_down,S035,2025-10-08 23:15:00,2025-10-08 23:17:00,8,0,5,2025-10-08,B020
R002_down_T022,R002_down,S017,2025-10-08 23:18:00,2025-10-08 23:21:00,9,11,0,2025-10-08,B020
R002_down_T022,R002_down,S042,2025-10-08 23:31:00,2025-10-08 23:33:00,9,9,4,2025-10-08,B020
R002_down_T022,R002_down,S049,2025-10-08 23:37:00,2025-10-08 23:38:00,4,5,5,2025-10-08,B020
R002_down_T022,R002_down,S015,2025-10-08 23:42:00,2025-10-08 23:43:00,12,7,5,2025-10-08,B020
R002_down_T022,R002_down,S010,2025-10-08 23:43:00,2025-10-08 23:45:00,5,7,-1,2025-10-08,B020
R002_down_T022,R002_down,S020,2025-10-08 23:53:00,2025-10-08 23:55:00,6,9,2,2025-10-08,B020
R002_down_T023,R002_down,S012,2025-10-08 23:06:00,2025-10-08 23:08:00,6,0,7,2025-10-08,B003
R002_down_T023,R002_down,S039,2025-10-08 23:05:00,2025-10-08 23:06:00,2,5,1,2025-10-08,B003
R002_down_T023,R002_down,S003,2025-10-08 23:08:00,2025-10-08 23:11:00,5,4,-2,2025-10-08,B003
R002_down_T023,R002_down,S047,2025-10-08 23:19:00,2025-10-08 23:20:00,0,0,1,2025-10-08,B003
R002_down_T023,R002_down,S026,2025-10-08 23:32:00,2025-10-08 23:35:00,7,0,7,2025-10-08,B003
R002_down_T023,R002_down,S035,2025-10-08 23:34:00,2025-10-08 23:37:00,6,7,3,2025-10-08,B003
R002_down_T023,R002_down,S017,2025-10-08 23:36:00,2025-10-08 23:38:00,7,7,-2,2025-10-08,B003
R002_down_T023,R002_down,S042,2025-10-08 23:43:00,2025-10-08 23:45:00,5,4,-1,2025-10-08,B003
R002_down_T023,R002_down,S049,2025-10-08 23:48:00,2025-10-08 23:49:00,7,4,-2,2025-10-08,B003
R002_down_T023,R002_down,S015,2025-10-09 00:03:00,2025-10-09 00:04:00,12,4,6,2025-10-08,B003
R002_down_T023,R002_down,S010,2025-10-09 00:09:00,2025-10-09 00:12:00,11,8,6,2025-10-08,B003
R002_down_T023,R002_down,S020,2025-10-09 00:13:00,2025-10-09 00:15:00,10,8,1,2025-10-08,B003
R003_up_T001,R003_up,S058,2025-10-08 05:39:00,2025-10-08 05:41:00,10,8,4,2025-10-08,B003
R003_up_T001,R003_up,S028,2025-10-08 05:50:00,2025-10-08 05:51:00,3,3,8,2025-10-08,B003
R003_up_T001,R003_up,S032,2025-10-08 05:47:00,2025-10-08 05:50:00,8,9,0,2025-10-08,B003
R003_up_T001,R003_up,S045,2025-10-08 06:01:00,2025-10-08 06:02:00,9,6,7,2025-10-08,B003
R003_up_T001,R003_up,S046,2025-10-08 05:58:00,2025-10-08 05:59:00,8,7,-2,2025-10-08,B003
R003_up_T001,R003_up,S003,2025-10-08 06:06:00,2025-10-08 06:07:00,1,5,-1,2025-10-08,B003
R003_up_T001,R003_up,S004,2025-10-08 06:15:00,2025-10-08 06:17:00,4,8,1,2025-10-08,B003
R003_up_T001,R003_up,S051,2025-10-08 06:21:00,2025-10-08 06:24:00,9,6,2,2025-10-08,B003
R003_up_T001,R003_up,S049,2025-10-08 06:26:00,2025-10-08 06:29:00,10,5,0,2025-10-08,B003
R003_up_T001,R003_up,S053,2025-10-08 06:38:00,2025-10-08 06:39:00,3,11,3,2025-10-08,B003
R003_up_T001,R003_up,S015,2025-10-08 06:45:00,2025-10-08 06:47:00,13,6,6,2025-10-08,B003
R003_up_T001,R003_up,S011,2025-10-08 06:48:00,2025-10-08 06:51:00,9,3,4,2025-10-08,B003
R003_up_T001,R003_up,S029,2025-10-08 06:59:00,2025-10-08 07:00:00,5,4,7,2025-10-08,B003
R003_up_T002,R003_up,S058,2025-10-08 07:44:00,2025-10-08 07:45:00,7,6,-2,2025-10-08,B002
R003_up_T002,R003_up,S028,2025-10-08 07:56:00,2025-10-08 07:58:00,16,10,4,2025-10-08,B002
R003_up_T002,R003_up,S032,2025-10-08 07:58:00,2025-10-08 08:01:00,3,0,-2,2025-10-08,B002
R003_up_T002,R003_up,S045,2025-10-08 08:10:00,2025-10-08 08:13:00,7,3,3,2025-10-08,B002
R003_up_T002,R003_up,S046,2025-10-08 08:18:00,2025-10-08 08:19:00,18,5,2,2025-10-08,B002
R003_up_T002,R003_up,S003,2025-10-08 08:23:00,2025-10-08 08:25:00,3,6,2,2025-10-08,B002
R003_up_T002,R003_up,S004,2025-10-08 08:36:00,2025-10-08 08:37:00,12,5,8,2025-10-08,B002
R003_up_T002,R003_up,S051,2025-10-08 08:35:00,2025-10-08 08:36:00,18,5,2,2025-10-08,B002
R003_up_T002,R003_up,S049,2025-10-08 08:36:00,2025-10-08 08:37:00,13,5,-2,2025-10-08,B002
R003_up_T002,R003_up,S053,2025-10-08 08:46:00,2025-10-08 08:48:00,17,2,3,2025-10-08,B002
R003_up_T002,R003_up,S015,2025-10-08 08:51:00,2025-10-08 08:54:00,19,11,3,2025-10-08,B002
R003_up_T002,R003_up,S011,2025-10-08 08:56:00,2025-10-08 08:58:00,17,6,-1,2025-10-08,B002
R003_up_T002,R003_up,S029,2025-10-08 09:10:00,2025-10-08 09:12:00,11,9,6,2025-10-08,B002
R003_up_T003,R003_up,S058,2025-10-08 08:13:00,2025-10-08 08:15:00,9,7,8,2025-10-08,B012
R003_up_T003,R003_up,S028,2025-10-08 08:09:00,2025-10-08 08:12:00,23,4,-1,2025-10-08,B012
R003_up_T003,R003_up,S032,2025-10-08 08:26:00,2025-10-08 08:28:00,25,4,7,2025-10-08,B012
R003_up_T003,R003_up,S045,2025-10-08 08:30:00,2025-10-08 08:31:00,11,3,4,2025-10-08,B012
R003_up_T003,R003_up,S046,2025-10-08 08:36:00,2025-10-08 08:39:00,15,0,3,2025-10-08,B012
R003_up_T003,R003_up,S003,2025-10-08 08:41:00,2025-10-08 08:43:00,12,1,2,2025-10-08,B012
R003_up_T003,R003_up,S004,2025-10-08 08:48:00,2025-10-08 08:51:00,17,12,3,2025-10-08,B012
R003_up_T003,R003_up,S051,2025-10-08 09:00:00,2025-10-08 09:03:00,11,1,6,2025-10-08,B012
R003_up_T003,R003_up,S049,2025-10-08 09:07:00,2025-10-08 09:08:00,8,4,5,2025-10-08,B012
R003_up_T003,R003_up,S053,2025-10-08 09:08:00,2025-10-08 09:10:00,10,7,1,2025-10-08,B012
R003_up_T003,R003_up,S015,2025-10-08 09:16:00,2025-10-08 09:18:00,11,6,3,2025-10-08,B012
R003_up_T003,R003_up,S011,2025-10-08 09:21:00,2025-10-08 09:24:00,16,9,2,2025-10-08,B012
R003_up_T003,R003_up,S029,2025-10-08 09:30:00,2025-10-08 09:33:00,19,12,3,2025-10-08,B012
R003_up_T004,R003_up,S058,2025-10-08 08:51:00,2025-10-08 08:53:00,13,7,-2,2025-10-08,B015
R003_up_T004,R003_up,S028,2025-10-08 09:05:00,2025-10-08 09:06:00,24,5,7,2025-10-08,B015
R003_up_T004,R003_up,S032,2025-10-08 09:12:00,2025-10-08 09:13:00,11,2,7,2025-10-08,B015
R003_up_T004,R003_up,S045,2025-10-08 09:18:00,2025-10-08 09:20:00,14,8,8,2025-10-08,B015
R003_up_T004,R003_up,S046,2025-10-08 09:18:00,2025-10-08 09:20:00,5,5,3,2025-10-08,B015
R003_up_T004,R003_up,S003,2025-10-08 09:22:00,2025-10-08 09:23:00,16,5,1,2025-10-08,B015
R003_up_T004,R003_up,S004,2025-10-08 09:35:00,2025-10-08 09:36:00,13,1,7,2025-10-08,B015
R003_up_T004,R003_up,S051,2025-10-08 09:41:00,2025-10-08 09:43:00,11,10,6,2025-10-08,B015
R003_up_T004,R003_up,S049,2025-10-08 09:48:00,2025-10-08 09:51:00,16,13,7,2025-10-08,B015
R003_up_T004,R003_up,S053,2025-10-08 09:50:00,2025-10-08 09:51:00,9,3,2,2025-10-08,B015
R003_up_T004,R003_up,S015,2025-10-08 09:56:00,2025-10-08 09:59:00,13,10,2,2025-10-08,B015
R003_up_T004,R003_up,S011,2025-10-08 10:01:00,2025-10-08 10:03:00,13,11,0,2025-10-08,B015
R003_up_T004,R003_up,S029,2025-10-08 10:11:00,2025-10-08 10:14:00,9,3,2,2025-10-08,B015
R003_up_T005,R003_up,S058,2025-10-08 09:35:00,2025-10-08 09:36:00,20,7,3,2025-10-08,B021
R003_up_T005,R003_up,S028,2025-10-08 09:46:00,2025-10-08 09:48:00,25,4,7,2025-10-08,B021
R003_up_T005,R003_up,S032,2025-10-08 09:46:00,2025-10-08 09:49:00,19,4,2,2025-10-08,B021
R003_up_T005,R003_up,S045,2025-10-08 09:49:00,2025-10-08 09:50:00,12,10,-2,2025-10-08,B021
R003_up_T005,R003_up,S046,2025-10-08 10:01:00,2025-10-08 10:02:00,12,11,5,2025-10-08,B021
R003_up_T005,R003_up,S003,2025-10-08 10:04:00,2025-10-08 10:06:00,10,4,3,2025-10-08,B021
R003_up_T005,R003_up,S004,2025-10-08 10:16:00,2025-10-08 10:17:00,20,10,8,2025-10-08,B021
R003_up_T005,R003_up,S051,2025-10-08 10:13:00,2025-10-08 10:14:00,17,6,-2,2025-10-08,B021
R003_up_T005,R003_up,S049,2025-10-08 10:19:00,2025-10-08 10:22:00,19,7,-1,2025-10-08,B021
R003_up_T005,R003_up,S053,2025-10-08 10:33:00,2025-10-08 10:36:00,13,5,6,2025-10-08,B021
R003_up_T005,R003_up,S015,2025-10-08 10:35:00,2025-10-08 10:37:00,16,2,2,2025-10-08,B021
R003_up_T005,R003_up,S011,2025-10-08 10:40:00,2025-10-08 10:43:00,22,4,-1,2025-10-08,B021
R003_up_T005,R003_up,S029,2025-10-08 10:47:00,2025-10-08 10:50:00,12,7,0,2025-10-08,B021
R003_up_T006,R003_up,S058,2025-10-08 09:55:00,2025-10-08 09:58:00,27,4,4,2025-10-08,B009
R003_up_T006,R003_up,S028,2025-10-08 09:59:00,2025-10-08 10:02:00,12,10,-1,2025-10-08,B009
R003_up_T006,R003_up,S032,2025-10-08 10:12:00,2025-10-08 10:15:00,18,5,3,2025-10-08,B009
R003_up_T006,R003_up,S045,2025-10-08 10:16:00,2025-10-08 10:19:00,20,7,-1,2025-10-08,B009
R003_up_T006,R003_up,S046,2025-10-08 10:32:00,2025-10-08 10:33:00,14,3,8,2025-10-08,B009
R003_up_T006,R003_up,S003,2025-10-08 10:36:00,2025-10-08 10:37:00,15,7,5,2025-10-08,B009
R003_up_T006,R003_up,S004,2025-10-08 10:39:00,2025-10-08 10:41:00,21,7,1,2025-10-08,B009
R003_up_T006,R003_up,S051,2025-10-08 10:47:00,2025-10-08 10:48:00,11,3,4,2025-10-08,B009
R003_up_T006,R003_up,S049,2025-10-08 10:54:00,2025-10-08 10:57:00,17,5,5,2025-10-08,B009
R003_up_T006,R003_up,S053,2025-10-08 10:57:00,2025-10-08 11:00:00,1,6,2,2025-10-08,B009
R003_up_T006,R003_up,S015,2025-10-08 11:09:00,2025-10-08 11:12:00,7,10,5,2025-10-08,B009
R003_up_T006,R003_up,S011,2025-10-08 11:16:00,2025-10-08 11:18:00,6,9,5,2025-10-08,B009
R003_up_T006,R003_up,S029,2025-10-08 11:21:00,2025-10-08 11:22:00,6,5,2,2025-10-08,B009
R003_up_T007,R003_up,S058,2025-10-08 12:10:00,2025-10-08 12:13:00,5,4,1,2025-10-08,B021
R003_up_T007,R003_up,S028,2025-10-08 12:18:00,2025-10-08 12:20:00,4,3,2,2025-10-08,B021
R003_up_T007,R003_up,S032,2025-10-08 12:26:00,2025-10-08 12:27:00,9,8,3,2025-10-08,B021
R003_up_T007,R003_up,S045,2025-10-08 12:30:00,2025-10-08 12:33:00,10,4,1,2025-10-08,B021
R003_up_T007,R003_up,S046,2025-10-08 12:36:00,2025-10-08 12:39:00,7,3,1,2025-10-08,B021
R003_up_T007,R003_up,S003,2025-10-08 12:43:00,2025-10-08 12:44:00,9,6,-1,2025-10-08,B021
R003_up_T007,R003_up,S004,2025-10-08 12:55:00,2025-10-08 12:58:00,7,4,5,2025-10-08,B021
R003_up_T007,R003_up,S051,2025-10-08 12:55:00,2025-10-08 12:56:00,3,1,-1,2025-10-08,B021
R003_up_T007,R003_up,S049,2025-10-08 13:02:00,2025-10-08 13:04:00,7,7,2,2025-10-08,B021
R003_up_T007,R003_up,S053,2025-10-08 13:06:00,2025-10-08 13:09:00,5,7,-2,2025-10-08,B021
R003_up_T007,R003_up,S015,2025-10-08 13:18:00,2025-10-08 13:21:00,6,2,3,2025-10-08,B021
R003_up_T007,R003_up,S011,2025-10-08 13:31:00,2025-10-08 13:32:00,7,2,8,2025-10-08,B021
R003_up_T007,R003_up,S029,2025-10-08 13:33:00,2025-10-08 13:34:00,10,9,6,2025-10-08,B021
R003_up_T008,R003_up,S058,2025-10-08 13:37:00,2025-10-08 13:39:00,8,10,3,2025-10-08,B003
R003_up_T008,R003_up,S028,2025-10-08 13:42:00,2025-10-08 13:43:00,5,5,3,2025-10-08,B003
R003_up_T008,R003_up,S032,2025-10-08 13:46:00,2025-10-08 13:49:00,8,3,0,2025-10-08,B003
R003_up_T008,R003_up,S045,2025-10-08 14:00:00,2025-10-08 14:02:00,11,5,6,2025-10-08,B003
R003_up_T008,R003_up,S046,2025-10-08 14:06:00,2025-10-08 14:08:00,8,7,4,2025-10-08,B003
R003_up_T008,R003_up,S003,2025-10-08 14:14:00,2025-10-08 14:17:00,7,4,6,2025-10-08,B003
R003_up_T008,R003_up,S004,2025-10-08 14:24:00,2025-10-08 14:27:00,5,5,7,2025-10-08,B003
R003_up_T008,R003_up,S051,2025-10-08 14:30:00,2025-10-08 14:33:00,8,7,6,2025-10-08,B003
R003_up_T008,R003_up,S049,2025-10-08 14:36:00,2025-10-08 14:38:00,11,0,5,2025-10-08,B003
R003_up_T008,R003_up,S053,2025-10-08 14:35:00,2025-10-08 14:36:00,13,5,-1,2025-10-08,B003
R003_up_T008,R003_up,S015,2025-10-08 14:44:00,2025-10-08 14:47:00,6,3,3,2025-10-08,B003
R003_up_T008,R003_up,S011,2025-10-08 14:47:00,2025-10-08 14:49:00,6,1,-2,2025-10-08,B003
R003_up_T008,R003_up,S029,2025-10-08 14:57:00,2025-10-08 14:59:00,17,4,0,2025-10-08,B003
R003_up_T009,R003_up,S058,2025-10-08 14:09:00,2025-10-08 14:12:00,5,4,-1,2025-10-08,B008
R003_up_T009,R003_up,S028,2025-10-08 14:17:00,2025-10-08 14:19:00,9,5,0,2025-10-08,B008
R003_up_T009,R003_up,S032,2025-10-08 14:27:00,2025-10-08 14:28:00,13,5,5,2025-10-08,B008
R003_up_T009,R003_up,S045,2025-10-08 14:33:00,2025-10-08 14:36:00,17,6,6,2025-10-08,B008
R003_up_T009,R003_up,S046,2025-10-08 14:37:00,2025-10-08 14:38:00,3,2,1,2025-10-08,B008
R003_up_T009,R003_up,S003,2025-10-08 14:41:00,2025-10-08 14:43:00,12,4,-1,2025-10-08,B008
R003_up_T009,R003_up,S004,2025-10-08 14:57:00,2025-10-08 15:00:00,6,9,7,2025-10-08,B008
R003_up_T009,R003_up,S051,2025-10-08 14:57:00,2025-10-08 14:59:00,11,5,-2,2025-10-08,B008
R003_up_T009,R003_up,S049,2025-10-08 15:09:00,2025-10-08 15:11:00,7,2,5,2025-10-08,B008
R003_up_T009,R003_up,S053,2025-10-08 15:12:00,2025-10-08 15:15:00,8,11,3,2025-10-08,B008
R003_up_T009,R003_up,S015,2025-10-08 15:19:00,2025-10-08 15:20:00,14,6,3,2025-10-08,B008
R003_up_T009,R003_up,S011,2025-10-08 15:26:00,2025-10-08 15:29:00,7,9,5,2025-10-08,B008
R003_up_T009,R003_up,S029,2025-10-08 15:31:00,2025-10-08 15:33:00,7,5,1,2025-10-08,B008
R003_up_T010,R003_up,S058,2025-10-08 15:47:00,2025-10-08 15:50:00,14,6,5,2025-10-08,B018
R003_up_T010,R003_up,S028,2025-10-08 15:54:00,2025-10-08 15:55:00,6,7,6,2025-10-08,B018
R003_up_T010,R003_up,S032,2025-10-08 16:01:00,2025-10-08 16:03:00,7,6,7,2025-10-08,B018
R003_up_T010,R003_up,S045,2025-10-08 15:58:00,2025-10-08 16:00:00,4,6,-2,2025-10-08,B018
R003_up_T010,R003_up,S046,2025-10-08 16:11:00,2025-10-08 16:13:00,8,8,3,2025-10-08,B018
R003_up_T010,R003_up,S003,2025-10-08 16:24:00,2025-10-08 16:26:00,4,7,8,2025-10-08,B018
R003_up_T010,R003_up,S004,2025-10-08 16:20:00,2025-10-08 16:21:00,8,12,-1,2025-10-08,B018
R003_up_T010,R003_up,S051,2025-10-08 16:34:00,2025-10-08 16:37:00,9,4,6,2025-10-08,B018
R003_up_T010,R003_up,S049,2025-10-08 16:39:00,2025-10-08 16:41:00,4,5,3,2025-10-08,B018
R003_up_T010,R003_up,S053,2025-10-08 16:47:00,2025-10-08 16:48:00,11,9,4,2025-10-08,B018
R003_up_T010,R003_up,S015,2025-10-08 16:47:00,2025-10-08 16:49:00,8,2,-2,2025-10-08,B018
R003_up_T010,R003_up,S011,2025-10-08 17:04:00,2025-10-08 17:06:00,8,7,8,2025-10-08,B018
R003_up_T010,R003_up,S029,2025-10-08 17:04:00,2025-10-08 17:06:00,3,8,1,2025-10-08,B018
R003_up_T011,R003_up,S058,2025-10-08 17:28:00,2025-10-08 17:31:00,5,13,3,2025-10-08,B024
R003_up_T011,R003_up,S028,2025-10-08 17:33:00,2025-10-08 17:34:00,0,14,2,2025-10-08,B024
R003_up_T011,R003_up,S032,2025-10-08 17:37:00,2025-10-08 17:40:00,5,15,2,2025-10-08,B024
R003_up_T011,R003_up,S045,2025-10-08 17:49:00,2025-10-08 17:50:00,6,9,5,2025-10-08,B024
R003_up_T011,R003_up,S046,2025-10-08 17:49:00,2025-10-08 17:52:00,2,16,-1,2025-10-08,B024
R003_up_T011,R003_up,S003,2025-10-08 17:57:00,2025-10-08 17:59:00,5,7,0,2025-10-08,B024
R003_up_T011,R003_up,S004,2025-10-08 18:03:00,2025-10-08 18:04:00,4,14,0,2025-10-08,B024
R003_up_T011,R003_up,S051,2025-10-08 18:13:00,2025-10-08 18:16:00,5,17,5,2025-10-08,B024
R003_up_T011,R003_up,S049,2025-10-08 18:19:00,2025-10-08 18:22:00,8,9,3,2025-10-08,B024
R003_up_T011,R003_up,S053,2025-10-08 18:27:00,2025-10-08 18:28:00,7,10,3,2025-10-08,B024
R003_up_T011,R003_up,S015,2025-10-08 18:35:00,2025-10-08 18:38:00,3,8,6,2025-10-08,B024
R003_up_T011,R003_up,S011,2025-10-08 18:39:00,2025-10-08 18:42:00,7,11,1,2025-10-08,B024
R003_up_T011,R003_up,S029,2025-10-08 18:55:00,2025-10-08 18:56:00,3,27,8,2025-10-08,B024
R003_up_T012,R003_up,S058,2025-10-08 17:50:00,2025-10-08 17:51:00,11,12,2,2025-10-08,B004
R003_up_T012,R003_up,S028,2025-10-08 18:00:00,2025-10-08 18:03:00,4,0,5,2025-10-08,B004
R003_up_T012,R003_up,S032,2025-10-08 18:06:00,2025-10-08 18:07:00,5,16,3,2025-10-08,B004
R003_up_T012,R003_up,S045,2025-10-08 18:08:00,2025-10-08 18:09:00,7,7,1,2025-10-08,B004
R003_up_T012,R003_up,S046,2025-10-08 18:17:00,2025-10-08 18:20:00,4,12,3,2025-10-08,B004
R003_up_T012,R003_up,S003,2025-10-08 18:19:00,2025-10-08 18:20:00,0,7,-2,2025-10-08,B004
R003_up_T012,R003_up,S004,2025-10-08 18:36:00,2025-10-08 18:38:00,10,11,8,2025-10-08,B004
R003_up_T012,R003_up,S051,2025-10-08 18:36:00,2025-10-08 18:39:00,5,8,1,2025-10-08,B004
R003_up_T012,R003_up,S049,2025-10-08 18:42:00,2025-10-08 18:43:00,6,8,0,2025-10-08,B004
R003_up_T012,R003_up,S053,2025-10-08 18:45:00,2025-10-08 18:46:00,7,18,-1,2025-10-08,B004
R003_up_T012,R003_up,S015,2025-10-08 18:56:00,2025-10-08 18:58:00,13,14,4,2025-10-08,B004
R003_up_T012,R003_up,S011,2025-10-08 18:56:00,2025-10-08 18:58:00,8,20,-1,2025-10-08,B004
R003_up_T012,R003_up,S029,2025-10-08 19:01:00,2025-10-08 19:04:00,3,8,-1,2025-10-08,B004
R003_up_T013,R003_up,S058,2025-10-08 18:12:00,2025-10-08 18:15:00,3,21,3,2025-10-08,B023
R003_up_T013,R003_up,S028,2025-10-08 18:16:00,2025-10-08 18:17:00,4,8,0,2025-10-08,B023
R003_up_T013,R003_up,S032,2025-10-08 18:24:00,2025-10-08 18:25:00,5,16,1,2025-10-08,B023
R003_up_T013,R003_up,S045,2025-10-08 18:34:00,2025-10-08 18:36:00,4,11,7,2025-10-08,B023
R003_up_T013,R003_up,S046,2025-10-08 18:37:00,2025-10-08 18:38:00,11,14,3,2025-10-08,B023
R003_up_T013,R003_up,S003,2025-10-08 18:42:00,2025-10-08 18:44:00,1,14,1,2025-10-08,B023
R003_up_T013,R003_up,S004,2025-10-08 18:51:00,2025-10-08 18:53:00,5,14,5,2025-10-08,B023
R003_up_T013,R003_up,S051,2025-10-08 18:59:00,2025-10-08 19:01:00,5,14,5,2025-10-08,B023
R003_up_T013,R003_up,S049,2025-10-08 19:00:00,2025-10-08 19:01:00,9,17,-2,2025-10-08,B023
R003_up_T013,R003_up,S053,2025-10-08 19:06:00,2025-10-08 19:07:00,5,8,-2,2025-10-08,B023
R003_up_T013,R003_up,S015,2025-10-08 19:19:00,2025-10-08 19:20:00,3,19,6,2025-10-08,B023
R003_up_T013,R003_up,S011,2025-10-08 19:26:00,2025-10-08 19:29:00,12,8,7,2025-10-08,B023
R003_up_T013,R003_up,S029,2025-10-08 19:34:00,2025-10-08 19:37:00,1,21,8,2025-10-08,B023
R003_up_T014,R003_up,S058,2025-10-08 18:39:00,2025-10-08 18:40:00,10,7,6,2025-10-08,B007
R003_up_T014,R003_up,S028,2025-10-08 18:46:00,2025-10-08 18:49:00,10,10,7,2025-10-08,B007
R003_up_T014,R003_up,S032,2025-10-08 18:47:00,2025-10-08 18:50:00,6,5,0,2025-10-08,B007
R003_up_T014,R003_up,S045,2025-10-08 18:58:00,2025-10-08 18:59:00,3,2,4,2025-10-08,B007
R003_up_T014,R003_up,S046,2025-10-08 18:59:00,2025-10-08 19:01:00,11,15,0,2025-10-08,B007
R003_up_T014,R003_up,S003,2025-10-08 19:05:00,2025-10-08 19:07:00,4,3,-2,2025-10-08,B007
R003_up_T014,R003_up,S004,2025-10-08 19:19:00,2025-10-08 19:20:00,10,19,5,2025-10-08,B007
R003_up_T014,R003_up,S051,2025-10-08 19:24:00,2025-10-08 19:27:00,2,9,6,2025-10-08,B007
R003_up_T014,R003_up,S049,2025-10-08 19:24:00,2025-10-08 19:27:00,6,17,-1,2025-10-08,B007
R003_up_T014,R003_up,S053,2025-10-08 19:36:00,2025-10-08 19:39:00,0,20,5,2025-10-08,B007
R003_up_T014,R003_up,S015,2025-10-08 19:45:00,2025-10-08 19:48:00,9,11,5,2025-10-08,B007
R003_up_T014,R003_up,S011,2025-10-08 19:52:00,2025-10-08 19:53:00,6,9,5,2025-10-08,B007
R003_up_T014,R003_up,S029,2025-10-08 19:56:00,2025-10-08 19:59:00,1,14,2,2025-10-08,B007
R003_up_T015,R003_up,S058,2025-10-08 18:51:00,2025-10-08 18:54:00,2,18,3,2025-10-08,B022
R003_up_T015,R003_up,S028,2025-10-08 18:52:00,2025-10-08 18:54:00,5,19,-2,2025-10-08,B022
R003_up_T015,R003_up,S032,2025-10-08 19:03:00,2025-10-08 19:06:00,5,15,2,2025-10-08,B022
R003_up_T015,R003_up,S045,2025-10-08 19:17:00,2025-10-08 19:18:00,10,13,8,2025-10-08,B022
R003_up_T015,R003_up,S046,2025-10-08 19:17:00,2025-10-08 19:19:00,7,12,2,2025-10-08,B022
R003_up_T015,R003_up,S003,2025-10-08 19:30:00,2025-10-08 19:33:00,6,21,8,2025-10-08,B022
R003_up_T015,R003_up,S004,2025-10-08 19:38:00,2025-10-08 19:40:00,6,14,8,2025-10-08,B022
R003_up_T015,R003_up,S051,2025-10-08 19:39:00,2025-10-08 19:42:00,9,6,3,2025-10-08,B022
R003_up_T015,R003_up,S049,2025-10-08 19:46:00,2025-10-08 19:48:00,7,11,1,2025-10-08,B022
R003_up_T015,R003_up,S053,2025-10-08 19:56:00,2025-10-08 19:57:00,5,19,4,2025-10-08,B022
R003_up_T015,R003_up,S015,2025-10-08 20:01:00,2025-10-08 20:02:00,9,7,2,2025-10-08,B022
R003_up_T015,R003_up,S011,2025-10-08 20:14:00,2025-10-08 20:16:00,6,13,8,2025-10-08,B022
R003_up_T015,R003_up,S029,2025-10-08 20:15:00,2025-10-08 20:16:00,3,20,1,2025-10-08,B022
R003_up_T016,R003_up,S058,2025-10-08 19:32:00,2025-10-08 19:35:00,8,2,4,2025-10-08,B008
R003_up_T016,R003_up,S028,2025-10-08 19:41:00,2025-10-08 19:42:00,5,7,5,2025-10-08,B008
R003_up_T016,R003_up,S032,2025-10-08 19:39:00,2025-10-08 19:42:00,8,17,-2,2025-10-08,B008
R003_up_T016,R003_up,S045,2025-10-08 19:53:00,2025-10-08 19:55:00,10,10,3,2025-10-08,B008
R003_up_T016,R003_up,S046,2025-10-08 19:58:00,2025-10-08 19:59:00,8,13,3,2025-10-08,B008
R003_up_T016,R003_up,S003,2025-10-08 19:57:00,2025-10-08 19:58:00,1,12,-2,2025-10-08,B008
R003_up_T016,R003_up,S004,2025-10-08 20:01:00,2025-10-08 20:03:00,2,10,-2,2025-10-08,B008
R003_up_T016,R003_up,S051,2025-10-08 20:16:00,2025-10-08 20:19:00,7,17,8,2025-10-08,B008
R003_up_T016,R003_up,S049,2025-10-08 20:12:00,2025-10-08 20:13:00,11,15,-2,2025-10-08,B008
R003_up_T016,R003_up,S053,2025-10-08 20:21:00,2025-10-08 20:22:00,9,18,3,2025-10-08,B008
R003_up_T016,R003_up,S015,2025-10-08 20:25:00,2025-10-08 20:28:00,5,12,0,2025-10-08,B008
R003_up_T016,R003_up,S011,2025-10-08 20:41:00,2025-10-08 20:42:00,7,12,8,2025-10-08,B008
R003_up_T016,R003_up,S029,2025-10-08 20:45:00,2025-10-08 20:48:00,7,8,5,2025-10-08,B008
R003_up_T017,R003_up,S058,2025-10-08 19:49:00,2025-10-08 19:52:00,6,18,6,2025-10-08,B006
R003_up_T017,R003_up,S028,2025-10-08 19:57:00,2025-10-08 19:59:00,1,14,7,2025-10-08,B006
R003_up_T017,R003_up,S032,2025-10-08 19:59:00,2025-10-08 20:00:00,2,16,2,2025-10-08,B006
R003_up_T017,R003_up,S045,2025-10-08 20:08:00,2025-10-08 20:09:00,12,14,4,2025-10-08,B006
R003_up_T017,R003_up,S046,2025-10-08 20:13:00,2025-10-08 20:15:00,5,15,3,2025-10-08,B006
R003_up_T017,R003_up,S003,2025-10-08 20:22:00,2025-10-08 20:23:00,2,13,6,2025-10-08,B006
R003_up_T017,R003_up,S004,2025-10-08 20:23:00,2025-10-08 20:24:00,6,17,3,2025-10-08,B006
R003_up_T017,R003_up,S051,2025-10-08 20:31:00,2025-10-08 20:34:00,2,20,5,2025-10-08,B006
R003_up_T017,R003_up,S049,2025-10-08 20:34:00,2025-10-08 20:35:00,6,8,1,2025-10-08,B006
R003_up_T017,R003_up,S053,2025-10-08 20:35:00,2025-10-08 20:36:00,4,14,-2,2025-10-08,B006
R003_up_T017,R003_up,S015,2025-10-08 20:44:00,2025-10-08 20:47:00,7,10,2,2025-10-08,B006
R003_up_T017,R003_up,S011,2025-10-08 20:54:00,2025-10-08 20:56:00,5,19,4,2025-10-08,B006
R003_up_T017,R003_up,S029,2025-10-08 21:06:00,2025-10-08 21:07:00,2,10,8,2025-10-08,B006
R003_up_T018,R003_up,S058,2025-10-08 20:36:00,2025-10-08 20:39:00,6,15,2,2025-10-08,B002
R003_up_T018,R003_up,S028,2025-10-08 20:44:00,2025-10-08 20:45:00,9,23,1,2025-10-08,B002
R003_up_T018,R003_up,S032,2025-10-08 20:47:00,2025-10-08 20:49:00,4,18,-2,2025-10-08,B002
R003_up_T018,R003_up,S045,2025-10-08 20:53:00,2025-10-08 20:54:00,8,20,-2,2025-10-08,B002
R003_up_T018,R003_up,S046,2025-10-08 21:06:00,2025-10-08 21:09:00,11,22,6,2025-10-08,B002
R003_up_T018,R003_up,S003,2025-10-08 21:15:00,2025-10-08 21:16:00,9,7,6,2025-10-08,B002
R003_up_T018,R003_up,S004,2025-10-08 21:24:00,2025-10-08 21:25:00,3,16,8,2025-10-08,B002
R003_up_T018,R003_up,S051,2025-10-08 21:28:00,2025-10-08 21:31:00,4,17,7,2025-10-08,B002
R003_up_T018,R003_up,S049,2025-10-08 21:33:00,2025-10-08 21:36:00,11,12,4,2025-10-08,B002
R003_up_T018,R003_up,S053,2025-10-08 21:33:00,2025-10-08 21:35:00,3,16,-2,2025-10-08,B002
R003_up_T018,R003_up,S015,2025-10-08 21:45:00,2025-10-08 21:48:00,6,8,4,2025-10-08,B002
R003_up_T018,R003_up,S011,2025-10-08 21:45:00,2025-10-08 21:47:00,5,15,-2,2025-10-08,B002
R003_up_T018,R003_up,S029,2025-10-08 21:52:00,2025-10-08 21:54:00,4,16,-2,2025-10-08,B002
R003_up_T019,R003_up,S058,2025-10-08 20:52:00,2025-10-08 20:53:00,7,12,-1,2025-10-08,B009
R003_up_T019,R003_up,S028,2025-10-08 21:06:00,2025-10-08 21:08:00,3,13,7,2025-10-08,B009
R003_up_T019,R003_up,S032,2025-10-08 21:05:00,2025-10-08 21:08:00,7,4,-1,2025-10-08,B009
R003_up_T019,R003_up,S045,2025-10-08 21:22:00,2025-10-08 21:25:00,9,18,8,2025-10-08,B009
R003_up_T019,R003_up,S046,2025-10-08 21:30:00,2025-10-08 21:31:00,7,7,7,2025-10-08,B009
R003_up_T019,R003_up,S003,2025-10-08 21:26:00,2025-10-08 21:27:00,10,22,-2,2025-10-08,B009
R003_up_T019,R003_up,S004,2025-10-08 21:38:00,2025-10-08 21:41:00,1,11,3,2025-10-08,B009
R003_up_T019,R003_up,S051,2025-10-08 21:45:00,2025-10-08 21:46:00,5,22,1,2025-10-08,B009
R003_up_T019,R003_up,S049,2025-10-08 21:53:00,2025-10-08 21:54:00,10,11,2,2025-10-08,B009
R003_up_T019,R003_up,S053,2025-10-08 21:59:00,2025-10-08 22:00:00,7,15,4,2025-10-08,B009
R003_up_T019,R003_up,S015,2025-10-08 22:02:00,2025-10-08 22:03:00,7,19,2,2025-10-08,B009
R003_up_T019,R003_up,S011,2025-10-08 22:10:00,2025-10-08 22:12:00,7,19,4,2025-10-08,B009
R003_up_T019,R003_up,S029,2025-10-08 22:19:00,2025-10-08 22:21:00,7,14,7,2025-10-08,B009
R003_up_T020,R003_up,S058,2025-10-08 21:37:00,2025-10-08 21:40:00,8,21,2,2025-10-08,B008
R003_up_T020,R003_up,S028,2025-10-08 21:40:00,2025-10-08 21:43:00,5,15,-1,2025-10-08,B008
R003_up_T020,R003_up,S032,2025-10-08 21:51:00,2025-10-08 21:52:00,10,22,2,2025-10-08,B008
R003_up_T020,R003_up,S045,2025-10-08 21:57:00,2025-10-08 21:59:00,11,11,2,2025-10-08,B008
R003_up_T020,R003_up,S046,2025-10-08 22:06:00,2025-10-08 22:07:00,4,12,4,2025-10-08,B008
R003_up_T020,R003_up,S003,2025-10-08 22:17:00,2025-10-08 22:18:00,6,12,8,2025-10-08,B008
R003_up_T020,R003_up,S004,2025-10-08 22:11:00,2025-10-08 22:13:00,4,15,-2,2025-10-08,B008
R003_up_T020,R003_up,S051,2025-10-08 22:18:00,2025-10-08 22:19:00,3,9,0,2025-10-08,B008
R003_up_T020,R003_up,S049,2025-10-08 22:20:00,2025-10-08 22:22:00,4,17,-2,2025-10-08,B008
R003_up_T020,R003_up,S053,2025-10-08 22:34:00,2025-10-08 22:35:00,9,5,7,2025-10-08,B008
R003_up_T020,R003_up,S015,2025-10-08 22:30:00,2025-10-08 22:33:00,8,7,-2,2025-10-08,B008
R003_up_T020,R003_up,S011,2025-10-08 22:42:00,2025-10-08 22:45:00,4,16,2,2025-10-08,B008
R003_up_T020,R003_up,S029,2025-10-08 22:54:00,2025-10-08 22:55:00,7,14,8,2025-10-08,B008
R003_up_T021,R003_up,S058,2025-10-08 21:58:00,2025-10-08 22:00:00,7,10,-2,2025-10-08,B017
R003_up_T021,R003_up,S028,2025-10-08 22:07:00,2025-10-08 22:10:00,4,11,-1,2025-10-08,B017
R003_up_T021,R003_up,S032,2025-10-08 22:16:00,2025-10-08 22:17:00,7,10,1,2025-10-08,B017
R003_up_T021,R003_up,S045,2025-10-08 22:24:00,2025-10-08 22:26:00,9,9,3,2025-10-08,B017
R003_up_T021,R003_up,S046,2025-10-08 22:28:00,2025-10-08 22:30:00,7,15,2,2025-10-08,B017
R003_up_T021,R003_up,S003,2025-10-08 22:32:00,2025-10-08 22:35:00,8,13,-1,2025-10-08,B017
R003_up_T021,R003_up,S004,2025-10-08 22:39:00,2025-10-08 22:42:00,5,10,-1,2025-10-08,B017
R003_up_T021,R003_up,S051,2025-10-08 22:56:00,2025-10-08 22:59:00,0,12,7,2025-10-08,B017
R003_up_T021,R003_up,S049,2025-10-08 22:53:00,2025-10-08 22:56:00,7,7,-2,2025-10-08,B017
R003_up_T021,R003_up,S053,2025-10-08 23:08:00,2025-10-08 23:10:00,8,13,7,2025-10-08,B017
R003_up_T021,R003_up,S015,2025-10-08 23:09:00,2025-10-08 23:10:00,8,0,3,2025-10-08,B017
R003_up_T021,R003_up,S011,2025-10-08 23:14:00,2025-10-08 23:16:00,10,4,1,2025-10-08,B017
R003_up_T021,R003_up,S029,2025-10-08 23:19:00,2025-10-08 23:21:00,13,9,0,2025-10-08,B017
R003_up_T022,R003_up,S058,2025-10-08 22:28:00,2025-10-08 22:30:00,4,16,8,2025-10-08,B021
R003_up_T022,R003_up,S028,2025-10-08 22:28:00,2025-10-08 22:30:00,9,15,3,2025-10-08,B021
R003_up_T022,R003_up,S032,2025-10-08 22:33:00,2025-10-08 22:34:00,3,16,2,2025-10-08,B021
R003_up_T022,R003_up,S045,2025-10-08 22:34:00,2025-10-08 22:35:00,0,16,-2,2025-10-08,B021
R003_up_T022,R003_up,S046,2025-10-08 22:43:00,2025-10-08 22:46:00,5,14,2,2025-10-08,B021
R003_up_T022,R003_up,S003,2025-10-08 22:45:00,2025-10-08 22:48:00,9,12,-2,2025-10-08,B021
R003_up_T022,R003_up,S004,2025-10-08 22:56:00,2025-10-08 22:58:00,2,15,2,2025-10-08,B021
R003_up_T022,R003_up,S051,2025-10-08 23:08:00,2025-10-08 23:09:00,13,6,6,2025-10-08,B021
R003_up_T022,R003_up,S049,2025-10-08 23:14:00,2025-10-08 23:17:00,8,5,5,2025-10-08,B021
R003_up_T022,R003_up,S053,2025-10-08 23:17:00,2025-10-08 23:18:00,9,3,-1,2025-10-08,B021
R003_up_T022,R003_up,S015,2025-10-08 23:27:00,2025-10-08 23:29:00,5,1,5,2025-10-08,B021
R003_up_T022,R003_up,S011,2025-10-08 23:36:00,2025-10-08 23:38:00,10,2,7,2025-10-08,B021
R003_up_T022,R003_up,S029,2025-10-08 23:40:00,2025-10-08 23:43:00,4,3,6,2025-10-08,B021
R003_down_T001,R003_down,S029,2025-10-08 05:36:00,2025-10-08 05:37:00,7,0,1,2025-10-08,B007
R003_down_T001,R003_down,S011,2025-10-08 05:42:00,2025-10-08 05:45:00,8,2,2,2025-10-08,B007
R003_down_T001,R003_down,S015,2025-10-08 05:54:00,2025-10-08 05:55:00,10,3,8,2025-10-08,B007
R003_down_T001,R003_down,S053,2025-10-08 05:55:00,2025-10-08 05:56:00,9,0,3,2025-10-08,B007
R003_down_T001,R003_down,S049,2025-10-08 05:56:00,2025-10-08 05:58:00,11,2,-2,2025-10-08,B007
R003_down_T001,R003_down,S051,2025-10-08 06:05:00,2025-10-08 06:07:00,4,3,1,2025-10-08,B007
R003_down_T001,R003_down,S004,2025-10-08 06:19:00,2025-10-08 06:20:00,8,2,7,2025-10-08,B007
R003_down_T001,R003_down,S003,2025-10-08 06:22:00,2025-10-08 06:25:00,2,10,5,2025-10-08,B007
R003_down_T001,R003_down,S046,2025-10-08 06:29:00,2025-10-08 06:30:00,4,3,4,2025-10-08,B007
R003_down_T001,R003_down,S045,2025-10-08 06:34:00,2025-10-08 06:36:00,11,7,4,2025-10-08,B007
R003_down_T001,R003_down,S032,2025-10-08 06:37:00,2025-10-08 06:40:00,12,8,0,2025-10-08,B007
R003_down_T001,R003_down,S028,2025-10-08 06:46:00,2025-10-08 06:47:00,7,5,0,2025-10-08,B007
R003_down_T001,R003_down,S058,2025-10-08 06:49:00,2025-10-08 06:52:00,8,8,-1,2025-10-08,B007
R003_down_T002,R003_down,S029,2025-10-08 06:09:00,2025-10-08 06:12:00,12,6,-2,2025-10-08,B010
R003_down_T002,R003_down,S011,2025-10-08 06:20:00,2025-10-08 06:23:00,8,2,1,2025-10-08,B010
R003_down_T002,R003_down,S015,2025-10-08 06:24:00,2025-10-08 06:27:00,5,5,-1,2025-10-08,B010
R003_down_T002,R003_down,S053,2025-10-08 06:35:00,2025-10-08 06:36:00,0,5,2,2025-10-08,B010
R003_down_T002,R003_down,S049,2025-10-08 06:41:00,2025-10-08 06:42:00,7,6,1,2025-10-08,B010
R003_down_T002,R003_down,S051,2025-10-08 06:48:00,2025-10-08 06:51:00,10,5,1,2025-10-08,B010
R003_down_T002,R003_down,S004,2025-10-08 06:58:00,2025-10-08 07:00:00,15,7,2,2025-10-08,B010
R003_down_T002,R003_down,S003,2025-10-08 07:03:00,2025-10-08 07:06:00,4,13,2,2025-10-08,B010
R003_down_T002,R003_down,S046,2025-10-08 07:18:00,2025-10-08 07:19:00,2,17,8,2025-10-08,B010
R003_down_T002,R003_down,S045,2025-10-08 07:13:00,2025-10-08 07:15:00,7,15,-2,2025-10-08,B010
R003_down_T002,R003_down,S032,2025-10-08 07:18:00,2025-10-08 07:19:00,3,16,-2,2025-10-08,B010
R003_down_T002,R003_down,S028,2025-10-08 07:32:00,2025-10-08 07:34:00,1,22,8,2025-10-08,B010
R003_down_T002,R003_down,S058,2025-10-08 07:32:00,2025-10-08 07:35:00,4,9,2,2025-10-08,B010
R003_down_T003,R003_down,S029,2025-10-08 07:44:00,2025-10-08 07:47:00,4,12,6,2025-10-08,B014
R003_down_T003,R003_down,S011,2025-10-08 07:49:00,2025-10-08 07:50:00,6,19,3,2025-10-08,B014
R003_down_T003,R003_down,S015,2025-10-08 07:52:00,2025-10-08 07:54:00,8,17,0,2025-10-08,B014
R003_down_T003,R003_down,S053,2025-10-08 08:04:00,2025-10-08 08:06:00,7,12,7,2025-10-08,B014
R003_down_T003,R003_down,S049,2025-10-08 08:09:00,2025-10-08 08:11:00,1,12,4,2025-10-08,B014
R003_down_T003,R003_down,S051,2025-10-08 08:16:00,2025-10-08 08:18:00,3,15,3,2025-10-08,B014
R003_down_T003,R003_down,S004,2025-10-08 08:20:00,2025-10-08 08:22:00,6,8,1,2025-10-08,B014
R003_down_T003,R003_down,S003,2025-10-08 08:32:00,2025-10-08 08:33:00,4,16,6,2025-10-08,B014
R003_down_T003,R003_down,S046,2025-10-08 08:34:00,2025-10-08 08:36:00,6,10,3,2025-10-08,B014
R003_down_T003,R003_down,S045,2025-10-08 08:37:00,2025-10-08 08:39:00,1,14,0,2025-10-08,B014
R003_down_T003,R003_down,S032,2025-10-08 08:41:00,2025-10-08 08:42:00,9,10,-2,2025-10-08,B014
R003_down_T003,R003_down,S028,2025-10-08 08:49:00,2025-10-08 08:52:00,4,12,0,2025-10-08,B014
R003_down_T003,R003_down,S058,2025-10-08 08:55:00,2025-10-08 08:56:00,5,7,-2,2025-10-08,B014
R003_down_T004,R003_down,S029,2025-10-08 08:22:00,2025-10-08 08:24:00,1,16,0,2025-10-08,B012
R003_down_T004,R003_down,S011,2025-10-08 08:32:00,2025-10-08 08:33:00,2,13,3,2025-10-08,B012
R003_down_T004,R003_down,S015,2025-10-08 08:35:00,2025-10-08 08:37:00,0,23,2,2025-10-08,B012
R003_down_T004,R003_down,S053,2025-10-08 08:49:00,2025-10-08 08:51:00,5,14,8,2025-10-08,B012
R003_down_T004,R003_down,S049,2025-10-08 08:56:00,2025-10-08 08:57:00,1,17,7,2025-10-08,B012
R003_down_T004,R003_down,S051,2025-10-08 08:55:00,2025-10-08 08:56:00,5,24,0,2025-10-08,B012
R003_down_T004,R003_down,S004,2025-10-08 09:06:00,2025-10-08 09:09:00,6,20,7,2025-10-08,B012
R003_down_T004,R003_down,S003,2025-10-08 09:13:00,2025-10-08 09:14:00,4,12,5,2025-10-08,B012
R003_down_T004,R003_down,S046,2025-10-08 09:18:00,2025-10-08 09:20:00,5,14,5,2025-10-08,B012
R003_down_T004,R003_down,S045,2025-10-08 09:25:00,2025-10-08 09:27:00,7,20,7,2025-10-08,B012
R003_down_T004,R003_down,S032,2025-10-08 09:27:00,2025-10-08 09:28:00,7,18,4,2025-10-08,B012
R003_down_T004,R003_down,S028,2025-10-08 09:35:00,2025-10-08 09:37:00,4,15,6,2025-10-08,B012
R003_down_T004,R003_down,S058,2025-10-08 09:37:00,2025-10-08 09:40:00,1,11,1,2025-10-08,B012
R003_down_T005,R003_down,S029,2025-10-08 08:45:00,2025-10-08 08:47:00,12,7,6,2025-10-08,B017
R003_down_T005,R003_down,S011,2025-10-08 08:53:00,2025-10-08 08:55:00,1,26,6,2025-10-08,B017
R003_down_T005,R003_down,S015,2025-10-08 08:53:00,2025-10-08 08:56:00,2,19,1,2025-10-08,B017
R003_down_T005,R003_down,S053,2025-10-08 08:58:00,2025-10-08 09:01:00,0,21,0,2025-10-08,B017
R003_down_T005,R003_down,S049,2025-10-08 09:06:00,2025-10-08 09:09:00,4,13,2,2025-10-08,B017
R003_down_T005,R003_down,S051,2025-10-08 09:16:00,2025-10-08 09:17:00,8,17,6,2025-10-08,B017
R003_down_T005,R003_down,S004,2025-10-08 09:15:00,2025-10-08 09:17:00,6,10,0,2025-10-08,B017
R003_down_T005,R003_down,S003,2025-10-08 09:26:00,2025-10-08 09:28:00,1,15,4,2025-10-08,B017
R003_down_T005,R003_down,S046,2025-10-08 09:35:00,2025-10-08 09:37:00,5,7,7,2025-10-08,B017
R003_down_T005,R003_down,S045,2025-10-08 09:37:00,2025-10-08 09:38:00,5,9,2,2025-10-08,B017
R003_down_T005,R003_down,S032,2025-10-08 09:43:00,2025-10-08 09:45:00,8,11,2,2025-10-08,B017
R003_down_T005,R003_down,S028,2025-10-08 09:56:00,2025-10-08 09:58:00,6,15,8,2025-10-08,B017
R003_down_T005,R003_down,S058,2025-10-08 09:56:00,2025-10-08 09:58:00,1,21,3,2025-10-08,B017
R003_down_T006,R003_down,S029,2025-10-08 08:54:00,2025-10-08 08:56:00,10,12,-2,2025-10-08,B022
R003_down_T006,R003_down,S011,2025-10-08 09:03:00,2025-10-08 09:04:00,4,26,-1,2025-10-08,B022
R003_down_T006,R003_down,S015,2025-10-08 09:11:00,2025-10-08 09:14:00,5,21,1,2025-10-08,B022
R003_down_T006,R003_down,S053,2025-10-08 09:16:00,2025-10-08 09:19:00,8,9,-1,2025-10-08,B022
R003_down_T006,R003_down,S049,2025-10-08 09:25:00,2025-10-08 09:26:00,2,7,2,2025-10-08,B022
R003_down_T006,R003_down,S051,2025-10-08 09:35:00,2025-10-08 09:37:00,8,10,6,2025-10-08,B022
R003_down_T006,R003_down,S004,2025-10-08 09:35:00,2025-10-08 09:38:00,3,15,1,2025-10-08,B022
R003_down_T006,R003_down,S003,2025-10-08 09:44:00,2025-10-08 09:47:00,3,9,3,2025-10-08,B022
R003_down_T006,R003_down,S046,2025-10-08 09:53:00,2025-10-08 09:54:00,5,17,4,2025-10-08,B022
R003_down_T006,R003_down,S045,2025-10-08 09:52:00,2025-10-08 09:54:00,1,8,-1,2025-10-08,B022
R003_down_T006,R003_down,S032,2025-10-08 10:00:00,2025-10-08 10:03:00,3,12,0,2025-10-08,B022
R003_down_T006,R003_down,S028,2025-10-08 10:11:00,2025-10-08 10:12:00,5,9,5,2025-10-08,B022
R003_down_T006,R003_down,S058,2025-10-08 10:12:00,2025-10-08 10:15:00,10,26,1,2025-10-08,B022
R003_down_T007,R003_down,S029,2025-10-08 10:00:00,2025-10-08 10:01:00,3,14,2,2025-10-08,B017
R003_down_T007,R003_down,S011,2025-10-08 10:10:00,2025-10-08 10:11:00,3,17,7,2025-10-08,B017
R003_down_T007,R003_down,S015,2025-10-08 10:13:00,2025-10-08 10:15:00,6,5,4,2025-10-08,B017
R003_down_T007,R003_down,S053,2025-10-08 10:20:00,2025-10-08 10:21:00,4,20,4,2025-10-08,B017
R003_down_T007,R003_down,S049,2025-10-08 10:24:00,2025-10-08 10:26:00,7,8,1,2025-10-08,B017
R003_down_T007,R003_down,S051,2025-10-08 10:34:00,2025-10-08 10:36:00,7,28,3,2025-10-08,B017
R003_down_T007,R003_down,S004,2025-10-08 10:45:00,2025-10-08 10:48:00,5,17,7,2025-10-08,B017
R003_down_T007,R003_down,S003,2025-10-08 10:50:00,2025-10-08 10:52:00,9,10,4,2025-10-08,B017
R003_down_T007,R003_down,S046,2025-10-08 10:54:00,2025-10-08 10:57:00,9,9,1,2025-10-08,B017
R003_down_T007,R003_down,S045,2025-10-08 11:05:00,2025-10-08 11:06:00,7,4,5,2025-10-08,B017
R003_down_T007,R003_down,S032,2025-10-08 11:05:00,2025-10-08 11:08:00,5,0,-2,2025-10-08,B017
R003_down_T007,R003_down,S028,2025-10-08 11:16:00,2025-10-08 11:19:00,10,2,3,2025-10-08,B017
R003_down_T007,R003_down,S058,2025-10-08 11:20:00,2025-10-08 11:22:00,5,4,-2,2025-10-08,B017
R003_down_T008,R003_down,S029,2025-10-08 10:16:00,2025-10-08 10:17:00,8,14,3,2025-10-08,B006
R003_down_T008,R003_down,S011,2025-10-08 10:24:00,2025-10-08 10:27:00,5,18,4,2025-10-08,B006
R003_down_T008,R003_down,S015,2025-10-08 10:29:00,2025-10-08 10:30:00,7,17,3,2025-10-08,B006
R003_down_T008,R003_down,S053,2025-10-08 10:36:00,2025-10-08 10:37:00,2,16,6,2025-10-08,B006
R003_down_T008,R003_down,S049,2025-10-08 10:34:00,2025-10-08 10:36:00,10,14,-1,2025-10-08,B006
R003_down_T008,R003_down,S051,2025-10-08 10:42:00,2025-10-08 10:44:00,5,15,-1,2025-10-08,B006
R003_down_T008,R003_down,S004,2025-10-08 10:54:00,2025-10-08 10:56:00,2,16,5,2025-10-08,B006
R003_down_T008,R003_down,S003,2025-10-08 10:53:00,2025-10-08 10:54:00,8,4,-1,2025-10-08,B006
R003_down_T008,R003_down,S046,2025-10-08 11:07:00,2025-10-08 11:09:00,3,18,8,2025-10-08,B006
R003_down_T008,R003_down,S045,2025-10-08 11:08:00,2025-10-08 11:09:00,13,7,4,2025-10-08,B006
R003_down_T008,R003_down,S032,2025-10-08 11:15:00,2025-10-08 11:17:00,8,4,5,2025-10-08,B006
R003_down_T008,R003_down,S028,2025-10-08 11:21:00,2025-10-08 11:23:00,19,7,5,2025-10-08,B006
R003_down_T008,R003_down,S058,2025-10-08 11:22:00,2025-10-08 11:25:00,14,5,-1,2025-10-08,B006
R003_down_T009,R003_down,S029,2025-10-08 10:37:00,2025-10-08 10:38:00,0,20,1,2025-10-08,B022
R003_down_T009,R003_down,S011,2025-10-08 10:45:00,2025-10-08 10:46:00,6,9,2,2025-10-08,B022
R003_down_T009,R003_down,S015,2025-10-08 10:51:00,2025-10-08 10:54:00,6,22,3,2025-10-08,B022
R003_down_T009,R003_down,S053,2025-10-08 11:01:00,2025-10-08 11:02:00,2,6,6,2025-10-08,B022
R003_down_T009,R003_down,S049,2025-10-08 11:07:00,2025-10-08 11:08:00,6,7,5,2025-10-08,B022
R003_down_T009,R003_down,S051,2025-10-08 11:07:00,2025-10-08 11:08:00,7,8,0,2025-10-08,B022
R003_down_T009,R003_down,S004,2025-10-08 11:16:00,2025-10-08 11:19:00,5,7,4,2025-10-08,B022
R003_down_T009,R003_down,S003,2025-10-08 11:25:00,2025-10-08 11:26:00,8,3,6,2025-10-08,B022
R003_down_T009,R003_down,S046,2025-10-08 11:21:00,2025-10-08 11:24:00,10,4,-2,2025-10-08,B022
R003_down_T009,R003_down,S045,2025-10-08 11:31:00,2025-10-08 11:34:00,7,12,-1,2025-10-08,B022
R003_down_T009,R003_down,S032,2025-10-08 11:40:00,2025-10-08 11:42:00,4,7,1,2025-10-08,B022
R003_down_T009,R003_down,S028,2025-10-08 11:50:00,2025-10-08 11:51:00,1,10,4,2025-10-08,B022
R003_down_T009,R003_down,S058,2025-10-08 11:57:00,2025-10-08 11:59:00,9,8,5,2025-10-08,B022
R003_down_T010,R003_down,S029,2025-10-08 11:18:00,2025-10-08 11:20:00,10,2,-1,2025-10-08,B012
R003_down_T010,R003_down,S011,2025-10-08 11:26:00,2025-10-08 11:27:00,4,9,-1,2025-10-08,B012
R003_down_T010,R003_down,S015,2025-10-08 11:34:00,2025-10-08 11:35:00,6,6,2,2025-10-08,B012
R003_down_T010,R003_down,S053,2025-10-08 11:38:00,2025-10-08 11:40:00,12,7,1,2025-10-08,B012
R003_down_T010,R003_down,S049,2025-10-08 11:50:00,2025-10-08 11:52:00,8,9,8,2025-10-08,B012
R003_down_T010,R003_down,S051,2025-10-08 11:57:00,2025-10-08 11:58:00,6,6,7,2025-10-08,B012
R003_down_T010,R003_down,S004,2025-10-08 11:57:00,2025-10-08 11:59:00,4,3,0,2025-10-08,B012
R003_down_T010,R003_down,S003,2025-10-08 12:00:00,2025-10-08 12:03:00,3,11,-2,2025-10-08,B012
R003_down_T010,R003_down,S046,2025-10-08 12:06:00,2025-10-08 12:08:00,8,4,-2,2025-10-08,B012
R003_down_T010,R003_down,S045,2025-10-08 12:22:00,2025-10-08 12:24:00,11,3,6,2025-10-08,B012
R003_down_T010,R003_down,S032,2025-10-08 12:25:00,2025-10-08 12:26:00,10,5,2,2025-10-08,B012
R003_down_T010,R003_down,S028,2025-10-08 12:38:00,2025-10-08 12:39:00,11,7,8,2025-10-08,B012
R003_down_T010,R003_down,S058,2025-10-08 12:44:00,2025-10-08 12:47:00,9,6,7,2025-10-08,B012
R003_down_T011,R003_down,S029,2025-10-08 12:00:00,2025-10-08 12:01:00,7,5,4,2025-10-08,B003
R003_down_T011,R003_down,S011,2025-10-08 12:10:00,2025-10-08 12:11:00,4,6,8,2025-10-08,B003
R003_down_T011,R003_down,S015,2025-10-08 12:06:00,2025-10-08 12:07:00,5,8,-1,2025-10-08,B003
R003_down_T011,R003_down,S053,2025-10-08 12:22:00,2025-10-08 12:23:00,3,8,8,2025-10-08,B003
R003_down_T011,R003_down,S049,2025-10-08 12:25:00,2025-10-08 12:28:00,11,7,5,2025-10-08,B003
R003_down_T011,R003_down,S051,2025-10-08 12:27:00,2025-10-08 12:29:00,7,10,1,2025-10-08,B003
R003_down_T011,R003_down,S004,2025-10-08 12:32:00,2025-10-08 12:34:00,5,9,-1,2025-10-08,B003
R003_down_T011,R003_down,S003,2025-10-08 12:38:00,2025-10-08 12:40:00,7,9,-2,2025-10-08,B003
R003_down_T011,R003_down,S046,2025-10-08 12:53:00,2025-10-08 12:54:00,7,5,8,2025-10-08,B003
R003_down_T011,R003_down,S045,2025-10-08 12:59:00,2025-10-08 13:00:00,4,4,7,2025-10-08,B003
R003_down_T011,R003_down,S032,2025-10-08 12:59:00,2025-10-08 13:00:00,9,7,1,2025-10-08,B003
R003_down_T011,R003_down,S028,2025-10-08 13:11:00,2025-10-08 13:14:00,10,5,7,2025-10-08,B003
R003_down_T011,R003_down,S058,2025-10-08 13:08:00,2025-10-08 13:11:00,8,3,-2,2025-10-08,B003
R003_down_T012,R003_down,S029,2025-10-08 12:38:00,2025-10-08 12:41:00,4,7,1,2025-10-08,B015
R003_down_T012,R003_down,S011,2025-10-08 12:52:00,2025-10-08 12:55:00,3,6,6,2025-10-08,B015
R003_down_T012,R003_down,S015,2025-10-08 13:00:00,2025-10-08 13:03:00,3,14,7,2025-10-08,B015
R003_down_T012,R003_down,S053,2025-10-08 13:05:00,2025-10-08 13:08:00,6,5,6,2025-10-08,B015
R003_down_T012,R003_down,S049,2025-10-08 13:10:00,2025-10-08 13:11:00,7,4,4,2025-10-08,B015
R003_down_T012,R003_down,S051,2025-10-08 13:20:00,2025-10-08 13:23:00,8,1,7,2025-10-08,B015
R003_down_T012,R003_down,S004,2025-10-08 13:29:00,2025-10-08 13:31:00,8,10,8,2025-10-08,B015
R003_down_T012,R003_down,S003,2025-10-08 13:31:00,2025-10-08 13:34:00,11,11,3,2025-10-08,B015
R003_down_T012,R003_down,S046,2025-10-08 13:35:00,2025-10-08 13:36:00,7,3,-2,2025-10-08,B015
R003_down_T012,R003_down,S045,2025-10-08 13:44:00,2025-10-08 13:47:00,9,5,3,2025-10-08,B015
R003_down_T012,R003_down,S032,2025-10-08 13:55:00,2025-10-08 13:56:00,8,4,5,2025-10-08,B015
R003_down_T012,R003_down,S028,2025-10-08 14:02:00,2025-10-08 14:03:00,5,3,7,2025-10-08,B015
R003_down_T012,R003_down,S058,2025-10-08 14:08:00,2025-10-08 14:09:00,9,3,8,2025-10-08,B015
R003_down_T013,R003_down,S029,2025-10-08 15:01:00,2025-10-08 15:02:00,7,4,4,2025-10-08,B013
R003_down_T013,R003_down,S011,2025-10-08 15:10:00,2025-10-08 15:13:00,5,0,6,2025-10-08,B013
R003_down_T013,R003_down,S015,2025-10-08 15:11:00,2025-10-08 15:13:00,8,2,-2,2025-10-08,B013
R003_down_T013,R003_down,S053,2025-10-08 15:19:00,2025-10-08 15:21:00,7,7,-1,2025-10-08,B013
R003_down_T013,R003_down,S049,2025-10-08 15:33:00,2025-10-08 15:36:00,5,4,8,2025-10-08,B013
R003_down_T013,R003_down,S051,2025-10-08 15:38:00,2025-10-08 15:41:00,7,4,7,2025-10-08,B013
R003_down_T013,R003_down,S004,2025-10-08 15:41:00,2025-10-08 15:43:00,9,4,4,2025-10-08,B013
R003_down_T013,R003_down,S003,2025-10-08 15:46:00,2025-10-08 15:48:00,7,4,3,2025-10-08,B013
R003_down_T013,R003_down,S046,2025-10-08 15:53:00,2025-10-08 15:55:00,3,9,3,2025-10-08,B013
R003_down_T013,R003_down,S045,2025-10-08 16:03:00,2025-10-08 16:05:00,9,12,8,2025-10-08,B013
R003_down_T013,R003_down,S032,2025-10-08 16:03:00,2025-10-08 16:04:00,13,6,3,2025-10-08,B013
R003_down_T013,R003_down,S028,2025-10-08 16:06:00,2025-10-08 16:07:00,12,7,-1,2025-10-08,B013
R003_down_T013,R003_down,S058,2025-10-08 16:18:00,2025-10-08 16:20:00,5,9,7,2025-10-08,B013
R003_down_T014,R003_down,S029,2025-10-08 15:47:00,2025-10-08 15:50:00,10,7,-2,2025-10-08,B012
R003_down_T014,R003_down,S011,2025-10-08 15:53:00,2025-10-08 15:55:00,10,5,-2,2025-10-08,B012
R003_down_T014,R003_down,S015,2025-10-08 16:01:00,2025-10-08 16:03:00,16,2,0,2025-10-08,B012
R003_down_T014,R003_down,S053,2025-10-08 16:07:00,2025-10-08 16:09:00,6,5,0,2025-10-08,B012
R003_down_T014,R003_down,S049,2025-10-08 16:11:00,2025-10-08 16:13:00,7,5,-2,2025-10-08,B012
R003_down_T014,R003_down,S051,2025-10-08 16:19:00,2025-10-08 16:21:00,13,6,1,2025-10-08,B012
R003_down_T014,R003_down,S004,2025-10-08 16:24:00,2025-10-08 16:26:00,7,8,-2,2025-10-08,B012
R003_down_T014,R003_down,S003,2025-10-08 16:36:00,2025-10-08 16:37:00,10,7,5,2025-10-08,B012
R003_down_T014,R003_down,S046,2025-10-08 16:45:00,2025-10-08 16:47:00,9,6,7,2025-10-08,B012
R003_down_T014,R003_down,S045,2025-10-08 16:51:00,2025-10-08 16:52:00,6,5,6,2025-10-08,B012
R003_down_T014,R003_down,S032,2025-10-08 16:52:00,2025-10-08 16:53:00,8,7,1,2025-10-08,B012
R003_down_T014,R003_down,S028,2025-10-08 16:58:00,2025-10-08 17:01:00,9,8,3,2025-10-08,B012
R003_down_T014,R003_down,S058,2025-10-08 17:08:00,2025-10-08 17:11:00,10,6,4,2025-10-08,B012
R003_down_T015,R003_down,S029,2025-10-08 18:27:00,2025-10-08 18:29:00,14,8,-1,2025-10-08,B020
R003_down_T015,R003_down,S011,2025-10-08 18:41:00,2025-10-08 18:42:00,6,6,8,2025-10-08,B020
R003_down_T015,R003_down,S015,2025-10-08 18:43:00,2025-10-08 18:45:00,5,2,5,2025-10-08,B020
R003_down_T015,R003_down,S053,2025-10-08 18:50:00,2025-10-08 18:52:00,9,9,4,2025-10-08,B020
R003_down_T015,R003_down,S049,2025-10-08 18:55:00,2025-10-08 18:58:00,17,3,1,2025-10-08,B020
R003_down_T015,R003_down,S051,2025-10-08 19:08:00,2025-10-08 19:11:00,19,7,7,2025-10-08,B020
R003_down_T015,R003_down,S004,2025-10-08 19:08:00,2025-10-08 19:10:00,21,6,-2,2025-10-08,B020
R003_down_T015,R003_down,S003,2025-10-08 19:23:00,2025-10-08 19:25:00,5,9,7,2025-10-08,B020
R003_down_T015,R003_down,S046,2025-10-08 19:27:00,2025-10-08 19:29:00,14,12,4,2025-10-08,B020
R003_down_T015,R003_down,S045,2025-10-08 19:34:00,2025-10-08 19:36:00,16,3,3,2025-10-08,B020
R003_down_T015,R003_down,S032,2025-10-08 19:42:00,2025-10-08 19:44:00,21,3,5,2025-10-08,B020
R003_down_T015,R003_down,S028,2025-10-08 19:44:00,2025-10-08 19:47:00,15,4,2,2025-10-08,B020
R003_down_T015,R003_down,S058,2025-10-08 19:53:00,2025-10-08 19:55:00,13,7,4,2025-10-08,B020
R003_down_T016,R003_down,S029,2025-10-08 18:54:00,2025-10-08 18:57:00,11,1,1,2025-10-08,B005
R003_down_T016,R003_down,S011,2025-10-08 19:01:00,2025-10-08 19:02:00,9,4,-1,2025-10-08,B005
R003_down_T016,R003_down,S015,2025-10-08 19:07:00,2025-10-08 19:09:00,19,4,0,2025-10-08,B005
R003_down_T016,R003_down,S053,2025-10-08 19:18:00,2025-10-08 19:21:00,17,2,6,2025-10-08,B005
R003_down_T016,R003_down,S049,2025-10-08 19:18:00,2025-10-08 19:21:00,13,4,-1,2025-10-08,B005
R003_down_T016,R003_down,S051,2025-10-08 19:31:00,2025-10-08 19:32:00,3,4,3,2025-10-08,B005
R003_down_T016,R003_down,S004,2025-10-08 19:40:00,2025-10-08 19:41:00,14,7,5,2025-10-08,B005
R003_down_T016,R003_down,S003,2025-10-08 19:41:00,2025-10-08 19:43:00,11,6,2,2025-10-08,B005
R003_down_T016,R003_down,S046,2025-10-08 19:51:00,2025-10-08 19:52:00,13,1,4,2025-10-08,B005
R003_down_T016,R003_down,S045,2025-10-08 19:59:00,2025-10-08 20:01:00,20,9,6,2025-10-08,B005
R003_down_T016,R003_down,S032,2025-10-08 20:01:00,2025-10-08 20:03:00,17,8,1,2025-10-08,B005
R003_down_T016,R003_down,S028,2025-10-08 20:15:00,2025-10-08 20:17:00,8,5,7,2025-10-08,B005
R003_down_T016,R003_down,S058,2025-10-08 20:18:00,2025-10-08 20:20:00,9,6,2,2025-10-08,B005
R003_down_T017,R003_down,S029,2025-10-08 19:30:00,2025-10-08 19:33:00,12,9,2,2025-10-08,B012
R003_down_T017,R003_down,S011,2025-10-08 19:40:00,2025-10-08 19:42:00,10,9,4,2025-10-08,B012
R003_down_T017,R003_down,S015,2025-10-08 19:47:00,2025-10-08 19:50:00,14,8,4,2025-10-08,B012
R003_down_T017,R003_down,S053,2025-10-08 19:58:00,2025-10-08 20:01:00,19,8,6,2025-10-08,B012
R003_down_T017,R003_down,S049,2025-10-08 20:08:00,2025-10-08 20:10:00,9,8,7,2025-10-08,B012
R003_down_T017,R003_down,S051,2025-10-08 20:04:00,2025-10-08 20:05:00,14,5,-2,2025-10-08,B012
R003_down_T017,R003_down,S004,2025-10-08 20:19:00,2025-10-08 20:21:00,11,6,6,2025-10-08,B012
R003_down_T017,R003_down,S003,2025-10-08 20:25:00,2025-10-08 20:27:00,6,6,7,2025-10-08,B012
R003_down_T017,R003_down,S046,2025-10-08 20:29:00,2025-10-08 20:31:00,18,3,6,2025-10-08,B012
R003_down_T017,R003_down,S045,2025-10-08 20:29:00,2025-10-08 20:31:00,17,11,-2,2025-10-08,B012
R003_down_T017,R003_down,S032,2025-10-08 20:44:00,2025-10-08 20:45:00,19,9,6,2025-10-08,B012
R003_down_T017,R003_down,S028,2025-10-08 20:45:00,2025-10-08 20:48:00,19,8,0,2025-10-08,B012
R003_down_T017,R003_down,S058,2025-10-08 21:02:00,2025-10-08 21:04:00,14,4,8,2025-10-08,B012
R003_down_T018,R003_down,S029,2025-10-08 19:48:00,2025-10-08 19:49:00,9,0,-2,2025-10-08,B006
R003_down_T018,R003_down,S011,2025-10-08 20:02:00,2025-10-08 20:04:00,17,9,8,2025-10-08,B006
R003_down_T018,R003_down,S015,2025-10-08 20:03:00,2025-10-08 20:06:00,24,6,3,2025-10-08,B006
R003_down_T018,R003_down,S053,2025-10-08 20:04:00,2025-10-08 20:07:00,12,5,-2,2025-10-08,B006
R003_down_T018,R003_down,S049,2025-10-08 20:14:00,2025-10-08 20:16:00,1,3,0,2025-10-08,B006
R003_down_T018,R003_down,S051,2025-10-08 20:26:00,2025-10-08 20:27:00,2,9,4,2025-10-08,B006
R003_down_T018,R003_down,S004,2025-10-08 20:35:00,2025-10-08 20:37:00,24,4,7,2025-10-08,B006
R003_down_T018,R003_down,S003,2025-10-08 20:33:00,2025-10-08 20:34:00,2,3,0,2025-10-08,B006
R003_down_T018,R003_down,S046,2025-10-08 20:40:00,2025-10-08 20:42:00,12,2,3,2025-10-08,B006
R003_down_T018,R003_down,S045,2025-10-08 20:44:00,2025-10-08 20:47:00,11,8,0,2025-10-08,B006
R003_down_T018,R003_down,S032,2025-10-08 20:49:00,2025-10-08 20:52:00,17,6,-1,2025-10-08,B006
R003_down_T018,R003_down,S028,2025-10-08 21:04:00,2025-10-08 21:07:00,21,11,6,2025-10-08,B006
R003_down_T018,R003_down,S058,2025-10-08 21:05:00,2025-10-08 21:06:00,7,5,-2,2025-10-08,B006
R003_down_T019,R003_down,S029,2025-10-08 22:01:00,2025-10-08 22:03:00,21,9,4,2025-10-08,B009
R003_down_T019,R003_down,S011,2025-10-08 22:04:00,2025-10-08 22:06:00,17,2,0,2025-10-08,B009
R003_down_T019,R003_down,S015,2025-10-08 22:18:00,2025-10-08 22:19:00,3,7,6,2025-10-08,B009
R003_down_T019,R003_down,S053,2025-10-08 22:15:00,2025-10-08 22:16:00,12,7,-1,2025-10-08,B009
R003_down_T019,R003_down,S049,2025-10-08 22:29:00,2025-10-08 22:32:00,7,1,8,2025-10-08,B009
R003_down_T019,R003_down,S051,2025-10-08 22:27:00,2025-10-08 22:30:00,12,9,0,2025-10-08,B009
R003_down_T019,R003_down,S004,2025-10-08 22:40:00,2025-10-08 22:42:00,6,2,6,2025-10-08,B009
R003_down_T019,R003_down,S003,2025-10-08 22:44:00,2025-10-08 22:47:00,23,9,2,2025-10-08,B009
R003_down_T019,R003_down,S046,2025-10-08 22:54:00,2025-10-08 22:55:00,4,3,5,2025-10-08,B009
R003_down_T019,R003_down,S045,2025-10-08 23:00:00,2025-10-08 23:01:00,13,4,6,2025-10-08,B009
R003_down_T019,R003_down,S032,2025-10-08 22:59:00,2025-10-08 23:00:00,4,4,0,2025-10-08,B009
R003_down_T019,R003_down,S028,2025-10-08 23:10:00,2025-10-08 23:11:00,3,3,7,2025-10-08,B009
R003_down_T019,R003_down,S058,2025-10-08 23:08:00,2025-10-08 23:09:00,4,7,1,2025-10-08,B009
R003_down_T020,R003_down,S029,2025-10-08 22:18:00,2025-10-08 22:20:00,14,6,1,2025-10-08,B015
R003_down_T020,R003_down,S011,2025-10-08 22:23:00,2025-10-08 22:24:00,11,5,1,2025-10-08,B015
R003_down_T020,R003_down,S015,2025-10-08 22:35:00,2025-10-08 22:37:00,18,6,6,2025-10-08,B015
R003_down_T020,R003_down,S053,2025-10-08 22:36:00,2025-10-08 22:38:00,20,9,2,2025-10-08,B015
R003_down_T020,R003_down,S049,2025-10-08 22:44:00,2025-10-08 22:46:00,5,6,5,2025-10-08,B015
R003_down_T020,R003_down,S051,2025-10-08 22:46:00,2025-10-08 22:47:00,16,7,1,2025-10-08,B015
R003_down_T020,R003_down,S004,2025-10-08 22:57:00,2025-10-08 22:58:00,16,7,6,2025-10-08,B015
R003_down_T020,R003_down,S003,2025-10-08 23:01:00,2025-10-08 23:03:00,11,4,6,2025-10-08,B015
R003_down_T020,R003_down,S046,2025-10-08 23:03:00,2025-10-08 23:04:00,7,5,0,2025-10-08,B015
R003_down_T020,R003_down,S045,2025-10-08 23:11:00,2025-10-08 23:12:00,8,0,4,2025-10-08,B015
R003_down_T020,R003_down,S032,2025-10-08 23:09:00,2025-10-08 23:12:00,12,10,-2,2025-10-08,B015
R003_down_T020,R003_down,S028,2025-10-08 23:21:00,2025-10-08 23:22:00,14,1,4,2025-10-08,B015
R003_down_T020,R003_down,S058,2025-10-08 23:28:00,2025-10-08 23:31:00,10,6,5,2025-10-08,B015
R003_down_T021,R003_down,S029,2025-10-08 22:37:00,2025-10-08 22:40:00,10,8,3,2025-10-08,B006
R003_down_T021,R003_down,S011,2025-10-08 22:40:00,2025-10-08 22:43:00,7,10,-2,2025-10-08,B006
R003_down_T021,R003_down,S015,2025-10-08 22:55:00,2025-10-08 22:56:00,18,6,4,2025-10-08,B006
R003_down_T021,R003_down,S053,2025-10-08 22:53:00,2025-10-08 22:56:00,12,2,-2,2025-10-08,B006
R003_down_T021,R003_down,S049,2025-10-08 23:06:00,2025-10-08 23:09:00,2,2,3,2025-10-08,B006
R003_down_T021,R003_down,S051,2025-10-08 23:12:00,2025-10-08 23:14:00,0,5,1,2025-10-08,B006
R003_down_T021,R003_down,S004,2025-10-08 23:17:00,2025-10-08 23:18:00,3,7,-1,2025-10-08,B006
R003_down_T021,R003_down,S003,2025-10-08 23:27:00,2025-10-08 23:30:00,5,7,2,2025-10-08,B006
R003_down_T021,R003_down,S046,2025-10-08 23:38:00,2025-10-08 23:39:00,6,5,6,2025-10-08,B006
R003_down_T021,R003_down,S045,2025-10-08 23:42:00,2025-10-08 23:43:00,12,2,3,2025-10-08,B006
R003_down_T021,R003_down,S032,2025-10-08 23:41:00,2025-10-08 23:43:00,6,2,-2,2025-10-08,B006
R003_down_T021,R003_down,S028,2025-10-08 23:54:00,2025-10-08 23:56:00,3,2,5,2025-10-08,B006
R003_down_T021,R003_down,S058,2025-10-08 23:55:00,2025-10-08 23:58:00,5,9,0,2025-10-08,B006
R003_down_T022,R003_down,S029,2025-10-08 22:55:00,2025-10-08 22:56:00,6,5,7,2025-10-08,B001
R003_down_T022,R003_down,S011,2025-10-08 22:58:00,2025-10-08 23:00:00,16,13,5,2025-10-08,B001
R003_down_T022,R003_down,S015,2025-10-08 23:03:00,2025-10-08 23:04:00,8,7,3,2025-10-08,B001
R003_down_T022,R003_down,S053,2025-10-08 23:03:00,2025-10-08 23:04:00,7,7,-2,2025-10-08,B001
R003_down_T022,R003_down,S049,2025-10-08 23:14:00,2025-10-08 23:16:00,2,3,5,2025-10-08,B001
R003_down_T022,R003_down,S051,2025-10-08 23:17:00,2025-10-08 23:20:00,3,5,2,2025-10-08,B001
R003_down_T022,R003_down,S004,2025-10-08 23:25:00,2025-10-08 23:28:00,8,6,4,2025-10-08,B001
R003_down_T022,R003_down,S003,2025-10-08 23:31:00,2025-10-08 23:34:00,8,3,4,2025-10-08,B001
R003_down_T022,R003_down,S046,2025-10-08 23:40:00,2025-10-08 23:43:00,9,6,4,2025-10-08,B001
R003_down_T022,R003_down,S045,2025-10-08 23:46:00,2025-10-08 23:47:00,14,5,2,2025-10-08,B001
R003_down_T022,R003_down,S032,2025-10-08 23:49:00,2025-10-08 23:50:00,6,8,-2,2025-10-08,B001
R003_down_T022,R003_down,S028,2025-10-09 00:01:00,2025-10-09 00:02:00,9,6,6,2025-10-08,B001
R003_down_T022,R003_down,S058,2025-10-09 00:09:00,2025-10-09 00:10:00,5,9,8,2025-10-08,B001
R004_up_T001,R004_up,S037,2025-10-08 05:43:00,2025-10-08 05:44:00,6,10,7,2025-10-08,B002
R004_up_T001,R004_up,S009,2025-10-08 05:42:00,2025-10-08 05:45:00,7,7,1,2025-10-08,B002
R004_up_T001,R004_up,S032,2025-10-08 05:53:00,2025-10-08 05:56:00,10,4,3,2025-10-08,B002
R004_up_T001,R004_up,S054,2025-10-08 05:56:00,2025-10-08 05:58:00,10,3,-2,2025-10-08,B002
R004_up_T001,R004_up,S029,2025-10-08 06:06:00,2025-10-08 06:07:00,12,7,0,2025-10-08,B002
R004_up_T001,R004_up,S052,2025-10-08 06:09:00,2025-10-08 06:12:00,6,9,-1,2025-10-08,B002
R004_up_T001,R004_up,S015,2025-10-08 06:16:00,2025-10-08 06:19:00,10,7,-1,2025-10-08,B002
R004_up_T001,R004_up,S026,2025-10-08 06:34:00,2025-10-08 06:35:00,3,6,8,2025-10-08,B002
R004_up_T001,R004_up,S023,2025-10-08 06:32:00,2025-10-08 06:33:00,6,4,1,2025-10-08,B002
R004_up_T001,R004_up,S001,2025-10-08 06:42:00,2025-10-08 06:44:00,5,6,4,2025-10-08,B002
R004_up_T001,R004_up,S036,2025-10-08 06:45:00,2025-10-08 06:46:00,4,0,2,2025-10-08,B002
R004_up_T001,R004_up,S040,2025-10-08 06:54:00,2025-10-08 06:57:00,5,13,7,2025-10-08,B002
R004_up_T002,R004_up,S037,2025-10-08 06:20:00,2025-10-08 06:21:00,8,6,-1,2025-10-08,B023
R004_up_T002,R004_up,S009,2025-10-08 06:27:00,2025-10-08 06:29:00,2,4,-1,2025-10-08,B023
R004_up_T002,R004_up,S032,2025-10-08 06:34:00,2025-10-08 06:35:00,7,3,-1,2025-10-08,B023
R004_up_T002,R004_up,S054,2025-10-08 06:47:00,2025-10-08 06:48:00,12,5,5,2025-10-08,B023
R004_up_T002,R004_up,S029,2025-10-08 06:52:00,2025-10-08 06:55:00,11,8,6,2025-10-08,B023
R004_up_T002,R004_up,S052,2025-10-08 06:57:00,2025-10-08 06:58:00,9,6,5,2025-10-08,B023
R004_up_T002,R004_up,S015,2025-10-08 06:59:00,2025-10-08 07:01:00,8,0,2,2025-10-08,B023
R004_up_T002,R004_up,S026,2025-10-08 07:04:00,2025-10-08 07:07:00,13,9,1,2025-10-08,B023
R004_up_T002,R004_up,S023,2025-10-08 07:18:00,2025-10-08 07:19:00,9,5,8,2025-10-08,B023
R004_up_T002,R004_up,S001,2025-10-08 07:19:00,2025-10-08 07:21:00,12,7,5,2025-10-08,B023
R004_up_T002,R004_up,S036,2025-10-08 07:20:00,2025-10-08 07:22:00,16,7,-2,2025-10-08,B023
R004_up_T002,R004_up,S040,2025-10-08 07:37:00,2025-10-08 07:39:00,8,2,7,2025-10-08,B023
R004_up_T003,R004_up,S037,2025-10-08 07:41:00,2025-10-08 07:43:00,11,6,0,2025-10-08,B021
R004_up_T003,R004_up,S009,2025-10-08 07:53:00,2025-10-08 07:55:00,8,9,6,2025-10-08,B021
R004_up_T003,R004_up,S032,2025-10-08 07:50:00,2025-10-08 07:52:00,22,7,-2,2025-10-08,B021
R004_up_T003,R004_up,S054,2025-10-08 08:05:00,2025-10-08 08:06:00,21,2,8,2025-10-08,B021
R004_up_T003,R004_up,S029,2025-10-08 08:07:00,2025-10-08 08:10:00,21,10,4,2025-10-08,B021
R004_up_T003,R004_up,S052,2025-10-08 08:14:00,2025-10-08 08:16:00,28,0,5,2025-10-08,B021
R004_up_T003,R004_up,S015,2025-10-08 08:23:00,2025-10-08 08:26:00,13,4,8,2025-10-08,B021
R004_up_T003,R004_up,S026,2025-10-08 08:24:00,2025-10-08 08:25:00,23,7,0,2025-10-08,B021
R004_up_T003,R004_up,S023,2025-10-08 08:32:00,2025-10-08 08:35:00,10,8,3,2025-10-08,B021
R004_up_T003,R004_up,S001,2025-10-08 08:35:00,2025-10-08 08:38:00,12,3,-2,2025-10-08,B021
R004_up_T003,R004_up,S036,2025-10-08 08:52:00,2025-10-08 08:54:00,29,7,7,2025-10-08,B021
R004_up_T003,R004_up,S040,2025-10-08 08:50:00,2025-10-08 08:51:00,17,2,0,2025-10-08,B021
R004_up_T004,R004_up,S037,2025-10-08 07:57:00,2025-10-08 07:59:00,2,4,0,2025-10-08,B003
R004_up_T004,R004_up,S009,2025-10-08 08:09:00,2025-10-08 08:11:00,18,2,7,2025-10-08,B003
R004_up_T004,R004_up,S032,2025-10-08 08:09:00,2025-10-08 08:12:00,9,2,1,2025-10-08,B003
R004_up_T004,R004_up,S054,2025-10-08 08:19:00,2025-10-08 08:21:00,14,4,2,2025-10-08,B003
R004_up_T004,R004_up,S029,2025-10-08 08:33:00,2025-10-08 08:36:00,11,9,8,2025-10-08,B003
R004_up_T004,R004_up,S052,2025-10-08 08:34:00,2025-10-08 08:35:00,11,8,2,2025-10-08,B003
R004_up_T004,R004_up,S015,2025-10-08 08:37:00,2025-10-08 08:38:00,13,8,0,2025-10-08,B003
R004_up_T004,R004_up,S026,2025-10-08 08:51:00,2025-10-08 08:52:00,16,4,8,2025-10-08,B003
R004_up_T004,R004_up,S023,2025-10-08 08:47:00,2025-10-08 08:50:00,20,9,-1,2025-10-08,B003
R004_up_T004,R004_up,S001,2025-10-08 08:54:00,2025-10-08 08:57:00,4,8,-2,2025-10-08,B003
R004_up_T004,R004_up,S036,2025-10-08 09:05:00,2025-10-08 09:06:00,3,4,1,2025-10-08,B003
R004_up_T004,R004_up,S040,2025-10-08 09:10:00,2025-10-08 09:11:00,13,8,-1,2025-10-08,B003
R004_up_T005,R004_up,S037,2025-10-08 08:23:00,2025-10-08 08:25:00,21,4,7,2025-10-08,B012
R004_up_T005,R004_up,S009,2025-10-08 08:25:00,2025-10-08 08:28:00,14,8,1,2025-10-08,B012
R004_up_T005,R004_up,S032,2025-10-08 08:35:00,2025-10-08 08:38:00,13,4,3,2025-10-08,B012
R004_up_T005,R004_up,S054,2025-10-08 08:47:00,2025-10-08 08:50:00,10,6,8,2025-10-08,B012
R004_up_T005,R004_up,S029,2025-10-08 08:47:00,2025-10-08 08:50:00,13,5,0,2025-10-08,B012
R004_up_T005,R004_up,S052,2025-10-08 08:54:00,2025-10-08 08:56:00,9,1,0,2025-10-08,B012
R004_up_T005,R004_up,S015,2025-10-08 09:08:00,2025-10-08 09:11:00,26,11,7,2025-10-08,B012
R004_up_T005,R004_up,S026,2025-10-08 09:08:00,2025-10-08 09:09:00,8,0,1,2025-10-08,B012
R004_up_T005,R004_up,S023,2025-10-08 09:11:00,2025-10-08 09:12:00,15,10,0,2025-10-08,B012
R004_up_T005,R004_up,S001,2025-10-08 09:16:00,2025-10-08 09:17:00,16,6,0,2025-10-08,B012
R004_up_T005,R004_up,S036,2025-10-08 09:23:00,2025-10-08 09:26:00,18,10,1,2025-10-08,B012
R004_up_T005,R004_up,S040,2025-10-08 09:34:00,2025-10-08 09:35:00,14,2,6,2025-10-08,B012
R004_up_T006,R004_up,S037,2025-10-08 08:58:00,2025-10-08 09:01:00,11,7,-2,2025-10-08,B022
R004_up_T006,R004_up,S009,2025-10-08 09:12:00,2025-10-08 09:13:00,9,4,5,2025-10-08,B022
R004_up_T006,R004_up,S032,2025-10-08 09:19:00,2025-10-08 09:22:00,5,7,7,2025-10-08,B022
R004_up_T006,R004_up,S054,2025-10-08 09:19:00,2025-10-08 09:22:00,16,3,-2,2025-10-08,B022
R004_up_T006,R004_up,S029,2025-10-08 09:28:00,2025-10-08 09:31:00,8,0,1,2025-10-08,B022
R004_up_T006,R004_up,S052,2025-10-08 09:31:00,2025-10-08 09:34:00,12,5,-2,2025-10-08,B022
R004_up_T006,R004_up,S015,2025-10-08 09:49:00,2025-10-08 09:50:00,11,6,8,2025-10-08,B022
R004_up_T006,R004_up,S026,2025-10-08 09:46:00,2025-10-08 09:49:00,16,6,-2,2025-10-08,B022
R004_up_T006,R004_up,S023,2025-10-08 10:00:00,2025-10-08 10:01:00,17,0,6,2025-10-08,B022
R004_up_T006,R004_up,S001,2025-10-08 10:07:00,2025-10-08 10:08:00,13,7,7,2025-10-08,B022
R004_up_T006,R004_up,S036,2025-10-08 10:05:00,2025-10-08 10:08:00,21,0,1,2025-10-08,B022
R004_up_T006,R004_up,S040,2025-10-08 10:16:00,2025-10-08 10:18:00,12,7,4,2025-10-08,B022
R004_up_T007,R004_up,S037,2025-10-08 09:42:00,2025-10-08 09:45:00,14,8,0,2025-10-08,B003
R004_up_T007,R004_up,S009,2025-10-08 09:55:00,2025-10-08 09:58:00,11,7,4,2025-10-08,B003
R004_up_T007,R004_up,S032,2025-10-08 09:57:00,2025-10-08 10:00:00,12,3,-1,2025-10-08,B003
R004_up_T007,R004_up,S054,2025-10-08 10:07:00,2025-10-08 10:08:00,21,7,1,2025-10-08,B003
R004_up_T007,R004_up,S029,2025-10-08 10:20:00,2025-10-08 10:22:00,9,3,7,2025-10-08,B003
R004_up_T007,R004_up,S052,2025-10-08 10:23:00,2025-10-08 10:26:00,12,9,3,2025-10-08,B003
R004_up_T007,R004_up,S015,2025-10-08 10:33:00,2025-10-08 10:35:00,19,0,6,2025-10-08,B003
R004_up_T007,R004_up,S026,2025-10-08 10:42:00,2025-10-08 10:44:00,22,4,7,2025-10-08,B003
R004_up_T007,R004_up,S023,2025-10-08 10:40:00,2025-10-08 10:43:00,19,6,-2,2025-10-08,B003
R004_up_T007,R004_up,S001,2025-10-08 10:54:00,2025-10-08 10:57:00,15,6,5,2025-10-08,B003
R004_up_T007,R004_up,S036,2025-10-08 10:59:00,2025-10-08 11:02:00,15,0,4,2025-10-08,B003
R004_up_T007,R004_up,S040,2025-10-08 11:00:00,2025-10-08 11:03:00,4,0,-2,2025-10-08,B003
R004_up_T008,R004_up,S037,2025-10-08 10:37:00,2025-10-08 10:38:00,11,0,5,2025-10-08,B001
R004_up_T008,R004_up,S009,2025-10-08 10:36:00,2025-10-08 10:38:00,10,7,0,2025-10-08,B001
R004_up_T008,R004_up,S032,2025-10-08 10:44:00,2025-10-08 10:46:00,13,0,2,2025-10-08,B001
R004_up_T008,R004_up,S054,2025-10-08 10:52:00,2025-10-08 10:53:00,15,6,2,2025-10-08,B001
R004_up_T008,R004_up,S029,2025-10-08 11:04:00,2025-10-08 11:06:00,15,3,7,2025-10-08,B001
R004_up_T008,R004_up,S052,2025-10-08 11:13:00,2025-10-08 11:15:00,7,6,8,2025-10-08,B001
R004_up_T008,R004_up,S015,2025-10-08 11:08:00,2025-10-08 11:10:00,9,3,-2,2025-10-08,B001
R004_up_T008,R004_up,S026,2025-10-08 11:22:00,2025-10-08 11:23:00,4,3,4,2025-10-08,B001
R004_up_T008,R004_up,S023,2025-10-08 11:30:00,2025-10-08 11:32:00,8,5,7,2025-10-08,B001
R004_up_T008,R004_up,S001,2025-10-08 11:30:00,2025-10-08 11:32:00,7,7,1,2025-10-08,B001
R004_up_T008,R004_up,S036,2025-10-08 11:37:00,2025-10-08 11:39:00,1,1,3,2025-10-08,B001
R004_up_T008,R004_up,S040,2025-10-08 11:46:00,2025-10-08 11:49:00,7,2,5,2025-10-08,B001
R004_up_T009,R004_up,S037,2025-10-08 11:16:00,2025-10-08 11:17:00,6,10,2,2025-10-08,B001
R004_up_T009,R004_up,S009,2025-10-08 11:18:00,2025-10-08 11:21:00,12,1,-1,2025-10-08,B001
R004_up_T009,R004_up,S032,2025-10-08 11:23:00,2025-10-08 11:26:00,7,8,-2,2025-10-08,B001
R004_up_T009,R004_up,S054,2025-10-08 11:37:00,2025-10-08 11:40:00,8,5,4,2025-10-08,B001
R004_up_T009,R004_up,S029,2025-10-08 11:40:00,2025-10-08 11:42:00,10,5,0,2025-10-08,B001
R004_up_T009,R004_up,S052,2025-10-08 11:54:00,2025-10-08 11:56:00,4,6,8,2025-10-08,B001
R004_up_T009,R004_up,S015,2025-10-08 11:55:00,2025-10-08 11:58:00,7,2,4,2025-10-08,B001
R004_up_T009,R004_up,S026,2025-10-08 11:59:00,2025-10-08 12:02:00,5,6,0,2025-10-08,B001
R004_up_T009,R004_up,S023,2025-10-08 12:08:00,2025-10-08 12:10:00,13,0,2,2025-10-08,B001
R004_up_T009,R004_up,S001,2025-10-08 12:20:00,2025-10-08 12:23:00,9,9,7,2025-10-08,B001
R004_up_T009,R004_up,S036,2025-10-08 12:28:00,2025-10-08 12:30:00,12,1,8,2025-10-08,B001
R004_up_T009,R004_up,S040,2025-10-08 12:29:00,2025-10-08 12:30:00,9,5,3,2025-10-08,B001
R004_up_T010,R004_up,S037,2025-10-08 11:49:00,2025-10-08 11:50:00,6,5,2,2025-10-08,B016
R004_up_T010,R004_up,S009,2025-10-08 11:51:00,2025-10-08 11:54:00,9,6,-2,2025-10-08,B016
R004_up_T010,R004_up,S032,2025-10-08 12:02:00,2025-10-08 12:03:00,8,4,2,2025-10-08,B016
R004_up_T010,R004_up,S054,2025-10-08 12:04:00,2025-10-08 12:05:00,9,5,-1,2025-10-08,B016
R004_up_T010,R004_up,S029,2025-10-08 12:17:00,2025-10-08 12:20:00,13,7,5,2025-10-08,B016
R004_up_T010,R004_up,S052,2025-10-08 12:20:00,2025-10-08 12:23:00,6,9,0,2025-10-08,B016
R004_up_T010,R004_up,S015,2025-10-08 12:25:00,2025-10-08 12:27:00,8,6,-1,2025-10-08,B016
R004_up_T010,R004_up,S026,2025-10-08 12:35:00,2025-10-08 12:37:00,8,5,1,2025-10-08,B016
R004_up_T010,R004_up,S023,2025-10-08 12:41:00,2025-10-08 12:43:00,10,10,1,2025-10-08,B016
R004_up_T010,R004_up,S001,2025-10-08 12:45:00,2025-10-08 12:47:00,8,5,-2,2025-10-08,B016
R004_up_T010,R004_up,S036,2025-10-08 12:53:00,2025-10-08 12:54:00,4,4,-2,2025-10-08,B016
R004_up_T010,R004_up,S040,2025-10-08 13:06:00,2025-10-08 13:08:00,7,6,4,2025-10-08,B016
R004_up_T011,R004_up,S037,2025-10-08 12:40:00,2025-10-08 12:41:00,4,7,0,2025-10-08,B003
R004_up_T011,R004_up,S009,2025-10-08 12:43:00,2025-10-08 12:46:00,9,7,-2,2025-10-08,B003
R004_up_T011,R004_up,S032,2025-10-08 12:58:00,2025-10-08 12:59:00,10,1,5,2025-10-08,B003
R004_up_T011,R004_up,S054,2025-10-08 12:58:00,2025-10-08 12:59:00,5,5,0,2025-10-08,B003
R004_up_T011,R004_up,S029,2025-10-08 13:03:00,2025-10-08 13:04:00,7,3,-2,2025-10-08,B003
R004_up_T011,R004_up,S052,2025-10-08 13:08:00,2025-10-08 13:11:00,12,0,-1,2025-10-08,B003
R004_up_T011,R004_up,S015,2025-10-08 13:21:00,2025-10-08 13:23:00,3,4,5,2025-10-08,B003
R004_up_T011,R004_up,S026,2025-10-08 13:24:00,2025-10-08 13:25:00,5,5,1,2025-10-08,B003
R004_up_T011,R004_up,S023,2025-10-08 13:31:00,2025-10-08 13:34:00,4,3,3,2025-10-08,B003
R004_up_T011,R004_up,S001,2025-10-08 13:36:00,2025-10-08 13:39:00,10,8,0,2025-10-08,B003
R004_up_T011,R004_up,S036,2025-10-08 13:47:00,2025-10-08 13:49:00,7,8,4,2025-10-08,B003
R004_up_T011,R004_up,S040,2025-10-08 13:51:00,2025-10-08 13:54:00,4,9,3,2025-10-08,B003
R004_up_T012,R004_up,S037,2025-10-08 13:24:00,2025-10-08 13:25:00,6,7,0,2025-10-08,B021
R004_up_T012,R004_up,S009,2025-10-08 13:36:00,2025-10-08 13:38:00,11,4,6,2025-10-08,B021
R004_up_T012,R004_up,S032,2025-10-08 13:39:00,2025-10-08 13:42:00,9,4,1,2025-10-08,B021
R004_up_T012,R004_up,S054,2025-10-08 13:44:00,2025-10-08 13:46:00,13,10,-2,2025-10-08,B021
R004_up_T012,R004_up,S029,2025-10-08 13:53:00,2025-10-08 13:54:00,8,5,1,2025-10-08,B021
R004_up_T012,R004_up,S052,2025-10-08 13:59:00,2025-10-08 14:00:00,11,4,0,2025-10-08,B021
R004_up_T012,R004_up,S015,2025-10-08 14:08:00,2025-10-08 14:10:00,8,11,2,2025-10-08,B021
R004_up_T012,R004_up,S026,2025-10-08 14:17:00,2025-10-08 14:19:00,9,0,3,2025-10-08,B021
R004_up_T012,R004_up,S023,2025-10-08 14:24:00,2025-10-08 14:25:00,4,4,3,2025-10-08,B021
R004_up_T012,R004_up,S001,2025-10-08 14:28:00,2025-10-08 14:31:00,9,4,0,2025-10-08,B021
R004_up_T012,R004_up,S036,2025-10-08 14:36:00,2025-10-08 14:38:00,14,10,1,2025-10-08,B021
R004_up_T012,R004_up,S040,2025-10-08 14:41:00,2025-10-08 14:42:00,10,4,0,2025-10-08,B021
R004_up_T013,R004_up,S037,2025-10-08 14:17:00,2025-10-08 14:19:00,5,8,7,2025-10-08,B023
R004_up_T013,R004_up,S009,2025-10-08 14:16:00,2025-10-08 14:19:00,6,9,1,2025-10-08,B023
R004_up_T013,R004_up,S032,2025-10-08 14:20:00,2025-10-08 14:23:00,11,5,-2,2025-10-08,B023
R004_up_T013,R004_up,S054,2025-10-08 14:31:00,2025-10-08 14:33:00,9,6,2,2025-10-08,B023
R004_up_T013,R004_up,S029,2025-10-08 14:34:00,2025-10-08 14:36:00,9,4,-2,2025-10-08,B023
R004_up_T013,R004_up,S052,2025-10-08 14:40:00,2025-10-08 14:42:00,8,2,-1,2025-10-08,B023
R004_up_T013,R004_up,S015,2025-10-08 14:55:00,2025-10-08 14:56:00,4,4,7,2025-10-08,B023
R004_up_T013,R004_up,S026,2025-10-08 14:58:00,2025-10-08 15:00:00,14,3,4,2025-10-08,B023
R004_up_T013,R004_up,S023,2025-10-08 15:05:00,2025-10-08 15:06:00,4,7,6,2025-10-08,B023
R004_up_T013,R004_up,S001,2025-10-08 15:02:00,2025-10-08 15:05:00,10,9,-1,2025-10-08,B023
R004_up_T013,R004_up,S036,2025-10-08 15:13:00,2025-10-08 15:16:00,11,4,1,2025-10-08,B023
R004_up_T013,R004_up,S040,2025-10-08 15:22:00,2025-10-08 15:24:00,0,5,3,2025-10-08,B023
R004_up_T014,R004_up,S037,2025-10-08 15:46:00,2025-10-08 15:48:00,8,4,8,2025-10-08,B005
R004_up_T014,R004_up,S009,2025-10-08 15:43:00,2025-10-08 15:46:00,10,1,-2,2025-10-08,B005
R004_up_T014,R004_up,S032,2025-10-08 15:52:00,2025-10-08 15:53:00,5,6,-1,2025-10-08,B005
R004_up_T014,R004_up,S054,2025-10-08 16:00:00,2025-10-08 16:02:00,7,13,3,2025-10-08,B005
R004_up_T014,R004_up,S029,2025-10-08 16:06:00,2025-10-08 16:07:00,2,7,1,2025-10-08,B005
R004_up_T014,R004_up,S052,2025-10-08 16:10:00,2025-10-08 16:11:00,3,8,-1,2025-10-08,B005
R004_up_T014,R004_up,S015,2025-10-08 16:22:00,2025-10-08 16:25:00,6,9,4,2025-10-08,B005
R004_up_T014,R004_up,S026,2025-10-08 16:26:00,2025-10-08 16:29:00,10,6,-1,2025-10-08,B005
R004_up_T014,R004_up,S023,2025-10-08 16:36:00,2025-10-08 16:38:00,10,5,3,2025-10-08,B005
R004_up_T014,R004_up,S001,2025-10-08 16:45:00,2025-10-08 16:46:00,12,6,6,2025-10-08,B005
R004_up_T014,R004_up,S036,2025-10-08 16:49:00,2025-10-08 16:51:00,8,2,6,2025-10-08,B005
R004_up_T014,R004_up,S040,2025-10-08 16:55:00,2025-10-08 16:58:00,9,2,6,2025-10-08,B005
R004_up_T015,R004_up,S037,2025-10-08 16:21:00,2025-10-08 16:23:00,6,9,7,2025-10-08,B003
R004_up_T015,R004_up,S009,2025-10-08 16:25:00,2025-10-08 16:26:00,13,6,4,2025-10-08,B003
R004_up_T015,R004_up,S032,2025-10-08 16:36:00,2025-10-08 16:39:00,13,5,8,2025-10-08,B003
R004_up_T015,R004_up,S054,2025-10-08 16:43:00,2025-10-08 16:44:00,5,7,7,2025-10-08,B003
R004_up_T015,R004_up,S029,2025-10-08 16:46:00,2025-10-08 16:48:00,2,4,5,2025-10-08,B003
R004_up_T015,R004_up,S052,2025-10-08 16:51:00,2025-10-08 16:52:00,3,9,3,2025-10-08,B003
R004_up_T015,R004_up,S015,2025-10-08 16:58:00,2025-10-08 17:01:00,5,10,5,2025-10-08,B003
R004_up_T015,R004_up,S026,2025-10-08 17:01:00,2025-10-08 17:04:00,2,20,1,2025-10-08,B003
R004_up_T015,R004_up,S023,2025-10-08 17:13:00,2025-10-08 17:15:00,4,17,5,2025-10-08,B003
R004_up_T015,R004_up,S001,2025-10-08 17:19:00,2025-10-08 17:20:00,9,31,6,2025-10-08,B003
R004_up_T015,R004_up,S036,2025-10-08 17:25:00,2025-10-08 17:26:00,7,14,8,2025-10-08,B003
R004_up_T015,R004_up,S040,2025-10-08 17:28:00,2025-10-08 17:29:00,8,6,4,2025-10-08,B003
R004_up_T016,R004_up,S037,2025-10-08 16:53:00,2025-10-08 16:54:00,4,11,7,2025-10-08,B017
R004_up_T016,R004_up,S009,2025-10-08 16:58:00,2025-10-08 16:59:00,8,8,5,2025-10-08,B017
R004_up_T016,R004_up,S032,2025-10-08 16:57:00,2025-10-08 16:58:00,13,1,-1,2025-10-08,B017
R004_up_T016,R004_up,S054,2025-10-08 17:05:00,2025-10-08 17:07:00,8,6,1,2025-10-08,B017
R004_up_T016,R004_up,S029,2025-10-08 17:14:00,2025-10-08 17:17:00,7,15,4,2025-10-08,B017
R004_up_T016,R004_up,S052,2025-10-08 17:17:00,2025-10-08 17:19:00,2,14,1,2025-10-08,B017
R004_up_T016,R004_up,S015,2025-10-08 17:26:00,2025-10-08 17:27:00,3,9,5,2025-10-08,B017
R004_up_T016,R004_up,S026,2025-10-08 17:33:00,2025-10-08 17:35:00,2,11,5,2025-10-08,B017
R004_up_T016,R004_up,S023,2025-10-08 17:37:00,2025-10-08 17:39:00,6,9,2,2025-10-08,B017
R004_up_T016,R004_up,S001,2025-10-08 17:38:00,2025-10-08 17:41:00,6,11,-2,2025-10-08,B017
R004_up_T016,R004_up,S036,2025-10-08 17:55:00,2025-10-08 17:57:00,6,22,6,2025-10-08,B017
R004_up_T016,R004_up,S040,2025-10-08 17:57:00,2025-10-08 18:00:00,2,11,1,2025-10-08,B017
R004_up_T017,R004_up,S037,2025-10-08 18:40:00,2025-10-08 18:41:00,11,7,-2,2025-10-08,B017
R004_up_T017,R004_up,S009,2025-10-08 18:49:00,2025-10-08 18:52:00,2,13,3,2025-10-08,B017
R004_up_T017,R004_up,S032,2025-10-08 18:53:00,2025-10-08 18:56:00,0,9,-2,2025-10-08,B017
R004_up_T017,R004_up,S054,2025-10-08 19:00:00,2025-10-08 19:02:00,4,11,-2,2025-10-08,B017
R004_up_T017,R004_up,S029,2025-10-08 19:13:00,2025-10-08 19:14:00,6,13,6,2025-10-08,B017
R004_up_T017,R004_up,S052,2025-10-08 19:11:00,2025-10-08 19:13:00,6,15,-2,2025-10-08,B017
R004_up_T017,R004_up,S015,2025-10-08 19:18:00,2025-10-08 19:20:00,14,16,0,2025-10-08,B017
R004_up_T017,R004_up,S026,2025-10-08 19:24:00,2025-10-08 19:26:00,6,16,-2,2025-10-08,B017
R004_up_T017,R004_up,S023,2025-10-08 19:37:00,2025-10-08 19:40:00,2,16,6,2025-10-08,B017
R004_up_T017,R004_up,S001,2025-10-08 19:44:00,2025-10-08 19:47:00,2,10,6,2025-10-08,B017
R004_up_T017,R004_up,S036,2025-10-08 19:55:00,2025-10-08 19:57:00,7,5,8,2025-10-08,B017
R004_up_T017,R004_up,S040,2025-10-08 19:58:00,2025-10-08 20:01:00,9,19,3,2025-10-08,B017
R004_up_T018,R004_up,S037,2025-10-08 19:02:00,2025-10-08 19:04:00,6,4,3,2025-10-08,B014
R004_up_T018,R004_up,S009,2025-10-08 19:04:00,2025-10-08 19:07:00,6,13,-2,2025-10-08,B014
R004_up_T018,R004_up,S032,2025-10-08 19:16:00,2025-10-08 19:19:00,3,9,3,2025-10-08,B014
R004_up_T018,R004_up,S054,2025-10-08 19:24:00,2025-10-08 19:26:00,5,20,3,2025-10-08,B014
R004_up_T018,R004_up,S029,2025-10-08 19:33:00,2025-10-08 19:36:00,0,8,7,2025-10-08,B014
R004_up_T018,R004_up,S052,2025-10-08 19:34:00,2025-10-08 19:35:00,6,15,0,2025-10-08,B014
R004_up_T018,R004_up,S015,2025-10-08 19:46:00,2025-10-08 19:49:00,5,9,6,2025-10-08,B014
R004_up_T018,R004_up,S026,2025-10-08 19:49:00,2025-10-08 19:50:00,0,14,3,2025-10-08,B014
R004_up_T018,R004_up,S023,2025-10-08 19:56:00,2025-10-08 19:59:00,2,17,4,2025-10-08,B014
R004_up_T018,R004_up,S001,2025-10-08 20:00:00,2025-10-08 20:01:00,1,14,2,2025-10-08,B014
R004_up_T018,R004_up,S036,2025-10-08 20:13:00,2025-10-08 20:14:00,8,14,8,2025-10-08,B014
R004_up_T018,R004_up,S040,2025-10-08 20:13:00,2025-10-08 20:16:00,5,11,4,2025-10-08,B014
R004_up_T019,R004_up,S037,2025-10-08 19:17:00,2025-10-08 19:20:00,6,13,0,2025-10-08,B006
R004_up_T019,R004_up,S009,2025-10-08 19:32:00,2025-10-08 19:35:00,10,3,6,2025-10-08,B006
R004_up_T019,R004_up,S032,2025-10-08 19:33:00,2025-10-08 19:35:00,9,9,-2,2025-10-08,B006
R004_up_T019,R004_up,S054,2025-10-08 19:48:00,2025-10-08 19:49:00,4,9,6,2025-10-08,B006
R004_up_T019,R004_up,S029,2025-10-08 19:45:00,2025-10-08 19:46:00,5,12,-1,2025-10-08,B006
R004_up_T019,R004_up,S052,2025-10-08 19:56:00,2025-10-08 19:58:00,6,10,5,2025-10-08,B006
R004_up_T019,R004_up,S015,2025-10-08 19:55:00,2025-10-08 19:56:00,8,17,-1,2025-10-08,B006
R004_up_T019,R004_up,S026,2025-10-08 20:07:00,2025-10-08 20:08:00,5,15,4,2025-10-08,B006
R004_up_T019,R004_up,S023,2025-10-08 20:14:00,2025-10-08 20:16:00,2,14,7,2025-10-08,B006
R004_up_T019,R004_up,S001,2025-10-08 20:13:00,2025-10-08 20:14:00,6,14,-1,2025-10-08,B006
R004_up_T019,R004_up,S036,2025-10-08 20:17:00,2025-10-08 20:18:00,6,15,-1,2025-10-08,B006
R004_up_T019,R004_up,S040,2025-10-08 20:22:00,2025-10-08 20:23:00,3,10,-2,2025-10-08,B006
R004_up_T020,R004_up,S037,2025-10-08 19:58:00,2025-10-08 20:01:00,11,16,2,2025-10-08,B016
R004_up_T020,R004_up,S009,2025-10-08 20:12:00,2025-10-08 20:13:00,7,16,8,2025-10-08,B016
R004_up_T020,R004_up,S032,2025-10-08 20:15:00,2025-10-08 20:16:00,9,18,7,2025-10-08,B016
R004_up_T020,R004_up,S054,2025-10-08 20:14:00,2025-10-08 20:15:00,5,15,2,2025-10-08,B016
R004_up_T020,R004_up,S029,2025-10-08 20:22:00,2025-10-08 20:24:00,6,20,4,2025-10-08,B016
R004_up_T020,R004_up,S052,2025-10-08 20:29:00,2025-10-08 20:30:00,9,16,6,2025-10-08,B016
R004_up_T020,R004_up,S015,2025-10-08 20:37:00,2025-10-08 20:39:00,4,20,8,2025-10-08,B016
R004_up_T020,R004_up,S026,2025-10-08 20:38:00,2025-10-08 20:40:00,6,20,2,2025-10-08,B016
R004_up_T020,R004_up,S023,2025-10-08 20:48:00,2025-10-08 20:51:00,5,15,4,2025-10-08,B016
R004_up_T020,R004_up,S001,2025-10-08 20:51:00,2025-10-08 20:52:00,5,16,0,2025-10-08,B016
R004_up_T020,R004_up,S036,2025-10-08 20:56:00,2025-10-08 20:59:00,9,4,-2,2025-10-08,B016
R004_up_T020,R004_up,S040,2025-10-08 21:06:00,2025-10-08 21:08:00,7,18,-1,2025-10-08,B016
R004_up_T021,R004_up,S037,2025-10-08 20:18:00,2025-10-08 20:20:00,7,9,-2,2025-10-08,B008
R004_up_T021,R004_up,S009,2025-10-08 20:30:00,2025-10-08 20:31:00,10,13,3,2025-10-08,B008
R004_up_T021,R004_up,S032,2025-10-08 20:30:00,2025-10-08 20:32:00,7,25,-1,2025-10-08,B008
R004_up_T021,R004_up,S054,2025-10-08 20:38:00,2025-10-08 20:39:00,3,19,1,2025-10-08,B008
R004_up_T021,R004_up,S029,2025-10-08 20:50:00,2025-10-08 20:53:00,3,11,6,2025-10-08,B008
R004_up_T021,R004_up,S052,2025-10-08 20:58:00,2025-10-08 21:01:00,8,8,8,2025-10-08,B008
R004_up_T021,R004_up,S015,2025-10-08 21:07:00,2025-10-08 21:08:00,7,12,8,2025-10-08,B008
R004_up_T021,R004_up,S026,2025-10-08 21:04:00,2025-10-08 21:06:00,4,13,0,2025-10-08,B008
R004_up_T021,R004_up,S023,2025-10-08 21:12:00,2025-10-08 21:13:00,3,13,1,2025-10-08,B008
R004_up_T021,R004_up,S001,2025-10-08 21:22:00,2025-10-08 21:23:00,5,10,6,2025-10-08,B008
R004_up_T021,R004_up,S036,2025-10-08 21:26:00,2025-10-08 21:28:00,7,9,4,2025-10-08,B008
R004_up_T021,R004_up,S040,2025-10-08 21:26:00,2025-10-08 21:28:00,4,10,-1,2025-10-08,B008
R004_up_T022,R004_up,S037,2025-10-08 20:43:00,2025-10-08 20:46:00,5,18,0,2025-10-08,B017
R004_up_T022,R004_up,S009,2025-10-08 20:50:00,2025-10-08 20:53:00,6,11,-1,2025-10-08,B017
R004_up_T022,R004_up,S032,2025-10-08 20:57:00,2025-10-08 20:59:00,9,19,-2,2025-10-08,B017
R004_up_T022,R004_up,S054,2025-10-08 21:08:00,2025-10-08 21:11:00,8,12,2,2025-10-08,B017
R004_up_T022,R004_up,S029,2025-10-08 21:21:00,2025-10-08 21:24:00,5,11,7,2025-10-08,B017
R004_up_T022,R004_up,S052,2025-10-08 21:26:00,2025-10-08 21:27:00,4,12,6,2025-10-08,B017
R004_up_T022,R004_up,S015,2025-10-08 21:23:00,2025-10-08 21:24:00,3,13,-2,2025-10-08,B017
R004_up_T022,R004_up,S026,2025-10-08 21:37:00,2025-10-08 21:40:00,1,20,5,2025-10-08,B017
R004_up_T022,R004_up,S023,2025-10-08 21:44:00,2025-10-08 21:45:00,11,17,6,2025-10-08,B017
R004_up_T022,R004_up,S001,2025-10-08 21:47:00,2025-10-08 21:48:00,10,11,2,2025-10-08,B017
R004_up_T022,R004_up,S036,2025-10-08 21:48:00,2025-10-08 21:51:00,10,3,-2,2025-10-08,B017
R004_up_T022,R004_up,S040,2025-10-08 22:06:00,2025-10-08 22:08:00,7,9,8,2025-10-08,B017
R004_up_T023,R004_up,S037,2025-10-08 21:25:00,2025-10-08 21:28:00,5,0,1,2025-10-08,B002
R004_up_T023,R004_up,S009,2025-10-08 21:30:00,2025-10-08 21:31:00,0,12,-2,2025-10-08,B002
R004_up_T023,R004_up,S032,2025-10-08 21:47:00,2025-10-08 21:50:00,0,16,8,2025-10-08,B002
R004_up_T023,R004_up,S054,2025-10-08 21:50:00,2025-10-08 21:51:00,3,6,4,2025-10-08,B002
R004_up_T023,R004_up,S029,2025-10-08 22:01:00,2025-10-08 22:04:00,9,14,8,2025-10-08,B002
R004_up_T023,R004_up,S052,2025-10-08 22:00:00,2025-10-08 22:03:00,11,11,1,2025-10-08,B002
R004_up_T023,R004_up,S015,2025-10-08 22:12:00,2025-10-08 22:14:00,3,15,7,2025-10-08,B002
R004_up_T023,R004_up,S026,2025-10-08 22:15:00,2025-10-08 22:18:00,6,6,3,2025-10-08,B002
R004_up_T023,R004_up,S023,2025-10-08 22:19:00,2025-10-08 22:22:00,9,19,-1,2025-10-08,B002
R004_up_T023,R004_up,S001,2025-10-08 22:25:00,2025-10-08 22:27:00,12,21,-1,2025-10-08,B002
R004_up_T023,R004_up,S036,2025-10-08 22:29:00,2025-10-08 22:32:00,6,9,-2,2025-10-08,B002
R004_up_T023,R004_up,S040,2025-10-08 22:46:00,2025-10-08 22:49:00,2,15,6,2025-10-08,B002
R004_up_T024,R004_up,S037,2025-10-08 22:10:00,2025-10-08 22:13:00,7,22,2,2025-10-08,B014
R004_up_T024,R004_up,S009,2025-10-08 22:20:00,2025-10-08 22:23:00,1,21,4,2025-10-08,B014
R004_up_T024,R004_up,S032,2025-10-08 22:27:00,2025-10-08 22:29:00,1,15,2,2025-10-08,B014
R004_up_T024,R004_up,S054,2025-10-08 22:32:00,2025-10-08 22:35:00,2,20,2,2025-10-08,B014
R004_up_T024,R004_up,S029,2025-10-08 22:36:00,2025-10-08 22:39:00,4,9,-1,2025-10-08,B014
R004_up_T024,R004_up,S052,2025-10-08 22:52:00,2025-10-08 22:54:00,7,20,7,2025-10-08,B014
R004_up_T024,R004_up,S015,2025-10-08 22:51:00,2025-10-08 22:53:00,7,11,-1,2025-10-08,B014
R004_up_T024,R004_up,S026,2025-10-08 23:00:00,2025-10-08 23:01:00,13,17,2,2025-10-08,B014
R004_up_T024,R004_up,S023,2025-10-08 23:04:00,2025-10-08 23:06:00,6,11,-1,2025-10-08,B014
R004_up_T024,R004_up,S001,2025-10-08 23:17:00,2025-10-08 23:19:00,10,2,4,2025-10-08,B014
R004_up_T024,R004_up,S036,2025-10-08 23:24:00,2025-10-08 23:25:00,12,5,6,2025-10-08,B014
R004_up_T024,R004_up,S040,2025-10-08 23:29:00,2025-10-08 23:30:00,11,5,7,2025-10-08,B014
R004_up_T025,R004_up,S037,2025-10-08 23:01:00,2025-10-08 23:02:00,7,17,8,2025-10-08,B019
R004_up_T025,R004_up,S009,2025-10-08 23:05:00,2025-10-08 23:06:00,9,14,8,2025-10-08,B019
R004_up_T025,R004_up,S032,2025-10-08 23:11:00,2025-10-08 23:12:00,9,10,8,2025-10-08,B019
R004_up_T025,R004_up,S054,2025-10-08 23:07:00,2025-10-08 23:10:00,4,5,-2,2025-10-08,B019
R004_up_T025,R004_up,S029,2025-10-08 23:19:00,2025-10-08 23:21:00,14,8,1,2025-10-08,B019
R004_up_T025,R004_up,S052,2025-10-08 23:21:00,2025-10-08 23:23:00,0,6,-2,2025-10-08,B019
R004_up_T025,R004_up,S015,2025-10-08 23:39:00,2025-10-08 23:40:00,8,8,8,2025-10-08,B019
R004_up_T025,R004_up,S026,2025-10-08 23:42:00,2025-10-08 23:45:00,4,7,5,2025-10-08,B019
R004_up_T025,R004_up,S023,2025-10-08 23:48:00,2025-10-08 23:50:00,6,11,4,2025-10-08,B019
R004_up_T025,R004_up,S001,2025-10-08 23:52:00,2025-10-08 23:54:00,7,7,3,2025-10-08,B019
R004_up_T025,R004_up,S036,2025-10-08 23:54:00,2025-10-08 23:55:00,10,8,-1,2025-10-08,B019
R004_up_T025,R004_up,S040,2025-10-09 00:09:00,2025-10-09 00:12:00,17,3,8,2025-10-08,B019
R004_down_T001,R004_down,S040,2025-10-08 06:22:00,2025-10-08 06:23:00,7,4,3,2025-10-08,B015
R004_down_T001,R004_down,S036,2025-10-08 06:26:00,2025-10-08 06:29:00,8,7,0,2025-10-08,B015
R004_down_T001,R004_down,S001,2025-10-08 06:37:00,2025-10-08 06:38:00,6,5,4,2025-10-08,B015
R004_down_T001,R004_down,S023,2025-10-08 06:41:00,2025-10-08 06:44:00,8,3,2,2025-10-08,B015
R004_down_T001,R004_down,S026,2025-10-08 06:44:00,2025-10-08 06:47:00,12,3,-1,2025-10-08,B015
R004_down_T001,R004_down,S015,2025-10-08 06:59:00,2025-10-08 07:02:00,11,4,5,2025-10-08,B015
R004_down_T001,R004_down,S052,2025-10-08 07:02:00,2025-10-08 07:03:00,8,13,1,2025-10-08,B015
R004_down_T001,R004_down,S029,2025-10-08 07:10:00,2025-10-08 07:11:00,6,10,5,2025-10-08,B015
R004_down_T001,R004_down,S054,2025-10-08 07:08:00,2025-10-08 07:11:00,11,5,-2,2025-10-08,B015
R004_down_T001,R004_down,S032,2025-10-08 07:20:00,2025-10-08 07:23:00,6,14,4,2025-10-08,B015
R004_down_T001,R004_down,S009,2025-10-08 07:28:00,2025-10-08 07:29:00,8,6,6,2025-10-08,B015
R004_down_T001,R004_down,S037,2025-10-08 07:29:00,2025-10-08 07:30:00,5,17,3,2025-10-08,B015
R004_down_T002,R004_down,S040,2025-10-08 06:59:00,2025-10-08 07:02:00,3,5,2,2025-10-08,B025
R004_down_T002,R004_down,S036,2025-10-08 07:06:00,2025-10-08 07:09:00,7,9,0,2025-10-08,B025
R004_down_T002,R004_down,S001,2025-10-08 07:13:00,2025-10-08 07:15:00,3,15,-2,2025-10-08,B025
R004_down_T002,R004_down,S023,2025-10-08 07:29:00,2025-10-08 07:30:00,8,11,8,2025-10-08,B025
R004_down_T002,R004_down,S026,2025-10-08 07:29:00,2025-10-08 07:31:00,0,9,1,2025-10-08,B025
R004_down_T002,R004_down,S015,2025-10-08 07:35:00,2025-10-08 07:38:00,2,21,1,2025-10-08,B025
R004_down_T002,R004_down,S052,2025-10-08 07:49:00,2025-10-08 07:50:00,0,10,7,2025-10-08,B025
R004_down_T002,R004_down,S029,2025-10-08 07:44:00,2025-10-08 07:47:00,5,3,-2,2025-10-08,B025
R004_down_T002,R004_down,S054,2025-10-08 07:58:00,2025-10-08 08:00:00,9,9,6,2025-10-08,B025
R004_down_T002,R004_down,S032,2025-10-08 08:04:00,2025-10-08 08:05:00,7,14,6,2025-10-08,B025
R004_down_T002,R004_down,S009,2025-10-08 08:06:00,2025-10-08 08:09:00,8,20,2,2025-10-08,B025
R004_down_T002,R004_down,S037,2025-10-08 08:10:00,2025-10-08 08:13:00,4,13,-2,2025-10-08,B025
R004_down_T003,R004_down,S040,2025-10-08 07:41:00,2025-10-08 07:43:00,9,15,2,2025-10-08,B024
R004_down_T003,R004_down,S036,2025-10-08 07:43:00,2025-10-08 07:45:00,12,16,-1,2025-10-08,B024
R004_down_T003,R004_down,S001,2025-10-08 07:56:00,2025-10-08 07:58:00,9,12,6,2025-10-08,B024
R004_down_T003,R004_down,S023,2025-10-08 08:02:00,2025-10-08 08:04:00,3,24,4,2025-10-08,B024
R004_down_T003,R004_down,S026,2025-10-08 08:07:00,2025-10-08 08:10:00,5,10,1,2025-10-08,B024
R004_down_T003,R004_down,S015,2025-10-08 08:15:00,2025-10-08 08:16:00,7,19,1,2025-10-08,B024
R004_down_T003,R004_down,S052,2025-10-08 08:23:00,2025-10-08 08:24:00,4,13,5,2025-10-08,B024
R004_down_T003,R004_down,S029,2025-10-08 08:31:00,2025-10-08 08:34:00,2,16,6,2025-10-08,B024
R004_down_T003,R004_down,S054,2025-10-08 08:40:00,2025-10-08 08:43:00,7,21,8,2025-10-08,B024
R004_down_T003,R004_down,S032,2025-10-08 08:38:00,2025-10-08 08:39:00,1,11,0,2025-10-08,B024
R004_down_T003,R004_down,S009,2025-10-08 08:49:00,2025-10-08 08:51:00,4,20,7,2025-10-08,B024
R004_down_T003,R004_down,S037,2025-10-08 08:57:00,2025-10-08 09:00:00,10,19,7,2025-10-08,B024
R004_down_T004,R004_down,S040,2025-10-08 08:03:00,2025-10-08 08:06:00,4,17,4,2025-10-08,B012
R004_down_T004,R004_down,S036,2025-10-08 08:11:00,2025-10-08 08:13:00,5,10,6,2025-10-08,B012
R004_down_T004,R004_down,S001,2025-10-08 08:20:00,2025-10-08 08:21:00,5,7,7,2025-10-08,B012
R004_down_T004,R004_down,S023,2025-10-08 08:23:00,2025-10-08 08:24:00,8,10,5,2025-10-08,B012
R004_down_T004,R004_down,S026,2025-10-08 08:27:00,2025-10-08 08:29:00,6,10,4,2025-10-08,B012
R004_down_T004,R004_down,S015,2025-10-08 08:30:00,2025-10-08 08:31:00,9,6,2,2025-10-08,B012
R004_down_T004,R004_down,S052,2025-10-08 08:35:00,2025-10-08 08:37:00,0,14,0,2025-10-08,B012
R004_down_T004,R004_down,S029,2025-10-08 08:44:00,2025-10-08 08:45:00,5,18,1,2025-10-08,B012
R004_down_T004,R004_down,S054,2025-10-08 08:54:00,2025-10-08 08:55:00,9,17,4,2025-10-08,B012
R004_down_T004,R004_down,S032,2025-10-08 09:03:00,2025-10-08 09:05:00,9,11,6,2025-10-08,B012
R004_down_T004,R004_down,S009,2025-10-08 09:06:00,2025-10-08 09:09:00,6,16,1,2025-10-08,B012
R004_down_T004,R004_down,S037,2025-10-08 09:20:00,2025-10-08 09:22:00,6,16,6,2025-10-08,B012
R004_down_T005,R004_down,S040,2025-10-08 08:22:00,2025-10-08 08:23:00,3,6,2,2025-10-08,B009
R004_down_T005,R004_down,S036,2025-10-08 08:33:00,2025-10-08 08:36:00,3,16,8,2025-10-08,B009
R004_down_T005,R004_down,S001,2025-10-08 08:42:00,2025-10-08 08:45:00,7,8,8,2025-10-08,B009
R004_down_T005,R004_down,S023,2025-10-08 08:47:00,2025-10-08 08:49:00,7,10,6,2025-10-08,B009
R004_down_T005,R004_down,S026,2025-10-08 08:48:00,2025-10-08 08:51:00,10,17,-1,2025-10-08,B009
R004_down_T005,R004_down,S015,2025-10-08 09:02:00,2025-10-08 09:04:00,3,8,4,2025-10-08,B009
R004_down_T005,R004_down,S052,2025-10-08 09:07:00,2025-10-08 09:09:00,2,17,2,2025-10-08,B009
R004_down_T005,R004_down,S029,2025-10-08 09:18:00,2025-10-08 09:20:00,2,17,8,2025-10-08,B009
R004_down_T005,R004_down,S054,2025-10-08 09:16:00,2025-10-08 09:19:00,5,7,-2,2025-10-08,B009
R004_down_T005,R004_down,S032,2025-10-08 09:29:00,2025-10-08 09:32:00,4,6,3,2025-10-08,B009
R004_down_T005,R004_down,S009,2025-10-08 09:42:00,2025-10-08 09:45:00,3,14,8,2025-10-08,B009
R004_down_T005,R004_down,S037,2025-10-08 09:47:00,2025-10-08 09:48:00,8,18,5,2025-10-08,B009
R004_down_T006,R004_down,S040,2025-10-08 08:43:00,2025-10-08 08:46:00,3,20,1,2025-10-08,B001
R004_down_T006,R004_down,S036,2025-10-08 08:50:00,2025-10-08 08:53:00,4,5,1,2025-10-08,B001
R004_down_T006,R004_down,S001,2025-10-08 09:01:00,2025-10-08 09:04:00,2,10,6,2025-10-08,B001
R004_down_T006,R004_down,S023,2025-10-08 09:11:00,2025-10-08 09:12:00,8,13,8,2025-10-08,B001
R004_down_T006,R004_down,S026,2025-10-08 09:12:00,2025-10-08 09:15:00,5,11,2,2025-10-08,B001
R004_down_T006,R004_down,S015,2025-10-08 09:21:00,2025-10-08 09:22:00,8,18,3,2025-10-08,B001
R004_down_T006,R004_down,S052,2025-10-08 09:24:00,2025-10-08 09:25:00,2,22,-1,2025-10-08,B001
R004_down_T006,R004_down,S029,2025-10-08 09:35:00,2025-10-08 09:38:00,7,2,4,2025-10-08,B001
R004_down_T006,R004_down,S054,2025-10-08 09:38:00,2025-10-08 09:40:00,5,9,0,2025-10-08,B001
R004_down_T006,R004_down,S032,2025-10-08 09:44:00,2025-10-08 09:45:00,2,12,-2,2025-10-08,B001
R004_down_T006,R004_down,S009,2025-10-08 09:50:00,2025-10-08 09:53:00,5,18,0,2025-10-08,B001
R004_down_T006,R004_down,S037,2025-10-08 09:55:00,2025-10-08 09:57:00,3,7,-2,2025-10-08,B001
R004_down_T007,R004_down,S040,2025-10-08 09:16:00,2025-10-08 09:19:00,1,13,5,2025-10-08,B017
R004_down_T007,R004_down,S036,2025-10-08 09:18:00,2025-10-08 09:19:00,4,13,0,2025-10-08,B017
R004_down_T007,R004_down,S001,2025-10-08 09:25:00,2025-10-08 09:26:00,2,15,0,2025-10-08,B017
R004_down_T007,R004_down,S023,2025-10-08 09:35:00,2025-10-08 09:37:00,7,3,3,2025-10-08,B017
R004_down_T007,R004_down,S026,2025-10-08 09:47:00,2025-10-08 09:50:00,6,11,8,2025-10-08,B017
R004_down_T007,R004_down,S015,2025-10-08 09:54:00,2025-10-08 09:55:00,8,15,8,2025-10-08,B017
R004_down_T007,R004_down,S052,2025-10-08 10:00:00,2025-10-08 10:02:00,5,15,8,2025-10-08,B017
R004_down_T007,R004_down,S029,2025-10-08 10:01:00,2025-10-08 10:04:00,4,9,3,2025-10-08,B017
R004_down_T007,R004_down,S054,2025-10-08 10:02:00,2025-10-08 10:03:00,3,16,-2,2025-10-08,B017
R004_down_T007,R004_down,S032,2025-10-08 10:18:00,2025-10-08 10:19:00,4,11,7,2025-10-08,B017
R004_down_T007,R004_down,S009,2025-10-08 10:23:00,2025-10-08 10:25:00,4,9,6,2025-10-08,B017
R004_down_T007,R004_down,S037,2025-10-08 10:26:00,2025-10-08 10:27:00,6,16,1,2025-10-08,B017
R004_down_T008,R004_down,S040,2025-10-08 09:34:00,2025-10-08 09:36:00,1,11,5,2025-10-08,B025
R004_down_T008,R004_down,S036,2025-10-08 09:35:00,2025-10-08 09:38:00,12,13,-2,2025-10-08,B025
R004_down_T008,R004_down,S001,2025-10-08 09:48:00,2025-10-08 09:49:00,1,10,2,2025-10-08,B025
R004_down_T008,R004_down,S023,2025-10-08 09:58:00,2025-10-08 10:01:00,3,14,8,2025-10-08,B025
R004_down_T008,R004_down,S026,2025-10-08 09:58:00,2025-10-08 09:59:00,4,12,2,2025-10-08,B025
R004_down_T008,R004_down,S015,2025-10-08 10:04:00,2025-10-08 10:06:00,8,18,3,2025-10-08,B025
R004_down_T008,R004_down,S052,2025-10-08 10:11:00,2025-10-08 10:12:00,6,7,2,2025-10-08,B025
R004_down_T008,R004_down,S029,2025-10-08 10:17:00,2025-10-08 10:19:00,13,10,3,2025-10-08,B025
R004_down_T008,R004_down,S054,2025-10-08 10:26:00,2025-10-08 10:28:00,7,18,7,2025-10-08,B025
R004_down_T008,R004_down,S032,2025-10-08 10:30:00,2025-10-08 10:33:00,3,0,4,2025-10-08,B025
R004_down_T008,R004_down,S009,2025-10-08 10:39:00,2025-10-08 10:41:00,3,18,4,2025-10-08,B025
R004_down_T008,R004_down,S037,2025-10-08 10:49:00,2025-10-08 10:50:00,5,19,6,2025-10-08,B025
R004_down_T009,R004_down,S040,2025-10-08 09:58:00,2025-10-08 09:59:00,6,5,8,2025-10-08,B003
R004_down_T009,R004_down,S036,2025-10-08 09:57:00,2025-10-08 09:58:00,2,11,2,2025-10-08,B003
R004_down_T009,R004_down,S001,2025-10-08 09:59:00,2025-10-08 10:02:00,10,15,-2,2025-10-08,B003
R004_down_T009,R004_down,S023,2025-10-08 10:15:00,2025-10-08 10:17:00,12,7,6,2025-10-08,B003
R004_down_T009,R004_down,S026,2025-10-08 10:17:00,2025-10-08 10:20:00,4,12,0,2025-10-08,B003
R004_down_T009,R004_down,S015,2025-10-08 10:28:00,2025-10-08 10:30:00,0,17,4,2025-10-08,B003
R004_down_T009,R004_down,S052,2025-10-08 10:40:00,2025-10-08 10:43:00,6,10,8,2025-10-08,B003
R004_down_T009,R004_down,S029,2025-10-08 10:45:00,2025-10-08 10:47:00,8,14,5,2025-10-08,B003
R004_down_T009,R004_down,S054,2025-10-08 10:51:00,2025-10-08 10:53:00,5,17,4,2025-10-08,B003
R004_down_T009,R004_down,S032,2025-10-08 10:56:00,2025-10-08 10:58:00,6,13,4,2025-10-08,B003
R004_down_T009,R004_down,S009,2025-10-08 10:56:00,2025-10-08 10:58:00,10,7,-1,2025-10-08,B003
R004_down_T009,R004_down,S037,2025-10-08 11:09:00,2025-10-08 11:10:00,10,1,4,2025-10-08,B003
R004_down_T010,R004_down,S040,2025-10-08 10:15:00,2025-10-08 10:18:00,5,25,1,2025-10-08,B025
R004_down_T010,R004_down,S036,2025-10-08 10:21:00,2025-10-08 10:22:00,0,8,0,2025-10-08,B025
R004_down_T010,R004_down,S001,2025-10-08 10:27:00,2025-10-08 10:28:00,7,10,0,2025-10-08,B025
R004_down_T010,R004_down,S023,2025-10-08 10:37:00,2025-10-08 10:39:00,9,20,4,2025-10-08,B025
R004_down_T010,R004_down,S026,2025-10-08 10:42:00,2025-10-08 10:43:00,3,13,4,2025-10-08,B025
R004_down_T010,R004_down,S015,2025-10-08 10:51:00,2025-10-08 10:54:00,9,18,6,2025-10-08,B025
R004_down_T010,R004_down,S052,2025-10-08 11:01:00,2025-10-08 11:02:00,6,13,8,2025-10-08,B025
R004_down_T010,R004_down,S029,2025-10-08 10:59:00,2025-10-08 11:02:00,7,20,2,2025-10-08,B025
R004_down_T010,R004_down,S054,2025-10-08 11:08:00,2025-10-08 11:10:00,5,1,3,2025-10-08,B025
R004_down_T010,R004_down,S032,2025-10-08 11:14:00,2025-10-08 11:16:00,11,4,2,2025-10-08,B025
R004_down_T010,R004_down,S009,2025-10-08 11:26:00,2025-10-08 11:28:00,4,5,8,2025-10-08,B025
R004_down_T010,R004_down,S037,2025-10-08 11:22:00,2025-10-08 11:24:00,14,5,-2,2025-10-08,B025
R004_down_T011,R004_down,S040,2025-10-08 14:06:00,2025-10-08 14:08:00,7,8,4,2025-10-08,B011
R004_down_T011,R004_down,S036,2025-10-08 14:12:00,2025-10-08 14:15:00,2,9,4,2025-10-08,B011
R004_down_T011,R004_down,S001,2025-10-08 14:23:00,2025-10-08 14:25:00,7,10,7,2025-10-08,B011
R004_down_T011,R004_down,S023,2025-10-08 14:21:00,2025-10-08 14:22:00,9,8,-1,2025-10-08,B011
R004_down_T011,R004_down,S026,2025-10-08 14:27:00,2025-10-08 14:30:00,8,6,-2,2025-10-08,B011
R004_down_T011,R004_down,S015,2025-10-08 14:33:00,2025-10-08 14:36:00,6,8,-2,2025-10-08,B011
R004_down_T011,R004_down,S052,2025-10-08 14:50:00,2025-10-08 14:52:00,10,4,6,2025-10-08,B011
R004_down_T011,R004_down,S029,2025-10-08 14:58:00,2025-10-08 15:00:00,8,7,7,2025-10-08,B011
R004_down_T011,R004_down,S054,2025-10-08 14:57:00,2025-10-08 14:59:00,6,6,1,2025-10-08,B011
R004_down_T011,R004_down,S032,2025-10-08 15:04:00,2025-10-08 15:06:00,6,8,3,2025-10-08,B011
R004_down_T011,R004_down,S009,2025-10-08 15:12:00,2025-10-08 15:15:00,9,5,4,2025-10-08,B011
R004_down_T011,R004_down,S037,2025-10-08 15:23:00,2025-10-08 15:25:00,6,8,8,2025-10-08,B011
R004_down_T012,R004_down,S040,2025-10-08 15:35:00,2025-10-08 15:37:00,7,1,5,2025-10-08,B018
R004_down_T012,R004_down,S036,2025-10-08 15:44:00,2025-10-08 15:46:00,12,6,6,2025-10-08,B018
R004_down_T012,R004_down,S001,2025-10-08 15:43:00,2025-10-08 15:46:00,5,2,0,2025-10-08,B018
R004_down_T012,R004_down,S023,2025-10-08 15:55:00,2025-10-08 15:58:00,8,9,3,2025-10-08,B018
R004_down_T012,R004_down,S026,2025-10-08 15:57:00,2025-10-08 15:59:00,7,4,-1,2025-10-08,B018
R004_down_T012,R004_down,S015,2025-10-08 16:07:00,2025-10-08 16:09:00,5,7,1,2025-10-08,B018
R004_down_T012,R004_down,S052,2025-10-08 16:20:00,2025-10-08 16:22:00,6,8,6,2025-10-08,B018
R004_down_T012,R004_down,S029,2025-10-08 16:22:00,2025-10-08 16:23:00,3,7,0,2025-10-08,B018
R004_down_T012,R004_down,S054,2025-10-08 16:33:00,2025-10-08 16:36:00,7,2,6,2025-10-08,B018
R004_down_T012,R004_down,S032,2025-10-08 16:37:00,2025-10-08 16:38:00,5,8,3,2025-10-08,B018
R004_down_T012,R004_down,S009,2025-10-08 16:45:00,2025-10-08 16:48:00,4,1,4,2025-10-08,B018
R004_down_T012,R004_down,S037,2025-10-08 16:48:00,2025-10-08 16:51:00,5,1,0,2025-10-08,B018
R004_down_T013,R004_down,S040,2025-10-08 17:02:00,2025-10-08 17:04:00,2,2,5,2025-10-08,B014
R004_down_T013,R004_down,S036,2025-10-08 17:07:00,2025-10-08 17:08:00,7,5,3,2025-10-08,B014
R004_down_T013,R004_down,S001,2025-10-08 17:14:00,2025-10-08 17:17:00,7,6,6,2025-10-08,B014
R004_down_T013,R004_down,S023,2025-10-08 17:22:00,2025-10-08 17:24:00,8,2,7,2025-10-08,B014
R004_down_T013,R004_down,S026,2025-10-08 17:27:00,2025-10-08 17:28:00,17,5,4,2025-10-08,B014
R004_down_T013,R004_down,S015,2025-10-08 17:35:00,2025-10-08 17:37:00,10,3,5,2025-10-08,B014
R004_down_T013,R004_down,S052,2025-10-08 17:43:00,2025-10-08 17:45:00,14,10,7,2025-10-08,B014
R004_down_T013,R004_down,S029,2025-10-08 17:41:00,2025-10-08 17:42:00,7,10,0,2025-10-08,B014
R004_down_T013,R004_down,S054,2025-10-08 17:55:00,2025-10-08 17:58:00,10,7,8,2025-10-08,B014
R004_down_T013,R004_down,S032,2025-10-08 18:03:00,2025-10-08 18:05:00,21,7,8,2025-10-08,B014
R004_down_T013,R004_down,S009,2025-10-08 18:01:00,2025-10-08 18:03:00,12,6,-2,2025-10-08,B014
R004_down_T013,R004_down,S037,2025-10-08 18:16:00,2025-10-08 18:18:00,11,7,8,2025-10-08,B014
R004_down_T014,R004_down,S040,2025-10-08 18:00:00,2025-10-08 18:03:00,13,5,-1,2025-10-08,B019
R004_down_T014,R004_down,S036,2025-10-08 18:15:00,2025-10-08 18:17:00,18,2,8,2025-10-08,B019
R004_down_T014,R004_down,S001,2025-10-08 18:11:00,2025-10-08 18:14:00,7,2,-2,2025-10-08,B019
R004_down_T014,R004_down,S023,2025-10-08 18:24:00,2025-10-08 18:25:00,13,5,4,2025-10-08,B019
R004_down_T014,R004_down,S026,2025-10-08 18:32:00,2025-10-08 18:33:00,18,4,7,2025-10-08,B019
R004_down_T014,R004_down,S015,2025-10-08 18:35:00,2025-10-08 18:38:00,7,9,5,2025-10-08,B019
R004_down_T014,R004_down,S052,2025-10-08 18:46:00,2025-10-08 18:47:00,12,9,7,2025-10-08,B019
R004_down_T014,R004_down,S029,2025-10-08 18:49:00,2025-10-08 18:50:00,21,7,6,2025-10-08,B019
R004_down_T014,R004_down,S054,2025-10-08 18:48:00,2025-10-08 18:49:00,17,9,1,2025-10-08,B019
R004_down_T014,R004_down,S032,2025-10-08 18:51:00,2025-10-08 18:54:00,11,0,-2,2025-10-08,B019
R004_down_T014,R004_down,S009,2025-10-08 19:06:00,2025-10-08 19:08:00,9,8,4,2025-10-08,B019
R004_down_T014,R004_down,S037,2025-10-08 19:14:00,2025-10-08 19:17:00,9,1,4,2025-10-08,B019
R004_down_T015,R004_down,S040,2025-10-08 18:31:00,2025-10-08 18:33:00,14,7,8,2025-10-08,B008
R004_down_T015,R004_down,S036,2025-10-08 18:32:00,2025-10-08 18:35:00,6,5,2,2025-10-08,B008
R004_down_T015,R004_down,S001,2025-10-08 18:44:00,2025-10-08 18:46:00,8,9,8,2025-10-08,B008
R004_down_T015,R004_down,S023,2025-10-08 18:44:00,2025-10-08 18:45:00,17,6,1,2025-10-08,B008
R004_down_T015,R004_down,S026,2025-10-08 18:52:00,2025-10-08 18:54:00,14,5,3,2025-10-08,B008
R004_down_T015,R004_down,S015,2025-10-08 18:55:00,2025-10-08 18:58:00,18,10,0,2025-10-08,B008
R004_down_T015,R004_down,S052,2025-10-08 19:09:00,2025-10-08 19:11:00,10,8,7,2025-10-08,B008
R004_down_T015,R004_down,S029,2025-10-08 19:15:00,2025-10-08 19:16:00,17,11,7,2025-10-08,B008
R004_down_T015,R004_down,S054,2025-10-08 19:22:00,2025-10-08 19:24:00,23,7,7,2025-10-08,B008
R004_down_T015,R004_down,S032,2025-10-08 19:27:00,2025-10-08 19:30:00,13,2,7,2025-10-08,B008
R004_down_T015,R004_down,S009,2025-10-08 19:34:00,2025-10-08 19:35:00,12,8,8,2025-10-08,B008
R004_down_T015,R004_down,S037,2025-10-08 19:34:00,2025-10-08 19:36:00,18,9,3,2025-10-08,B008
R004_down_T016,R004_down,S040,2025-10-08 18:42:00,2025-10-08 18:44:00,8,4,-2,2025-10-08,B020
R004_down_T016,R004_down,S036,2025-10-08 18:51:00,2025-10-08 18:53:00,12,6,1,2025-10-08,B020
R004_down_T016,R004_down,S001,2025-10-08 18:53:00,2025-10-08 18:56:00,5,6,-2,2025-10-08,B020
R004_down_T016,R004_down,S023,2025-10-08 19:07:00,2025-10-08 19:09:00,18,6,4,2025-10-08,B020
R004_down_T016,R004_down,S026,2025-10-08 19:19:00,2025-10-08 19:20:00,13,11,8,2025-10-08,B020
R004_down_T016,R004_down,S015,2025-10-08 19:22:00,2025-10-08 19:25:00,0,5,7,2025-10-08,B020
R004_down_T016,R004_down,S052,2025-10-08 19:27:00,2025-10-08 19:28:00,15,7,3,2025-10-08,B020
R004_down_T016,R004_down,S029,2025-10-08 19:39:00,2025-10-08 19:40:00,24,4,8,2025-10-08,B020
R004_down_T016,R004_down,S054,2025-10-08 19:34:00,2025-10-08 19:36:00,13,6,-1,2025-10-08,B020
R004_down_T016,R004_down,S032,2025-10-08 19:40:00,2025-10-08 19:41:00,15,6,-1,2025-10-08,B020
R004_down_T016,R004_down,S009,2025-10-08 19:51:00,2025-10-08 19:52:00,13,3,6,2025-10-08,B020
R004_down_T016,R004_down,S037,2025-10-08 19:55:00,2025-10-08 19:57:00,10,6,3,2025-10-08,B020
R004_down_T017,R004_down,S040,2025-10-08 19:14:00,2025-10-08 19:15:00,18,4,-2,2025-10-08,B021
R004_down_T017,R004_down,S036,2025-10-08 19:19:00,2025-10-08 19:21:00,18,0,-1,2025-10-08,B021
R004_down_T017,R004_down,S001,2025-10-08 19:33:00,2025-10-08 19:34:00,18,6,8,2025-10-08,B021
R004_down_T017,R004_down,S023,2025-10-08 19:30:00,2025-10-08 19:31:00,16,8,-2,2025-10-08,B021
R004_down_T017,R004_down,S026,2025-10-08 19:35:00,2025-10-08 19:37:00,16,13,-2,2025-10-08,B021
R004_down_T017,R004_down,S015,2025-10-08 19:50:00,2025-10-08 19:53:00,13,8,6,2025-10-08,B021
R004_down_T017,R004_down,S052,2025-10-08 20:01:00,2025-10-08 20:03:00,15,6,8,2025-10-08,B021
R004_down_T017,R004_down,S029,2025-10-08 20:06:00,2025-10-08 20:07:00,7,4,7,2025-10-08,B021
R004_down_T017,R004_down,S054,2025-10-08 20:09:00,2025-10-08 20:11:00,17,3,4,2025-10-08,B021
R004_down_T017,R004_down,S032,2025-10-08 20:14:00,2025-10-08 20:16:00,12,9,4,2025-10-08,B021
R004_down_T017,R004_down,S009,2025-10-08 20:18:00,2025-10-08 20:21:00,9,6,3,2025-10-08,B021
R004_down_T017,R004_down,S037,2025-10-08 20:30:00,2025-10-08 20:32:00,14,7,8,2025-10-08,B021
R004_down_T018,R004_down,S040,2025-10-08 19:50:00,2025-10-08 19:52:00,7,10,0,2025-10-08,B017
R004_down_T018,R004_down,S036,2025-10-08 19:59:00,2025-10-08 20:00:00,22,5,1,2025-10-08,B017
R004_down_T018,R004_down,S001,2025-10-08 20:08:00,2025-10-08 20:11:00,26,1,5,2025-10-08,B017
R004_down_T018,R004_down,S023,2025-10-08 20:17:00,2025-10-08 20:18:00,19,12,6,2025-10-08,B017
R004_down_T018,R004_down,S026,2025-10-08 20:24:00,2025-10-08 20:25:00,8,9,6,2025-10-08,B017
R004_down_T018,R004_down,S015,2025-10-08 20:23:00,2025-10-08 20:25:00,11,3,0,2025-10-08,B017
R004_down_T018,R004_down,S052,2025-10-08 20:36:00,2025-10-08 20:37:00,11,4,8,2025-10-08,B017
R004_down_T018,R004_down,S029,2025-10-08 20:40:00,2025-10-08 20:43:00,19,1,5,2025-10-08,B017
R004_down_T018,R004_down,S054,2025-10-08 20:50:00,2025-10-08 20:51:00,12,9,6,2025-10-08,B017
R004_down_T018,R004_down,S032,2025-10-08 20:54:00,2025-10-08 20:56:00,16,10,5,2025-10-08,B017
R004_down_T018,R004_down,S009,2025-10-08 21:00:00,2025-10-08 21:01:00,15,6,4,2025-10-08,B017
R004_down_T018,R004_down,S037,2025-10-08 21:04:00,2025-10-08 21:07:00,5,6,1,2025-10-08,B017
R004_down_T019,R004_down,S040,2025-10-08 20:38:00,2025-10-08 20:40:00,13,2,2,2025-10-08,B019
R004_down_T019,R004_down,S036,2025-10-08 20:45:00,2025-10-08 20:46:00,16,6,4,2025-10-08,B019
R004_down_T019,R004_down,S001,2025-10-08 20:55:00,2025-10-08 20:56:00,8,2,8,2025-10-08,B019
R004_down_T019,R004_down,S023,2025-10-08 20:58:00,2025-10-08 20:59:00,1,3,7,2025-10-08,B019
R004_down_T019,R004_down,S026,2025-10-08 20:56:00,2025-10-08 20:59:00,8,10,-1,2025-10-08,B019
R004_down_T019,R004_down,S015,2025-10-08 21:08:00,2025-10-08 21:10:00,17,6,3,2025-10-08,B019
R004_down_T019,R004_down,S052,2025-10-08 21:15:00,2025-10-08 21:17:00,10,5,5,2025-10-08,B019
R004_down_T019,R004_down,S029,2025-10-08 21:25:00,2025-10-08 21:28:00,7,4,7,2025-10-08,B019
R004_down_T019,R004_down,S054,2025-10-08 21:26:00,2025-10-08 21:28:00,10,4,2,2025-10-08,B019
R004_down_T019,R004_down,S032,2025-10-08 21:36:00,2025-10-08 21:39:00,14,2,7,2025-10-08,B019
R004_down_T019,R004_down,S009,2025-10-08 21:45:00,2025-10-08 21:46:00,16,4,7,2025-10-08,B019
R004_down_T019,R004_down,S037,2025-10-08 21:43:00,2025-10-08 21:46:00,13,8,1,2025-10-08,B019
R004_down_T020,R004_down,S040,2025-10-08 21:22:00,2025-10-08 21:24:00,16,11,5,2025-10-08,B001
R004_down_T020,R004_down,S036,2025-10-08 21:23:00,2025-10-08 21:26:00,17,3,-2,2025-10-08,B001
R004_down_T020,R004_down,S001,2025-10-08 21:40:00,2025-10-08 21:42:00,9,10,7,2025-10-08,B001
R004_down_T020,R004_down,S023,2025-10-08 21:42:00,2025-10-08 21:43:00,16,4,1,2025-10-08,B001
R004_down_T020,R004_down,S026,2025-10-08 21:47:00,2025-10-08 21:50:00,24,2,0,2025-10-08,B001
R004_down_T020,R004_down,S015,2025-10-08 21:53:00,2025-10-08 21:56:00,18,4,0,2025-10-08,B001
R004_down_T020,R004_down,S052,2025-10-08 22:00:00,2025-10-08 22:01:00,11,12,1,2025-10-08,B001
R004_down_T020,R004_down,S029,2025-10-08 22:10:00,2025-10-08 22:11:00,17,8,5,2025-10-08,B001
R004_down_T020,R004_down,S054,2025-10-08 22:13:00,2025-10-08 22:15:00,5,6,2,2025-10-08,B001
R004_down_T020,R004_down,S032,2025-10-08 22:26:00,2025-10-08 22:29:00,13,6,7,2025-10-08,B001
R004_down_T020,R004_down,S009,2025-10-08 22:32:00,2025-10-08 22:35:00,14,9,4,2025-10-08,B001
R004_down_T020,R004_down,S037,2025-10-08 22:42:00,2025-10-08 22:45:00,15,5,6,2025-10-08,B001
R004_down_T021,R004_down,S040,2025-10-08 21:41:00,2025-10-08 21:44:00,11,9,1,2025-10-08,B020
R004_down_T021,R004_down,S036,2025-10-08 21:47:00,2025-10-08 21:48:00,21,3,-1,2025-10-08,B020
R004_down_T021,R004_down,S001,2025-10-08 21:52:00,2025-10-08 21:54:00,14,12,0,2025-10-08,B020
R004_down_T021,R004_down,S023,2025-10-08 22:07:00,2025-10-08 22:09:00,19,7,8,2025-10-08,B020
R004_down_T021,R004_down,S026,2025-10-08 22:04:00,2025-10-08 22:05:00,7,4,0,2025-10-08,B020
R004_down_T021,R004_down,S015,2025-10-08 22:14:00,2025-10-08 22:17:00,18,8,3,2025-10-08,B020
R004_down_T021,R004_down,S052,2025-10-08 22:18:00,2025-10-08 22:20:00,16,2,0,2025-10-08,B020
R004_down_T021,R004_down,S029,2025-10-08 22:27:00,2025-10-08 22:30:00,15,6,4,2025-10-08,B020
R004_down_T021,R004_down,S054,2025-10-08 22:35:00,2025-10-08 22:38:00,10,7,6,2025-10-08,B020
R004_down_T021,R004_down,S032,2025-10-08 22:43:00,2025-10-08 22:44:00,8,1,5,2025-10-08,B020
R004_down_T021,R004_down,S009,2025-10-08 22:49:00,2025-10-08 22:50:00,14,6,4,2025-10-08,B020
R004_down_T021,R004_down,S037,2025-10-08 22:50:00,2025-10-08 22:52:00,8,10,-1,2025-10-08,B020
R004_down_T022,R004_down,S040,2025-10-08 22:11:00,2025-10-08 22:12:00,19,10,-1,2025-10-08,B016
R004_down_T022,R004_down,S036,2025-10-08 22:17:00,2025-10-08 22:19:00,15,3,-1,2025-10-08,B016
R004_down_T022,R004_down,S001,2025-10-08 22:27:00,2025-10-08 22:30:00,12,5,3,2025-10-08,B016
R004_down_T022,R004_down,S023,2025-10-08 22:31:00,2025-10-08 22:32:00,18,5,-2,2025-10-08,B016
R004_down_T022,R004_down,S026,2025-10-08 22:41:00,2025-10-08 22:44:00,13,3,4,2025-10-08,B016
R004_down_T022,R004_down,S015,2025-10-08 22:45:00,2025-10-08 22:46:00,9,4,1,2025-10-08,B016
R004_down_T022,R004_down,S052,2025-10-08 22:53:00,2025-10-08 22:54:00,18,5,3,2025-10-08,B016
R004_down_T022,R004_down,S029,2025-10-08 23:02:00,2025-10-08 23:05:00,24,5,6,2025-10-08,B016
R004_down_T022,R004_down,S054,2025-10-08 23:05:00,2025-10-08 23:07:00,11,9,1,2025-10-08,B016
R004_down_T022,R004_down,S032,2025-10-08 23:09:00,2025-10-08 23:10:00,10,7,0,2025-10-08,B016
R004_down_T022,R004_down,S009,2025-10-08 23:15:00,2025-10-08 23:17:00,9,2,-1,2025-10-08,B016
R004_down_T022,R004_down,S037,2025-10-08 23:20:00,2025-10-08 23:22:00,9,6,-2,2025-10-08,B016
R004_down_T023,R004_down,S040,2025-10-08 22:54:00,2025-10-08 22:56:00,9,3,5,2025-10-08,B011
R004_down_T023,R004_down,S036,2025-10-08 22:58:00,2025-10-08 22:59:00,20,7,1,2025-10-08,B011
R004_down_T023,R004_down,S001,2025-10-08 23:06:00,2025-10-08 23:09:00,7,7,3,2025-10-08,B011
R004_down_T023,R004_down,S023,2025-10-08 23:14:00,2025-10-08 23:15:00,5,1,4,2025-10-08,B011
R004_down_T023,R004_down,S026,2025-10-08 23:18:00,2025-10-08 23:20:00,8,10,4,2025-10-08,B011
R004_down_T023,R004_down,S015,2025-10-08 23:27:00,2025-10-08 23:29:00,11,0,6,2025-10-08,B011
R004_down_T023,R004_down,S052,2025-10-08 23:27:00,2025-10-08 23:29:00,9,5,0,2025-10-08,B011
R004_down_T023,R004_down,S029,2025-10-08 23:38:00,2025-10-08 23:39:00,12,1,3,2025-10-08,B011
R004_down_T023,R004_down,S054,2025-10-08 23:42:00,2025-10-08 23:44:00,8,2,3,2025-10-08,B011
R004_down_T023,R004_down,S032,2025-10-08 23:52:00,2025-10-08 23:55:00,11,5,8,2025-10-08,B011
R004_down_T023,R004_down,S009,2025-10-08 23:56:00,2025-10-08 23:59:00,9,12,6,2025-10-08,B011
R004_down_T023,R004_down,S037,2025-10-09 00:04:00,2025-10-09 00:06:00,8,6,5,2025-10-08,B011
R005_up_T001,R005_up,S055,2025-10-08 07:11:00,2025-10-08 07:14:00,14,6,7,2025-10-08,B013
R005_up_T001,R005_up,S028,2025-10-08 07:15:00,2025-10-08 07:18:00,13,7,2,2025-10-08,B013
R005_up_T001,R005_up,S025,2025-10-08 07:28:00,2025-10-08 07:31:00,13,2,7,2025-10-08,B013
R005_up_T001,R005_up,S007,2025-10-08 07:32:00,2025-10-08 07:33:00,23,9,2,2025-10-08,B013
R005_up_T001,R005_up,S008,2025-10-08 07:36:00,2025-10-08 07:39:00,15,8,2,2025-10-08,B013
R005_up_T001,R005_up,S011,2025-10-08 07:50:00,2025-10-08 07:51:00,27,0,8,2025-10-08,B013
R005_up_T001,R005_up,S039,2025-10-08 07:54:00,2025-10-08 07:56:00,16,5,5,2025-10-08,B013
R005_up_T001,R005_up,S013,2025-10-08 08:02:00,2025-10-08 08:03:00,21,10,6,2025-10-08,B013
R005_up_T001,R005_up,S012,2025-10-08 08:06:00,2025-10-08 08:07:00,11,4,3,2025-10-08,B013
R005_up_T001,R005_up,S016,2025-10-08 08:10:00,2025-10-08 08:12:00,15,7,1,2025-10-08,B013
R005_up_T001,R005_up,S049,2025-10-08 08:19:00,2025-10-08 08:22:00,5,7,5,2025-10-08,B013
R005_up_T001,R005_up,S015,2025-10-08 08:27:00,2025-10-08 08:29:00,4,5,4,2025-10-08,B013
R005_up_T001,R005_up,S051,2025-10-08 08:33:00,2025-10-08 08:35:00,17,5,2,2025-10-08,B013
R005_up_T001,R005_up,S006,2025-10-08 08:46:00,2025-10-08 08:49:00,22,3,7,2025-10-08,B013
R005_up_T001,R005_up,S054,2025-10-08 08:51:00,2025-10-08 08:54:00,15,7,5,2025-10-08,B013
R005_up_T001,R005_up,S035,2025-10-08 08:51:00,2025-10-08 08:52:00,12,7,-2,2025-10-08,B013
R005_up_T002,R005_up,S055,2025-10-08 08:30:00,2025-10-08 08:33:00,11,0,-2,2025-10-08,B022
R005_up_T002,R005_up,S028,2025-10-08 08:41:00,2025-10-08 08:44:00,15,2,0,2025-10-08,B022
R005_up_T002,R005_up,S025,2025-10-08 08:51:00,2025-10-08 08:54:00,18,7,4,2025-10-08,B022
R005_up_T002,R005_up,S007,2025-10-08 08:55:00,2025-10-08 08:58:00,22,9,-1,2025-10-08,B022
R005_up_T002,R005_up,S008,2025-10-08 09:01:00,2025-10-08 09:03:00,10,6,-1,2025-10-08,B022
R005_up_T002,R005_up,S011,2025-10-08 09:16:00,2025-10-08 09:18:00,17,8,7,2025-10-08,B022
R005_up_T002,R005_up,S039,2025-10-08 09:18:00,2025-10-08 09:19:00,11,0,4,2025-10-08,B022
R005_up_T002,R005_up,S013,2025-10-08 09:20:00,2025-10-08 09:21:00,24,9,1,2025-10-08,B022
R005_up_T002,R005_up,S012,2025-10-08 09:30:00,2025-10-08 09:31:00,5,0,5,2025-10-08,B022
R005_up_T002,R005_up,S016,2025-10-08 09:29:00,2025-10-08 09:32:00,19,1,-1,2025-10-08,B022
R005_up_T002,R005_up,S049,2025-10-08 09:45:00,2025-10-08 09:47:00,13,7,7,2025-10-08,B022
R005_up_T002,R005_up,S015,2025-10-08 09:44:00,2025-10-08 09:46:00,16,4,0,2025-10-08,B022
R005_up_T002,R005_up,S051,2025-10-08 09:59:00,2025-10-08 10:00:00,2,10,7,2025-10-08,B022
R005_up_T002,R005_up,S006,2025-10-08 10:03:00,2025-10-08 10:04:00,15,8,4,2025-10-08,B022
R005_up_T002,R005_up,S054,2025-10-08 10:12:00,2025-10-08 10:14:00,17,6,6,2025-10-08,B022
R005_up_T002,R005_up,S035,2025-10-08 10:19:00,2025-10-08 10:21:00,14,6,5,2025-10-08,B022
R005_up_T003,R005_up,S055,2025-10-08 09:42:00,2025-10-08 09:43:00,19,7,-2,2025-10-08,B004
R005_up_T003,R005_up,S028,2025-10-08 09:53:00,2025-10-08 09:55:00,7,8,3,2025-10-08,B004
R005_up_T003,R005_up,S025,2025-10-08 09:58:00,2025-10-08 10:01:00,21,2,3,2025-10-08,B004
R005_up_T003,R005_up,S007,2025-10-08 10:05:00,2025-10-08 10:06:00,13,3,4,2025-10-08,B004
R005_up_T003,R005_up,S008,2025-10-08 10:12:00,2025-10-08 10:14:00,10,2,5,2025-10-08,B004
R005_up_T003,R005_up,S011,2025-10-08 10:21:00,2025-10-08 10:22:00,22,4,7,2025-10-08,B004
R005_up_T003,R005_up,S039,2025-10-08 10:21:00,2025-10-08 10:24:00,14,1,1,2025-10-08,B004
R005_up_T003,R005_up,S013,2025-10-08 10:35:00,2025-10-08 10:38:00,15,9,8,2025-10-08,B004
R005_up_T003,R005_up,S012,2025-10-08 10:43:00,2025-10-08 10:45:00,12,5,7,2025-10-08,B004
R005_up_T003,R005_up,S016,2025-10-08 10:48:00,2025-10-08 10:49:00,18,5,4,2025-10-08,B004
R005_up_T003,R005_up,S049,2025-10-08 10:46:00,2025-10-08 10:49:00,9,4,-2,2025-10-08,B004
R005_up_T003,R005_up,S015,2025-10-08 10:57:00,2025-10-08 10:58:00,14,7,1,2025-10-08,B004
R005_up_T003,R005_up,S051,2025-10-08 11:09:00,2025-10-08 11:11:00,3,8,6,2025-10-08,B004
R005_up_T003,R005_up,S006,2025-10-08 11:08:00,2025-10-08 11:09:00,9,7,-1,2025-10-08,B004
R005_up_T003,R005_up,S054,2025-10-08 11:19:00,2025-10-08 11:20:00,7,1,4,2025-10-08,B004
R005_up_T003,R005_up,S035,2025-10-08 11:25:00,2025-10-08 11:28:00,9,13,4,2025-10-08,B004
R005_up_T004,R005_up,S055,2025-10-08 10:04:00,2025-10-08 10:05:00,16,5,3,2025-10-08,B015
R005_up_T004,R005_up,S028,2025-10-08 10:11:00,2025-10-08 10:12:00,15,9,6,2025-10-08,B015
R005_up_T004,R005_up,S025,2025-10-08 10:15:00,2025-10-08 10:17:00,17,2,3,2025-10-08,B015
R005_up_T004,R005_up,S007,2025-10-08 10:28:00,2025-10-08 10:30:00,6,8,8,2025-10-08,B015
R005_up_T004,R005_up,S008,2025-10-08 10:33:00,2025-10-08 10:36:00,10,6,8,2025-10-08,B015
R005_up_T004,R005_up,S011,2025-10-08 10:38:00,2025-10-08 10:41:00,21,8,7,2025-10-08,B015
R005_up_T004,R005_up,S039,2025-10-08 10:40:00,2025-10-08 10:41:00,16,4,2,2025-10-08,B015
R005_up_T004,R005_up,S013,2025-10-08 10:43:00,2025-10-08 10:46:00,15,9,-1,2025-10-08,B015
R005_up_T004,R005_up,S012,2025-10-08 10:58:00,2025-10-08 11:01:00,11,4,5,2025-10-08,B015
R005_up_T004,R005_up,S016,2025-10-08 11:01:00,2025-10-08 11:03:00,6,4,0,2025-10-08,B015
R005_up_T004,R005_up,S049,2025-10-08 11:12:00,2025-10-08 11:15:00,6,11,3,2025-10-08,B015
R005_up_T004,R005_up,S015,2025-10-08 11:19:00,2025-10-08 11:22:00,2,2,2,2025-10-08,B015
R005_up_T004,R005_up,S051,2025-10-08 11:28:00,2025-10-08 11:29:00,10,8,3,2025-10-08,B015
R005_up_T004,R005_up,S006,2025-10-08 11:28:00,2025-10-08 11:31:00,10,8,-2,2025-10-08,B015
R005_up_T004,R005_up,S054,2025-10-08 11:39:00,2025-10-08 11:42:00,11,6,1,2025-10-08,B015
R005_up_T004,R005_up,S035,2025-10-08 11:43:00,2025-10-08 11:46:00,3,7,-1,2025-10-08,B015
R005_up_T005,R005_up,S055,2025-10-08 10:17:00,2025-10-08 10:20:00,11,9,1,2025-10-08,B012
R005_up_T005,R005_up,S028,2025-10-08 10:28:00,2025-10-08 10:29:00,19,6,6,2025-10-08,B012
R005_up_T005,R005_up,S025,2025-10-08 10:32:00,2025-10-08 10:35:00,22,5,6,2025-10-08,B012
R005_up_T005,R005_up,S007,2025-10-08 10:38:00,2025-10-08 10:39:00,15,0,3,2025-10-08,B012
R005_up_T005,R005_up,S008,2025-10-08 10:43:00,2025-10-08 10:44:00,15,1,1,2025-10-08,B012
R005_up_T005,R005_up,S011,2025-10-08 10:55:00,2025-10-08 10:56:00,15,7,6,2025-10-08,B012
R005_up_T005,R005_up,S039,2025-10-08 11:00:00,2025-10-08 11:03:00,7,4,4,2025-10-08,B012
R005_up_T005,R005_up,S013,2025-10-08 11:05:00,2025-10-08 11:08:00,5,7,2,2025-10-08,B012
R005_up_T005,R005_up,S012,2025-10-08 11:19:00,2025-10-08 11:21:00,8,8,7,2025-10-08,B012
R005_up_T005,R005_up,S016,2025-10-08 11:22:00,2025-10-08 11:25:00,8,4,2,2025-10-08,B012
R005_up_T005,R005_up,S049,2025-10-08 11:29:00,2025-10-08 11:32:00,11,7,2,2025-10-08,B012
R005_up_T005,R005_up,S015,2025-10-08 11:34:00,2025-10-08 11:37:00,4,9,-2,2025-10-08,B012
R005_up_T005,R005_up,S051,2025-10-08 11:49:00,2025-10-08 11:52:00,3,5,5,2025-10-08,B012
R005_up_T005,R005_up,S006,2025-10-08 11:51:00,2025-10-08 11:54:00,10,0,1,2025-10-08,B012
R005_up_T005,R005_up,S054,2025-10-08 11:59:00,2025-10-08 12:02:00,5,7,2,2025-10-08,B012
R005_up_T005,R005_up,S035,2025-10-08 12:04:00,2025-10-08 12:07:00,10,2,-1,2025-10-08,B012
R005_up_T006,R005_up,S055,2025-10-08 11:50:00,2025-10-08 11:52:00,13,5,2,2025-10-08,B016
R005_up_T006,R005_up,S028,2025-10-08 11:56:00,2025-10-08 11:58:00,9,4,0,2025-10-08,B016
R005_up_T006,R005_up,S025,2025-10-08 12:04:00,2025-10-08 12:06:00,13,3,0,2025-10-08,B016
R005_up_T006,R005_up,S007,2025-10-08 12:12:00,2025-10-08 12:15:00,10,8,1,2025-10-08,B016
R005_up_T006,R005_up,S008,2025-10-08 12:24:00,2025-10-08 12:26:00,6,6,4,2025-10-08,B016
R005_up_T006,R005_up,S011,2025-10-08 12:28:00,2025-10-08 12:31:00,8,0,0,2025-10-08,B016
R005_up_T006,R005_up,S039,2025-10-08 12:39:00,2025-10-08 12:42:00,7,7,4,2025-10-08,B016
R005_up_T006,R005_up,S013,2025-10-08 12:48:00,2025-10-08 12:50:00,10,2,5,2025-10-08,B016
R005_up_T006,R005_up,S012,2025-10-08 12:59:00,2025-10-08 13:02:00,7,4,8,2025-10-08,B016
R005_up_T006,R005_up,S016,2025-10-08 13:04:00,2025-10-08 13:07:00,14,11,7,2025-10-08,B016
R005_up_T006,R005_up,S049,2025-10-08 13:05:00,2025-10-08 13:08:00,9,1,2,2025-10-08,B016
R005_up_T006,R005_up,S015,2025-10-08 13:11:00,2025-10-08 13:12:00,6,1,-1,2025-10-08,B016
R005_up_T006,R005_up,S051,2025-10-08 13:18:00,2025-10-08 13:21:00,4,7,0,2025-10-08,B016
R005_up_T006,R005_up,S006,2025-10-08 13:33:00,2025-10-08 13:35:00,9,8,6,2025-10-08,B016
R005_up_T006,R005_up,S054,2025-10-08 13:36:00,2025-10-08 13:37:00,5,3,4,2025-10-08,B016
R005_up_T006,R005_up,S035,2025-10-08 13:44:00,2025-10-08 13:47:00,5,9,7,2025-10-08,B016
R005_up_T007,R005_up,S055,2025-10-08 12:33:00,2025-10-08 12:35:00,7,2,2,2025-10-08,B003
R005_up_T007,R005_up,S028,2025-10-08 12:38:00,2025-10-08 12:40:00,11,7,1,2025-10-08,B003
R005_up_T007,R005_up,S025,2025-10-08 12:42:00,2025-10-08 12:44:00,8,3,-2,2025-10-08,B003
R005_up_T007,R005_up,S007,2025-10-08 12:49:00,2025-10-08 12:51:00,5,6,-1,2025-10-08,B003
R005_up_T007,R005_up,S008,2025-10-08 12:56:00,2025-10-08 12:58:00,6,6,0,2025-10-08,B003
R005_up_T007,R005_up,S011,2025-10-08 13:01:00,2025-10-08 13:02:00,6,4,0,2025-10-08,B003
R005_up_T007,R005_up,S039,2025-10-08 13:09:00,2025-10-08 13:11:00,10,2,1,2025-10-08,B003
R005_up_T007,R005_up,S013,2025-10-08 13:12:00,2025-10-08 13:13:00,9,6,-2,2025-10-08,B003
R005_up_T007,R005_up,S012,2025-10-08 13:20:00,2025-10-08 13:22:00,9,9,-1,2025-10-08,B003
R005_up_T007,R005_up,S016,2025-10-08 13:27:00,2025-10-08 13:28:00,4,3,-2,2025-10-08,B003
R005_up_T007,R005_up,S049,2025-10-08 13:41:00,2025-10-08 13:44:00,7,1,5,2025-10-08,B003
R005_up_T007,R005_up,S015,2025-10-08 13:45:00,2025-10-08 13:46:00,13,8,1,2025-10-08,B003
R005_up_T007,R005_up,S051,2025-10-08 13:47:00,2025-10-08 13:50:00,8,6,-2,2025-10-08,B003
R005_up_T007,R005_up,S006,2025-10-08 14:04:00,2025-10-08 14:06:00,5,9,7,2025-10-08,B003
R005_up_T007,R005_up,S054,2025-10-08 14:03:00,2025-10-08 14:06:00,12,8,0,2025-10-08,B003
R005_up_T007,R005_up,S035,2025-10-08 14:17:00,2025-10-08 14:19:00,9,8,7,2025-10-08,B003
R005_up_T008,R005_up,S055,2025-10-08 17:14:00,2025-10-08 17:15:00,6,16,1,2025-10-08,B003
R005_up_T008,R005_up,S028,2025-10-08 17:16:00,2025-10-08 17:17:00,6,13,-2,2025-10-08,B003
R005_up_T008,R005_up,S025,2025-10-08 17:26:00,2025-10-08 17:27:00,2,17,2,2025-10-08,B003
R005_up_T008,R005_up,S007,2025-10-08 17:29:00,2025-10-08 17:32:00,2,16,-1,2025-10-08,B003
R005_up_T008,R005_up,S008,2025-10-08 17:40:00,2025-10-08 17:43:00,5,16,4,2025-10-08,B003
R005_up_T008,R005_up,S011,2025-10-08 17:44:00,2025-10-08 17:46:00,6,5,-1,2025-10-08,B003
R005_up_T008,R005_up,S039,2025-10-08 17:57:00,2025-10-08 17:59:00,5,14,6,2025-10-08,B003
R005_up_T008,R005_up,S013,2025-10-08 18:00:00,2025-10-08 18:03:00,3,11,2,2025-10-08,B003
R005_up_T008,R005_up,S012,2025-10-08 18:12:00,2025-10-08 18:14:00,9,2,7,2025-10-08,B003
R005_up_T008,R005_up,S016,2025-10-08 18:19:00,2025-10-08 18:22:00,5,19,6,2025-10-08,B003
R005_up_T008,R005_up,S049,2025-10-08 18:22:00,2025-10-08 18:25:00,11,2,3,2025-10-08,B003
R005_up_T008,R005_up,S015,2025-10-08 18:36:00,2025-10-08 18:39:00,5,15,8,2025-10-08,B003
R005_up_T008,R005_up,S051,2025-10-08 18:39:00,2025-10-08 18:40:00,10,8,4,2025-10-08,B003
R005_up_T008,R005_up,S006,2025-10-08 18:45:00,2025-10-08 18:47:00,9,12,4,2025-10-08,B003
R005_up_T008,R005_up,S054,2025-10-08 18:46:00,2025-10-08 18:48:00,2,14,0,2025-10-08,B003
R005_up_T008,R005_up,S035,2025-10-08 18:57:00,2025-10-08 18:59:00,2,19,4,2025-10-08,B003
R005_up_T009,R005_up,S055,2025-10-08 17:54:00,2025-10-08 17:56:00,6,12,-2,2025-10-08,B004
R005_up_T009,R005_up,S028,2025-10-08 18:06:00,2025-10-08 18:07:00,10,10,3,2025-10-08,B004
R005_up_T009,R005_up,S025,2025-10-08 18:14:00,2025-10-08 18:17:00,2,13,6,2025-10-08,B004
R005_up_T009,R005_up,S007,2025-10-08 18:22:00,2025-10-08 18:23:00,12,21,8,2025-10-08,B004
R005_up_T009,R005_up,S008,2025-10-08 18:24:00,2025-10-08 18:25:00,6,20,4,2025-10-08,B004
R005_up_T009,R005_up,S011,2025-10-08 18:30:00,2025-10-08 18:31:00,9,14,3,2025-10-08,B004
R005_up_T009,R005_up,S039,2025-10-08 18:30:00,2025-10-08 18:31:00,7,20,-1,2025-10-08,B004
R005_up_T009,R005_up,S013,2025-10-08 18:45:00,2025-10-08 18:48:00,5,16,8,2025-10-08,B004
R005_up_T009,R005_up,S012,2025-10-08 18:52:00,2025-10-08 18:54:00,12,15,8,2025-10-08,B004
R005_up_T009,R005_up,S016,2025-10-08 18:51:00,2025-10-08 18:54:00,8,7,1,2025-10-08,B004
R005_up_T009,R005_up,S049,2025-10-08 19:02:00,2025-10-08 19:04:00,7,19,3,2025-10-08,B004
R005_up_T009,R005_up,S015,2025-10-08 19:09:00,2025-10-08 19:11:00,7,15,2,2025-10-08,B004
R005_up_T009,R005_up,S051,2025-10-08 19:19:00,2025-10-08 19:22:00,11,13,6,2025-10-08,B004
R005_up_T009,R005_up,S006,2025-10-08 19:17:00,2025-10-08 19:19:00,1,20,-2,2025-10-08,B004
R005_up_T009,R005_up,S054,2025-10-08 19:23:00,2025-10-08 19:25:00,4,16,-1,2025-10-08,B004
R005_up_T009,R005_up,S035,2025-10-08 19:32:00,2025-10-08 19:34:00,5,17,3,2025-10-08,B004
R005_up_T010,R005_up,S055,2025-10-08 18:37:00,2025-10-08 18:40:00,3,9,-2,2025-10-08,B022
R005_up_T010,R005_up,S028,2025-10-08 18:51:00,2025-10-08 18:54:00,7,11,5,2025-10-08,B022
R005_up_T010,R005_up,S025,2025-10-08 19:01:00,2025-10-08 19:02:00,3,19,8,2025-10-08,B022
R005_up_T010,R005_up,S007,2025-10-08 19:07:00,2025-10-08 19:10:00,7,17,7,2025-10-08,B022
R005_up_T010,R005_up,S008,2025-10-08 19:15:00,2025-10-08 19:16:00,4,18,8,2025-10-08,B022
R005_up_T010,R005_up,S011,2025-10-08 19:12:00,2025-10-08 19:14:00,12,11,-2,2025-10-08,B022
R005_up_T010,R005_up,S039,2025-10-08 19:24:00,2025-10-08 19:27:00,5,15,3,2025-10-08,B022
R005_up_T010,R005_up,S013,2025-10-08 19:30:00,2025-10-08 19:33:00,9,16,3,2025-10-08,B022
R005_up_T010,R005_up,S012,2025-10-08 19:34:00,2025-10-08 19:35:00,2,14,0,2025-10-08,B022
R005_up_T010,R005_up,S016,2025-10-08 19:45:00,2025-10-08 19:46:00,4,18,6,2025-10-08,B022
R005_up_T010,R005_up,S049,2025-10-08 19:48:00,2025-10-08 19:50:00,4,17,3,2025-10-08,B022
R005_up_T010,R005_up,S015,2025-10-08 19:51:00,2025-10-08 19:54:00,5,7,-1,2025-10-08,B022
R005_up_T010,R005_up,S051,2025-10-08 20:08:00,2025-10-08 20:10:00,5,13,7,2025-10-08,B022
R005_up_T010,R005_up,S006,2025-10-08 20:17:00,2025-10-08 20:19:00,5,18,8,2025-10-08,B022
R005_up_T010,R005_up,S054,2025-10-08 20:23:00,2025-10-08 20:24:00,5,10,8,2025-10-08,B022
R005_up_T010,R005_up,S035,2025-10-08 20:26:00,2025-10-08 20:27:00,10,7,4,2025-10-08,B022
R005_up_T011,R005_up,S055,2025-10-08 19:44:00,2025-10-08 19:45:00,8,4,3,2025-10-08,B017
R005_up_T011,R005_up,S028,2025-10-08 19:47:00,2025-10-08 19:49:00,6,12,2,2025-10-08,B017
R005_up_T011,R005_up,S025,2025-10-08 20:01:00,2025-10-08 20:03:00,7,14,8,2025-10-08,B017
R005_up_T011,R005_up,S007,2025-10-08 20:03:00,2025-10-08 20:05:00,4,18,2,2025-10-08,B017
R005_up_T011,R005_up,S008,2025-10-08 20:13:00,2025-10-08 20:15:00,13,12,6,2025-10-08,B017
R005_up_T011,R005_up,S011,2025-10-08 20:18:00,2025-10-08 20:19:00,9,15,6,2025-10-08,B017
R005_up_T011,R005_up,S039,2025-10-08 20:18:00,2025-10-08 20:21:00,7,9,2,2025-10-08,B017
R005_up_T011,R005_up,S013,2025-10-08 20:28:00,2025-10-08 20:31:00,11,11,6,2025-10-08,B017
R005_up_T011,R005_up,S012,2025-10-08 20:35:00,2025-10-08 20:37:00,3,9,6,2025-10-08,B017
R005_up_T011,R005_up,S016,2025-10-08 20:32:00,2025-10-08 20:35:00,4,7,-2,2025-10-08,B017
R005_up_T011,R005_up,S049,2025-10-08 20:46:00,2025-10-08 20:47:00,6,15,4,2025-10-08,B017
R005_up_T011,R005_up,S015,2025-10-08 20:49:00,2025-10-08 20:52:00,6,17,0,2025-10-08,B017
R005_up_T011,R005_up,S051,2025-10-08 20:55:00,2025-10-08 20:57:00,7,14,-2,2025-10-08,B017
R005_up_T011,R005_up,S006,2025-10-08 21:10:00,2025-10-08 21:13:00,2,10,8,2025-10-08,B017
R005_up_T011,R005_up,S054,2025-10-08 21:12:00,2025-10-08 21:14:00,8,20,4,2025-10-08,B017
R005_up_T011,R005_up,S035,2025-10-08 21:18:00,2025-10-08 21:19:00,7,8,3,2025-10-08,B017
R005_up_T012,R005_up,S055,2025-10-08 20:03:00,2025-10-08 20:05:00,7,19,6,2025-10-08,B023
R005_up_T012,R005_up,S028,2025-10-08 20:04:00,2025-10-08 20:05:00,4,19,-1,2025-10-08,B023
R005_up_T012,R005_up,S025,2025-10-08 20:08:00,2025-10-08 20:10:00,2,13,-2,2025-10-08,B023
R005_up_T012,R005_up,S007,2025-10-08 20:22:00,2025-10-08 20:25:00,10,8,6,2025-10-08,B023
R005_up_T012,R005_up,S008,2025-10-08 20:26:00,2025-10-08 20:28:00,3,21,4,2025-10-08,B023
R005_up_T012,R005_up,S011,2025-10-08 20:36:00,2025-10-08 20:38:00,8,14,6,2025-10-08,B023
R005_up_T012,R005_up,S039,2025-10-08 20:39:00,2025-10-08 20:41:00,5,15,3,2025-10-08,B023
R005_up_T012,R005_up,S013,2025-10-08 20:46:00,2025-10-08 20:47:00,5,20,2,2025-10-08,B023
R005_up_T012,R005_up,S012,2025-10-08 20:55:00,2025-10-08 20:56:00,3,11,7,2025-10-08,B023
R005_up_T012,R005_up,S016,2025-10-08 20:58:00,2025-10-08 21:00:00,4,9,5,2025-10-08,B023
R005_up_T012,R005_up,S049,2025-10-08 20:57:00,2025-10-08 21:00:00,7,12,-2,2025-10-08,B023
R005_up_T012,R005_up,S015,2025-10-08 21:05:00,2025-10-08 21:06:00,6,21,-2,2025-10-08,B023
R005_up_T012,R005_up,S051,2025-10-08 21:15:00,2025-10-08 21:17:00,7,17,3,2025-10-08,B023
R005_up_T012,R005_up,S006,2025-10-08 21:21:00,2025-10-08 21:24:00,1,14,3,2025-10-08,B023
R005_up_T012,R005_up,S054,2025-10-08 21:33:00,2025-10-08 21:34:00,3,3,7,2025-10-08,B023
R005_up_T012,R005_up,S035,2025-10-08 21:36:00,2025-10-08 21:39:00,1,19,6,2025-10-08,B023
R005_up_T013,R005_up,S055,2025-10-08 20:18:00,2025-10-08 20:21:00,6,12,4,2025-10-08,B010
R005_up_T013,R005_up,S028,2025-10-08 20:21:00,2025-10-08 20:24:00,8,9,1,2025-10-08,B010
R005_up_T013,R005_up,S025,2025-10-08 20:28:00,2025-10-08 20:30:00,7,16,-1,2025-10-08,B010
R005_up_T013,R005_up,S007,2025-10-08 20:42:00,2025-10-08 20:43:00,5,9,7,2025-10-08,B010
R005_up_T013,R005_up,S008,2025-10-08 20:47:00,2025-10-08 20:50:00,3,12,6,2025-10-08,B010
R005_up_T013,R005_up,S011,2025-10-08 20:51:00,2025-10-08 20:52:00,7,19,1,2025-10-08,B010
R005_up_T013,R005_up,S039,2025-10-08 21:01:00,2025-10-08 21:02:00,4,15,5,2025-10-08,B010
R005_up_T013,R005_up,S013,2025-10-08 21:00:00,2025-10-08 21:02:00,4,16,0,2025-10-08,B010
R005_up_T013,R005_up,S012,2025-10-08 21:12:00,2025-10-08 21:15:00,5,10,7,2025-10-08,B010
R005_up_T013,R005_up,S016,2025-10-08 21:16:00,2025-10-08 21:17:00,2,9,4,2025-10-08,B010
R005_up_T013,R005_up,S049,2025-10-08 21:24:00,2025-10-08 21:25:00,4,8,7,2025-10-08,B010
R005_up_T013,R005_up,S015,2025-10-08 21:30:00,2025-10-08 21:31:00,5,18,8,2025-10-08,B010
R005_up_T013,R005_up,S051,2025-10-08 21:32:00,2025-10-08 21:35:00,10,10,6,2025-10-08,B010
R005_up_T013,R005_up,S006,2025-10-08 21:42:00,2025-10-08 21:43:00,8,15,8,2025-10-08,B010
R005_up_T013,R005_up,S054,2025-10-08 21:40:00,2025-10-08 21:41:00,7,18,2,2025-10-08,B010
R005_up_T013,R005_up,S035,2025-10-08 21:52:00,2025-10-08 21:53:00,8,12,8,2025-10-08,B010
R005_up_T014,R005_up,S055,2025-10-08 21:02:00,2025-10-08 21:05:00,4,15,7,2025-10-08,B001
R005_up_T014,R005_up,S028,2025-10-08 21:06:00,2025-10-08 21:08:00,7,7,5,2025-10-08,B001
R005_up_T014,R005_up,S025,2025-10-08 21:10:00,2025-10-08 21:12:00,10,13,4,2025-10-08,B001
R005_up_T014,R005_up,S007,2025-10-08 21:13:00,2025-10-08 21:16:00,5,8,0,2025-10-08,B001
R005_up_T014,R005_up,S008,2025-10-08 21:21:00,2025-10-08 21:24:00,8,16,1,2025-10-08,B001
R005_up_T014,R005_up,S011,2025-10-08 21:28:00,2025-10-08 21:29:00,8,14,2,2025-10-08,B001
R005_up_T014,R005_up,S039,2025-10-08 21:38:00,2025-10-08 21:39:00,2,16,5,2025-10-08,B001
R005_up_T014,R005_up,S013,2025-10-08 21:41:00,2025-10-08 21:42:00,6,8,4,2025-10-08,B001
R005_up_T014,R005_up,S012,2025-10-08 21:43:00,2025-10-08 21:45:00,6,5,2,2025-10-08,B001
R005_up_T014,R005_up,S016,2025-10-08 21:52:00,2025-10-08 21:53:00,2,10,6,2025-10-08,B001
R005_up_T014,R005_up,S049,2025-10-08 21:50:00,2025-10-08 21:53:00,7,17,-1,2025-10-08,B001
R005_up_T014,R005_up,S015,2025-10-08 22:00:00,2025-10-08 22:01:00,6,7,2,2025-10-08,B001
R005_up_T014,R005_up,S051,2025-10-08 22:11:00,2025-10-08 22:14:00,3,7,6,2025-10-08,B001
R005_up_T014,R005_up,S006,2025-10-08 22:18:00,2025-10-08 22:20:00,3,17,7,2025-10-08,B001
R005_up_T014,R005_up,S054,2025-10-08 22:18:00,2025-10-08 22:20:00,6,21,1,2025-10-08,B001
R005_up_T014,R005_up,S035,2025-10-08 22:32:00,2025-10-08 22:33:00,1,10,8,2025-10-08,B001
R005_up_T015,R005_up,S055,2025-10-08 21:31:00,2025-10-08 21:33:00,3,13,-2,2025-10-08,B011
R005_up_T015,R005_up,S028,2025-10-08 21:43:00,2025-10-08 21:46:00,7,12,4,2025-10-08,B011
R005_up_T015,R005_up,S025,2025-10-08 21:54:00,2025-10-08 21:56:00,5,18,7,2025-10-08,B011
R005_up_T015,R005_up,S007,2025-10-08 22:00:00,2025-10-08 22:01:00,6,20,7,2025-10-08,B011
R005_up_T015,R005_up,S008,2025-10-08 22:06:00,2025-10-08 22:08:00,5,4,7,2025-10-08,B011
R005_up_T015,R005_up,S011,2025-10-08 22:04:00,2025-10-08 22:05:00,1,14,0,2025-10-08,B011
R005_up_T015,R005_up,S039,2025-10-08 22:18:00,2025-10-08 22:21:00,8,8,8,2025-10-08,B011
R005_up_T015,R005_up,S013,2025-10-08 22:20:00,2025-10-08 22:22:00,4,12,3,2025-10-08,B011
R005_up_T015,R005_up,S012,2025-10-08 22:27:00,2025-10-08 22:28:00,3,13,4,2025-10-08,B011
R005_up_T015,R005_up,S016,2025-10-08 22:33:00,2025-10-08 22:34:00,3,15,6,2025-10-08,B011
R005_up_T015,R005_up,S049,2025-10-08 22:35:00,2025-10-08 22:37:00,3,12,3,2025-10-08,B011
R005_up_T015,R005_up,S015,2025-10-08 22:37:00,2025-10-08 22:39:00,4,23,-2,2025-10-08,B011
R005_up_T015,R005_up,S051,2025-10-08 22:53:00,2025-10-08 22:56:00,7,14,7,2025-10-08,B011
R005_up_T015,R005_up,S006,2025-10-08 22:59:00,2025-10-08 23:02:00,6,11,4,2025-10-08,B011
R005_up_T015,R005_up,S054,2025-10-08 23:05:00,2025-10-08 23:06:00,6,3,2,2025-10-08,B011
R005_up_T015,R005_up,S035,2025-10-08 23:13:00,2025-10-08 23:16:00,6,1,4,2025-10-08,B011
R005_up_T016,R005_up,S055,2025-10-08 21:57:00,2025-10-08 22:00:00,3,19,8,2025-10-08,B020
R005_up_T016,R005_up,S028,2025-10-08 21:53:00,2025-10-08 21:56:00,4,6,-2,2025-10-08,B020
R005_up_T016,R005_up,S025,2025-10-08 22:05:00,2025-10-08 22:07:00,8,13,3,2025-10-08,B020
R005_up_T016,R005_up,S007,2025-10-08 22:08:00,2025-10-08 22:09:00,9,16,1,2025-10-08,B020
R005_up_T016,R005_up,S008,2025-10-08 22:11:00,2025-10-08 22:14:00,6,14,0,2025-10-08,B020
R005_up_T016,R005_up,S011,2025-10-08 22:17:00,2025-10-08 22:19:00,1,11,-1,2025-10-08,B020
R005_up_T016,R005_up,S039,2025-10-08 22:34:00,2025-10-08 22:37:00,7,8,8,2025-10-08,B020
R005_up_T016,R005_up,S013,2025-10-08 22:37:00,2025-10-08 22:40:00,10,6,2,2025-10-08,B020
R005_up_T016,R005_up,S012,2025-10-08 22:40:00,2025-10-08 22:42:00,3,5,-2,2025-10-08,B020
R005_up_T016,R005_up,S016,2025-10-08 22:51:00,2025-10-08 22:54:00,1,9,4,2025-10-08,B020
R005_up_T016,R005_up,S049,2025-10-08 22:56:00,2025-10-08 22:59:00,8,18,0,2025-10-08,B020
R005_up_T016,R005_up,S015,2025-10-08 23:07:00,2025-10-08 23:08:00,4,3,5,2025-10-08,B020
R005_up_T016,R005_up,S051,2025-10-08 23:15:00,2025-10-08 23:17:00,7,9,7,2025-10-08,B020
R005_up_T016,R005_up,S006,2025-10-08 23:21:00,2025-10-08 23:24:00,12,2,5,2025-10-08,B020
R005_up_T016,R005_up,S054,2025-10-08 23:24:00,2025-10-08 23:25:00,7,7,1,2025-10-08,B020
R005_up_T016,R005_up,S035,2025-10-08 23:35:00,2025-10-08 23:38:00,3,5,6,2025-10-08,B020
R005_up_T017,R005_up,S055,2025-10-08 22:20:00,2025-10-08 22:21:00,3,15,5,2025-10-08,B014
R005_up_T017,R005_up,S028,2025-10-08 22:28:00,2025-10-08 22:31:00,8,11,6,2025-10-08,B014
R005_up_T017,R005_up,S025,2025-10-08 22:37:00,2025-10-08 22:40:00,8,15,6,2025-10-08,B014
R005_up_T017,R005_up,S007,2025-10-08 22:40:00,2025-10-08 22:42:00,9,13,3,2025-10-08,B014
R005_up_T017,R005_up,S008,2025-10-08 22:45:00,2025-10-08 22:47:00,4,16,0,2025-10-08,B014
R005_up_T017,R005_up,S011,2025-10-08 22:59:00,2025-10-08 23:00:00,4,24,7,2025-10-08,B014
R005_up_T017,R005_up,S039,2025-10-08 22:57:00,2025-10-08 22:59:00,0,9,-1,2025-10-08,B014
R005_up_T017,R005_up,S013,2025-10-08 23:07:00,2025-10-08 23:08:00,2,3,3,2025-10-08,B014
R005_up_T017,R005_up,S012,2025-10-08 23:09:00,2025-10-08 23:12:00,9,2,-1,2025-10-08,B014
R005_up_T017,R005_up,S016,2025-10-08 23:24:00,2025-10-08 23:25:00,6,6,8,2025-10-08,B014
R005_up_T017,R005_up,S049,2025-10-08 23:27:00,2025-10-08 23:30:00,8,2,4,2025-10-08,B014
R005_up_T017,R005_up,S015,2025-10-08 23:39:00,2025-10-08 23:42:00,9,11,8,2025-10-08,B014
R005_up_T017,R005_up,S051,2025-10-08 23:41:00,2025-10-08 23:42:00,12,6,3,2025-10-08,B014
R005_up_T017,R005_up,S006,2025-10-08 23:42:00,2025-10-08 23:45:00,10,6,-1,2025-10-08,B014
R005_up_T017,R005_up,S054,2025-10-08 23:55:00,2025-10-08 23:56:00,3,3,3,2025-10-08,B014
R005_up_T017,R005_up,S035,2025-10-08 23:59:00,2025-10-09 00:02:00,5,9,1,2025-10-08,B014
R005_down_T001,R005_down,S035,2025-10-08 05:39:00,2025-10-08 05:41:00,2,7,3,2025-10-08,B020
R005_down_T001,R005_down,S054,2025-10-08 05:47:00,2025-10-08 05:48:00,4,5,3,2025-10-08,B020
R005_down_T001,R005_down,S006,2025-10-08 05:50:00,2025-10-08 05:51:00,6,8,2,2025-10-08,B020
R005_down_T001,R005_down,S051,2025-10-08 05:52:00,2025-10-08 05:54:00,6,6,-1,2025-10-08,B020
R005_down_T001,R005_down,S015,2025-10-08 05:58:00,2025-10-08 05:59:00,8,5,-1,2025-10-08,B020
R005_down_T001,R005_down,S049,2025-10-08 06:09:00,2025-10-08 06:10:00,9,9,5,2025-10-08,B020
R005_down_T001,R005_down,S016,2025-10-08 06:16:00,2025-10-08 06:18:00,11,10,6,2025-10-08,B020
R005_down_T001,R005_down,S012,2025-10-08 06:17:00,2025-10-08 06:20:00,12,5,1,2025-10-08,B020
R005_down_T001,R005_down,S013,2025-10-08 06:23:00,2025-10-08 06:25:00,4,3,-2,2025-10-08,B020
R005_down_T001,R005_down,S039,2025-10-08 06:33:00,2025-10-08 06:34:00,5,7,1,2025-10-08,B020
R005_down_T001,R005_down,S011,2025-10-08 06:46:00,2025-10-08 06:48:00,11,5,8,2025-10-08,B020
R005_down_T001,R005_down,S008,2025-10-08 06:42:00,2025-10-08 06:43:00,6,6,-1,2025-10-08,B020
R005_down_T001,R005_down,S007,2025-10-08 06:54:00,2025-10-08 06:56:00,6,4,4,2025-10-08,B020
R005_down_T001,R005_down,S025,2025-10-08 06:58:00,2025-10-08 07:01:00,14,4,3,2025-10-08,B020
R005_down_T001,R005_down,S028,2025-10-08 07:07:00,2025-10-08 07:09:00,8,17,3,2025-10-08,B020
R005_down_T001,R005_down,S055,2025-10-08 07:13:00,2025-10-08 07:16:00,5,9,3,2025-10-08,B020
R005_down_T002,R005_down,S035,2025-10-08 06:09:00,2025-10-08 06:11:00,4,7,4,2025-10-08,B024
R005_down_T002,R005_down,S054,2025-10-08 06:09:00,2025-10-08 06:11:00,7,1,-2,2025-10-08,B024
R005_down_T002,R005_down,S006,2025-10-08 06:20:00,2025-10-08 06:22:00,11,6,1,2025-10-08,B024
R005_down_T002,R005_down,S051,2025-10-08 06:26:00,2025-10-08 06:28:00,12,5,2,2025-10-08,B024
R005_down_T002,R005_down,S015,2025-10-08 06:32:00,2025-10-08 06:34:00,7,4,3,2025-10-08,B024
R005_down_T002,R005_down,S049,2025-10-08 06:42:00,2025-10-08 06:43:00,6,10,8,2025-10-08,B024
R005_down_T002,R005_down,S016,2025-10-08 06:42:00,2025-10-08 06:45:00,9,8,4,2025-10-08,B024
R005_down_T002,R005_down,S012,2025-10-08 06:45:00,2025-10-08 06:46:00,12,11,-2,2025-10-08,B024
R005_down_T002,R005_down,S013,2025-10-08 06:50:00,2025-10-08 06:52:00,6,10,-2,2025-10-08,B024
R005_down_T002,R005_down,S039,2025-10-08 07:02:00,2025-10-08 07:04:00,8,3,2,2025-10-08,B024
R005_down_T002,R005_down,S011,2025-10-08 07:05:00,2025-10-08 07:07:00,2,9,0,2025-10-08,B024
R005_down_T002,R005_down,S008,2025-10-08 07:13:00,2025-10-08 07:14:00,11,4,2,2025-10-08,B024
R005_down_T002,R005_down,S007,2025-10-08 07:17:00,2025-10-08 07:18:00,8,15,1,2025-10-08,B024
R005_down_T002,R005_down,S025,2025-10-08 07:24:00,2025-10-08 07:25:00,12,15,3,2025-10-08,B024
R005_down_T002,R005_down,S028,2025-10-08 07:27:00,2025-10-08 07:29:00,10,7,0,2025-10-08,B024
R005_down_T002,R005_down,S055,2025-10-08 07:40:00,2025-10-08 07:42:00,2,8,8,2025-10-08,B024
R005_down_T003,R005_down,S035,2025-10-08 06:40:00,2025-10-08 06:43:00,9,6,-1,2025-10-08,B011
R005_down_T003,R005_down,S054,2025-10-08 06:54:00,2025-10-08 06:57:00,11,6,7,2025-10-08,B011
R005_down_T003,R005_down,S006,2025-10-08 07:01:00,2025-10-08 07:02:00,8,5,5,2025-10-08,B011
R005_down_T003,R005_down,S051,2025-10-08 07:08:00,2025-10-08 07:09:00,4,19,7,2025-10-08,B011
R005_down_T003,R005_down,S015,2025-10-08 07:13:00,2025-10-08 07:16:00,7,12,5,2025-10-08,B011
R005_down_T003,R005_down,S049,2025-10-08 07:24:00,2025-10-08 07:25:00,3,8,8,2025-10-08,B011
R005_down_T003,R005_down,S016,2025-10-08 07:18:00,2025-10-08 07:20:00,10,12,-2,2025-10-08,B011
R005_down_T003,R005_down,S012,2025-10-08 07:31:00,2025-10-08 07:32:00,3,12,6,2025-10-08,B011
R005_down_T003,R005_down,S013,2025-10-08 07:28:00,2025-10-08 07:30:00,7,14,-1,2025-10-08,B011
R005_down_T003,R005_down,S039,2025-10-08 07:36:00,2025-10-08 07:37:00,7,10,0,2025-10-08,B011
R005_down_T003,R005_down,S011,2025-10-08 07:39:00,2025-10-08 07:40:00,6,10,-1,2025-10-08,B011
R005_down_T003,R005_down,S008,2025-10-08 07:52:00,2025-10-08 07:55:00,6,14,6,2025-10-08,B011
R005_down_T003,R005_down,S007,2025-10-08 07:56:00,2025-10-08 07:57:00,5,12,2,2025-10-08,B011
R005_down_T003,R005_down,S025,2025-10-08 08:07:00,2025-10-08 08:08:00,0,15,8,2025-10-08,B011
R005_down_T003,R005_down,S028,2025-10-08 08:10:00,2025-10-08 08:13:00,5,8,5,2025-10-08,B011
R005_down_T003,R005_down,S055,2025-10-08 08:13:00,2025-10-08 08:16:00,6,15,0,2025-10-08,B011
R005_down_T004,R005_down,S035,2025-10-08 07:46:00,2025-10-08 07:47:00,1,6,0,2025-10-08,B001
R005_down_T004,R005_down,S054,2025-10-08 07:55:00,2025-10-08 07:56:00,8,16,4,2025-10-08,B001
R005_down_T004,R005_down,S006,2025-10-08 07:58:00,2025-10-08 08:01:00,4,19,1,2025-10-08,B001
R005_down_T004,R005_down,S051,2025-10-08 08:06:00,2025-10-08 08:07:00,3,17,2,2025-10-08,B001
R005_down_T004,R005_down,S015,2025-10-08 08:16:00,2025-10-08 08:18:00,7,13,5,2025-10-08,B001
R005_down_T004,R005_down,S049,2025-10-08 08:17:00,2025-10-08 08:19:00,8,15,1,2025-10-08,B001
R005_down_T004,R005_down,S016,2025-10-08 08:29:00,2025-10-08 08:32:00,1,7,6,2025-10-08,B001
R005_down_T004,R005_down,S012,2025-10-08 08:33:00,2025-10-08 08:36:00,5,10,4,2025-10-08,B001
R005_down_T004,R005_down,S013,2025-10-08 08:35:00,2025-10-08 08:37:00,3,22,-2,2025-10-08,B001
R005_down_T004,R005_down,S039,2025-10-08 08:41:00,2025-10-08 08:43:00,4,15,-2,2025-10-08,B001
R005_down_T004,R005_down,S011,2025-10-08 08:49:00,2025-10-08 08:52:00,4,14,-1,2025-10-08,B001
R005_down_T004,R005_down,S008,2025-10-08 09:01:00,2025-10-08 09:03:00,3,10,3,2025-10-08,B001
R005_down_T004,R005_down,S007,2025-10-08 09:06:00,2025-10-08 09:07:00,0,10,0,2025-10-08,B001
R005_down_T004,R005_down,S025,2025-10-08 09:14:00,2025-10-08 09:15:00,2,22,1,2025-10-08,B001
R005_down_T004,R005_down,S028,2025-10-08 09:21:00,2025-10-08 09:23:00,8,14,1,2025-10-08,B001
R005_down_T004,R005_down,S055,2025-10-08 09:32:00,2025-10-08 09:33:00,4,13,6,2025-10-08,B001
R005_down_T005,R005_down,S035,2025-10-08 08:58:00,2025-10-08 09:01:00,4,21,7,2025-10-08,B006
R005_down_T005,R005_down,S054,2025-10-08 09:01:00,2025-10-08 09:03:00,3,11,4,2025-10-08,B006
R005_down_T005,R005_down,S006,2025-10-08 09:01:00,2025-10-08 09:04:00,7,23,-1,2025-10-08,B006
R005_down_T005,R005_down,S051,2025-10-08 09:15:00,2025-10-08 09:18:00,3,8,7,2025-10-08,B006
R005_down_T005,R005_down,S015,2025-10-08 09:15:00,2025-10-08 09:16:00,4,8,-1,2025-10-08,B006
R005_down_T005,R005_down,S049,2025-10-08 09:22:00,2025-10-08 09:23:00,5,13,2,2025-10-08,B006
R005_down_T005,R005_down,S016,2025-10-08 09:33:00,2025-10-08 09:34:00,10,10,6,2025-10-08,B006
R005_down_T005,R005_down,S012,2025-10-08 09:34:00,2025-10-08 09:37:00,7,9,2,2025-10-08,B006
R005_down_T005,R005_down,S013,2025-10-08 09:39:00,2025-10-08 09:41:00,5,8,-2,2025-10-08,B006
R005_down_T005,R005_down,S039,2025-10-08 09:48:00,2025-10-08 09:50:00,8,14,1,2025-10-08,B006
R005_down_T005,R005_down,S011,2025-10-08 09:54:00,2025-10-08 09:57:00,3,10,0,2025-10-08,B006
R005_down_T005,R005_down,S008,2025-10-08 10:02:00,2025-10-08 10:05:00,8,23,2,2025-10-08,B006
R005_down_T005,R005_down,S007,2025-10-08 10:06:00,2025-10-08 10:07:00,7,7,-2,2025-10-08,B006
R005_down_T005,R005_down,S025,2025-10-08 10:20:00,2025-10-08 10:21:00,7,17,6,2025-10-08,B006
R005_down_T005,R005_down,S028,2025-10-08 10:21:00,2025-10-08 10:22:00,0,17,1,2025-10-08,B006
R005_down_T005,R005_down,S055,2025-10-08 10:33:00,2025-10-08 10:34:00,3,9,7,2025-10-08,B006
R005_down_T006,R005_down,S035,2025-10-08 10:26:00,2025-10-08 10:28:00,9,11,1,2025-10-08,B019
R005_down_T006,R005_down,S054,2025-10-08 10:38:00,2025-10-08 10:41:00,8,15,7,2025-10-08,B019
R005_down_T006,R005_down,S006,2025-10-08 10:44:00,2025-10-08 10:46:00,5,14,5,2025-10-08,B019
R005_down_T006,R005_down,S051,2025-10-08 10:51:00,2025-10-08 10:52:00,5,11,6,2025-10-08,B019
R005_down_T006,R005_down,S015,2025-10-08 10:48:00,2025-10-08 10:51:00,1,13,-1,2025-10-08,B019
R005_down_T006,R005_down,S049,2025-10-08 11:05:00,2025-10-08 11:07:00,6,16,7,2025-10-08,B019
R005_down_T006,R005_down,S016,2025-10-08 11:06:00,2025-10-08 11:09:00,4,14,0,2025-10-08,B019
R005_down_T006,R005_down,S012,2025-10-08 11:18:00,2025-10-08 11:19:00,9,2,5,2025-10-08,B019
R005_down_T006,R005_down,S013,2025-10-08 11:20:00,2025-10-08 11:22:00,5,0,1,2025-10-08,B019
R005_down_T006,R005_down,S039,2025-10-08 11:25:00,2025-10-08 11:27:00,2,5,-1,2025-10-08,B019
R005_down_T006,R005_down,S011,2025-10-08 11:34:00,2025-10-08 11:35:00,6,2,2,2025-10-08,B019
R005_down_T006,R005_down,S008,2025-10-08 11:45:00,2025-10-08 11:47:00,10,7,7,2025-10-08,B019
R005_down_T006,R005_down,S007,2025-10-08 11:52:00,2025-10-08 11:54:00,4,6,6,2025-10-08,B019
R005_down_T006,R005_down,S025,2025-10-08 11:59:00,2025-10-08 12:02:00,9,5,5,2025-10-08,B019
R005_down_T006,R005_down,S028,2025-10-08 12:01:00,2025-10-08 12:04:00,7,9,-1,2025-10-08,B019
R005_down_T006,R005_down,S055,2025-10-08 12:10:00,2025-10-08 12:13:00,7,3,0,2025-10-08,B019
R005_down_T007,R005_down,S035,2025-10-08 11:59:00,2025-10-08 12:00:00,7,3,8,2025-10-08,B006
R005_down_T007,R005_down,S054,2025-10-08 12:05:00,2025-10-08 12:06:00,7,7,8,2025-10-08,B006
R005_down_T007,R005_down,S006,2025-10-08 12:12:00,2025-10-08 12:15:00,4,7,8,2025-10-08,B006
R005_down_T007,R005_down,S051,2025-10-08 12:16:00,2025-10-08 12:19:00,8,5,6,2025-10-08,B006
R005_down_T007,R005_down,S015,2025-10-08 12:27:00,2025-10-08 12:28:00,10,8,8,2025-10-08,B006
R005_down_T007,R005_down,S049,2025-10-08 12:28:00,2025-10-08 12:29:00,3,9,3,2025-10-08,B006
R005_down_T007,R005_down,S016,2025-10-08 12:39:00,2025-10-08 12:40:00,10,7,8,2025-10-08,B006
R005_down_T007,R005_down,S012,2025-10-08 12:34:00,2025-10-08 12:37:00,13,11,-2,2025-10-08,B006
R005_down_T007,R005_down,S013,2025-10-08 12:43:00,2025-10-08 12:46:00,7,9,-2,2025-10-08,B006
R005_down_T007,R005_down,S039,2025-10-08 12:59:00,2025-10-08 13:00:00,7,10,7,2025-10-08,B006
R005_down_T007,R005_down,S011,2025-10-08 13:00:00,2025-10-08 13:03:00,10,5,1,2025-10-08,B006
R005_down_T007,R005_down,S008,2025-10-08 13:04:00,2025-10-08 13:07:00,2,0,-2,2025-10-08,B006
R005_down_T007,R005_down,S007,2025-10-08 13:13:00,2025-10-08 13:14:00,9,3,-2,2025-10-08,B006
R005_down_T007,R005_down,S025,2025-10-08 13:29:00,2025-10-08 13:30:00,8,5,7,2025-10-08,B006
R005_down_T007,R005_down,S028,2025-10-08 13:33:00,2025-10-08 13:36:00,5,10,5,2025-10-08,B006
R005_down_T007,R005_down,S055,2025-10-08 13:40:00,2025-10-08 13:42:00,10,10,5,2025-10-08,B006
R005_down_T008,R005_down,S035,2025-10-08 12:46:00,2025-10-08 12:48:00,7,3,3,2025-10-08,B015
R005_down_T008,R005_down,S054,2025-10-08 12:51:00,2025-10-08 12:52:00,3,6,3,2025-10-08,B015
R005_down_T008,R005_down,S006,2025-10-08 12:54:00,2025-10-08 12:56:00,9,5,-1,2025-10-08,B015
R005_down_T008,R005_down,S051,2025-10-08 13:03:00,2025-10-08 13:04:00,13,9,0,2025-10-08,B015
R005_down_T008,R005_down,S015,2025-10-08 13:12:00,2025-10-08 13:14:00,13,4,2,2025-10-08,B015
R005_down_T008,R005_down,S049,2025-10-08 13:16:00,2025-10-08 13:19:00,7,7,-1,2025-10-08,B015
R005_down_T008,R005_down,S016,2025-10-08 13:31:00,2025-10-08 13:32:00,9,4,8,2025-10-08,B015
R005_down_T008,R005_down,S012,2025-10-08 13:31:00,2025-10-08 13:34:00,9,3,4,2025-10-08,B015
R005_down_T008,R005_down,S013,2025-10-08 13:33:00,2025-10-08 13:34:00,9,12,-1,2025-10-08,B015
R005_down_T008,R005_down,S039,2025-10-08 13:46:00,2025-10-08 13:49:00,6,7,6,2025-10-08,B015
R005_down_T008,R005_down,S011,2025-10-08 13:46:00,2025-10-08 13:48:00,7,6,0,2025-10-08,B015
R005_down_T008,R005_down,S008,2025-10-08 14:01:00,2025-10-08 14:03:00,0,2,8,2025-10-08,B015
R005_down_T008,R005_down,S007,2025-10-08 14:06:00,2025-10-08 14:08:00,9,5,8,2025-10-08,B015
R005_down_T008,R005_down,S025,2025-10-08 14:08:00,2025-10-08 14:10:00,11,3,2,2025-10-08,B015
R005_down_T008,R005_down,S028,2025-10-08 14:13:00,2025-10-08 14:15:00,10,3,-1,2025-10-08,B015
R005_down_T008,R005_down,S055,2025-10-08 14:20:00,2025-10-08 14:23:00,10,6,0,2025-10-08,B015
R005_down_T009,R005_down,S035,2025-10-08 14:43:00,2025-10-08 14:45:00,7,9,8,2025-10-08,B021
R005_down_T009,R005_down,S054,2025-10-08 14:46:00,2025-10-08 14:47:00,8,5,3,2025-10-08,B021
R005_down_T009,R005_down,S006,2025-10-08 14:47:00,2025-10-08 14:48:00,0,4,0,2025-10-08,B021
R005_down_T009,R005_down,S051,2025-10-08 14:55:00,2025-10-08 14:58:00,10,6,2,2025-10-08,B021
R005_down_T009,R005_down,S015,2025-10-08 15:08:00,2025-10-08 15:09:00,6,7,8,2025-10-08,B021
R005_down_T009,R005_down,S049,2025-10-08 15:09:00,2025-10-08 15:12:00,6,10,2,2025-10-08,B021
R005_down_T009,R005_down,S016,2025-10-08 15:11:00,2025-10-08 15:12:00,3,14,-2,2025-10-08,B021
R005_down_T009,R005_down,S012,2025-10-08 15:20:00,2025-10-08 15:21:00,6,10,2,2025-10-08,B021
R005_down_T009,R005_down,S013,2025-10-08 15:22:00,2025-10-08 15:24:00,6,6,-1,2025-10-08,B021
R005_down_T009,R005_down,S039,2025-10-08 15:30:00,2025-10-08 15:33:00,13,3,1,2025-10-08,B021
R005_down_T009,R005_down,S011,2025-10-08 15:41:00,2025-10-08 15:42:00,6,5,6,2025-10-08,B021
R005_down_T009,R005_down,S008,2025-10-08 15:40:00,2025-10-08 15:41:00,11,4,1,2025-10-08,B021
R005_down_T009,R005_down,S007,2025-10-08 15:46:00,2025-10-08 15:47:00,10,10,0,2025-10-08,B021
R005_down_T009,R005_down,S025,2025-10-08 15:51:00,2025-10-08 15:54:00,8,7,-2,2025-10-08,B021
R005_down_T009,R005_down,S028,2025-10-08 15:58:00,2025-10-08 16:00:00,4,2,-1,2025-10-08,B021
R005_down_T009,R005_down,S055,2025-10-08 16:08:00,2025-10-08 16:09:00,3,6,3,2025-10-08,B021
R005_down_T010,R005_down,S035,2025-10-08 15:35:00,2025-10-08 15:36:00,4,5,3,2025-10-08,B015
R005_down_T010,R005_down,S054,2025-10-08 15:41:00,2025-10-08 15:44:00,11,0,5,2025-10-08,B015
R005_down_T010,R005_down,S006,2025-10-08 15:41:00,2025-10-08 15:44:00,4,4,-2,2025-10-08,B015
R005_down_T010,R005_down,S051,2025-10-08 15:57:00,2025-10-08 15:59:00,10,5,8,2025-10-08,B015
R005_down_T010,R005_down,S015,2025-10-08 16:04:00,2025-10-08 16:07:00,7,3,7,2025-10-08,B015
R005_down_T010,R005_down,S049,2025-10-08 16:09:00,2025-10-08 16:12:00,9,7,6,2025-10-08,B015
R005_down_T010,R005_down,S016,2025-10-08 16:10:00,2025-10-08 16:11:00,8,5,0,2025-10-08,B015
R005_down_T010,R005_down,S012,2025-10-08 16:24:00,2025-10-08 16:26:00,9,4,7,2025-10-08,B015
R005_down_T010,R005_down,S013,2025-10-08 16:24:00,2025-10-08 16:27:00,7,5,-1,2025-10-08,B015
R005_down_T010,R005_down,S039,2025-10-08 16:30:00,2025-10-08 16:33:00,10,5,-1,2025-10-08,B015
R005_down_T010,R005_down,S011,2025-10-08 16:35:00,2025-10-08 16:38:00,5,1,-2,2025-10-08,B015
R005_down_T010,R005_down,S008,2025-10-08 16:45:00,2025-10-08 16:47:00,9,8,2,2025-10-08,B015
R005_down_T010,R005_down,S007,2025-10-08 16:57:00,2025-10-08 16:58:00,11,6,6,2025-10-08,B015
R005_down_T010,R005_down,S025,2025-10-08 17:03:00,2025-10-08 17:06:00,7,9,6,2025-10-08,B015
R005_down_T010,R005_down,S028,2025-10-08 17:01:00,2025-10-08 17:04:00,7,5,-2,2025-10-08,B015
R005_down_T010,R005_down,S055,2025-10-08 17:15:00,2025-10-08 17:17:00,22,4,4,2025-10-08,B015
R005_down_T011,R005_down,S035,2025-10-08 17:23:00,2025-10-08 17:25:00,19,4,3,2025-10-08,B007
R005_down_T011,R005_down,S054,2025-10-08 17:27:00,2025-10-08 17:30:00,9,4,-1,2025-10-08,B007
R005_down_T011,R005_down,S006,2025-10-08 17:35:00,2025-10-08 17:37:00,19,10,1,2025-10-08,B007
R005_down_T011,R005_down,S051,2025-10-08 17:46:00,2025-10-08 17:49:00,8,4,4,2025-10-08,B007
R005_down_T011,R005_down,S015,2025-10-08 17:53:00,2025-10-08 17:54:00,17,2,3,2025-10-08,B007
R005_down_T011,R005_down,S049,2025-10-08 18:01:00,2025-10-08 18:02:00,16,3,7,2025-10-08,B007
R005_down_T011,R005_down,S016,2025-10-08 18:08:00,2025-10-08 18:09:00,17,7,7,2025-10-08,B007
R005_down_T011,R005_down,S012,2025-10-08 18:04:00,2025-10-08 18:07:00,17,2,-1,2025-10-08,B007
R005_down_T011,R005_down,S013,2025-10-08 18:21:00,2025-10-08 18:22:00,14,4,8,2025-10-08,B007
R005_down_T011,R005_down,S039,2025-10-08 18:24:00,2025-10-08 18:26:00,16,6,5,2025-10-08,B007
R005_down_T011,R005_down,S011,2025-10-08 18:29:00,2025-10-08 18:30:00,12,0,2,2025-10-08,B007
R005_down_T011,R005_down,S008,2025-10-08 18:38:00,2025-10-08 18:39:00,14,4,6,2025-10-08,B007
R005_down_T011,R005_down,S007,2025-10-08 18:37:00,2025-10-08 18:39:00,21,3,1,2025-10-08,B007
R005_down_T011,R005_down,S025,2025-10-08 18:45:00,2025-10-08 18:48:00,14,4,4,2025-10-08,B007
R005_down_T011,R005_down,S028,2025-10-08 18:49:00,2025-10-08 18:50:00,11,3,0,2025-10-08,B007
R005_down_T011,R005_down,S055,2025-10-08 18:53:00,2025-10-08 18:56:00,12,5,-1,2025-10-08,B007
R005_down_T012,R005_down,S035,2025-10-08 17:36:00,2025-10-08 17:39:00,8,3,0,2025-10-08,B024
R005_down_T012,R005_down,S054,2025-10-08 17:50:00,2025-10-08 17:52:00,8,2,6,2025-10-08,B024
R005_down_T012,R005_down,S006,2025-10-08 17:58:00,2025-10-08 18:01:00,11,4,8,2025-10-08,B024
R005_down_T012,R005_down,S051,2025-10-08 17:59:00,2025-10-08 18:02:00,8,5,1,2025-10-08,B024
R005_down_T012,R005_down,S015,2025-10-08 18:04:00,2025-10-08 18:06:00,15,8,-2,2025-10-08,B024
R005_down_T012,R005_down,S049,2025-10-08 18:16:00,2025-10-08 18:17:00,5,10,3,2025-10-08,B024
R005_down_T012,R005_down,S016,2025-10-08 18:20:00,2025-10-08 18:22:00,4,9,3,2025-10-08,B024
R005_down_T012,R005_down,S012,2025-10-08 18:31:00,2025-10-08 18:33:00,12,2,7,2025-10-08,B024
R005_down_T012,R005_down,S013,2025-10-08 18:39:00,2025-10-08 18:40:00,10,7,7,2025-10-08,B024
R005_down_T012,R005_down,S039,2025-10-08 18:41:00,2025-10-08 18:42:00,15,3,2,2025-10-08,B024
R005_down_T012,R005_down,S011,2025-10-08 18:51:00,2025-10-08 18:54:00,13,4,8,2025-10-08,B024
R005_down_T012,R005_down,S008,2025-10-08 18:51:00,2025-10-08 18:53:00,13,7,0,2025-10-08,B024
R005_down_T012,R005_down,S007,2025-10-08 19:06:00,2025-10-08 19:09:00,18,4,7,2025-10-08,B024
R005_down_T012,R005_down,S025,2025-10-08 19:04:00,2025-10-08 19:05:00,13,3,-1,2025-10-08,B024
R005_down_T012,R005_down,S028,2025-10-08 19:11:00,2025-10-08 19:13:00,12,5,1,2025-10-08,B024
R005_down_T012,R005_down,S055,2025-10-08 19:13:00,2025-10-08 19:15:00,16,3,-2,2025-10-08,B024
R005_down_T013,R005_down,S035,2025-10-08 18:03:00,2025-10-08 18:06:00,17,5,3,2025-10-08,B021
R005_down_T013,R005_down,S054,2025-10-08 18:11:00,2025-10-08 18:14:00,14,3,4,2025-10-08,B021
R005_down_T013,R005_down,S006,2025-10-08 18:21:00,2025-10-08 18:24:00,16,5,7,2025-10-08,B021
R005_down_T013,R005_down,S051,2025-10-08 18:26:00,2025-10-08 18:27:00,8,8,3,2025-10-08,B021
R005_down_T013,R005_down,S015,2025-10-08 18:36:00,2025-10-08 18:39:00,10,7,6,2025-10-08,B021
R005_down_T013,R005_down,S049,2025-10-08 18:42:00,2025-10-08 18:44:00,17,2,5,2025-10-08,B021
R005_down_T013,R005_down,S016,2025-10-08 18:42:00,2025-10-08 18:44:00,10,0,-2,2025-10-08,B021
R005_down_T013,R005_down,S012,2025-10-08 18:56:00,2025-10-08 18:57:00,14,10,5,2025-10-08,B021
R005_down_T013,R005_down,S013,2025-10-08 18:55:00,2025-10-08 18:57:00,6,11,0,2025-10-08,B021
R005_down_T013,R005_down,S039,2025-10-08 18:59:00,2025-10-08 19:00:00,11,1,-1,2025-10-08,B021
R005_down_T013,R005_down,S011,2025-10-08 19:04:00,2025-10-08 19:06:00,9,5,0,2025-10-08,B021
R005_down_T013,R005_down,S008,2025-10-08 19:15:00,2025-10-08 19:16:00,10,3,3,2025-10-08,B021
R005_down_T013,R005_down,S007,2025-10-08 19:21:00,2025-10-08 19:24:00,10,5,2,2025-10-08,B021
R005_down_T013,R005_down,S025,2025-10-08 19:32:00,2025-10-08 19:33:00,13,3,4,2025-10-08,B021
R005_down_T013,R005_down,S028,2025-10-08 19:32:00,2025-10-08 19:34:00,14,7,-2,2025-10-08,B021
R005_down_T013,R005_down,S055,2025-10-08 19:45:00,2025-10-08 19:46:00,15,5,6,2025-10-08,B021
R005_down_T014,R005_down,S035,2025-10-08 19:11:00,2025-10-08 19:13:00,13,10,8,2025-10-08,B016
R005_down_T014,R005_down,S054,2025-10-08 19:13:00,2025-10-08 19:16:00,14,7,5,2025-10-08,B016
R005_down_T014,R005_down,S006,2025-10-08 19:15:00,2025-10-08 19:16:00,8,9,1,2025-10-08,B016
R005_down_T014,R005_down,S051,2025-10-08 19:28:00,2025-10-08 19:29:00,8,8,8,2025-10-08,B016
R005_down_T014,R005_down,S015,2025-10-08 19:28:00,2025-10-08 19:31:00,8,3,3,2025-10-08,B016
R005_down_T014,R005_down,S049,2025-10-08 19:35:00,2025-10-08 19:37:00,8,0,3,2025-10-08,B016
R005_down_T014,R005_down,S016,2025-10-08 19:37:00,2025-10-08 19:40:00,12,6,0,2025-10-08,B016
R005_down_T014,R005_down,S012,2025-10-08 19:45:00,2025-10-08 19:46:00,13,5,-1,2025-10-08,B016
R005_down_T014,R005_down,S013,2025-10-08 19:50:00,2025-10-08 19:51:00,15,0,-1,2025-10-08,B016
R005_down_T014,R005_down,S039,2025-10-08 20:05:00,2025-10-08 20:08:00,25,0,8,2025-10-08,B016
R005_down_T014,R005_down,S011,2025-10-08 20:11:00,2025-10-08 20:13:00,12,11,8,2025-10-08,B016
R005_down_T014,R005_down,S008,2025-10-08 20:10:00,2025-10-08 20:12:00,13,6,0,2025-10-08,B016
R005_down_T014,R005_down,S007,2025-10-08 20:20:00,2025-10-08 20:21:00,16,7,2,2025-10-08,B016
R005_down_T014,R005_down,S025,2025-10-08 20:26:00,2025-10-08 20:27:00,11,8,1,2025-10-08,B016
R005_down_T014,R005_down,S028,2025-10-08 20:29:00,2025-10-08 20:30:00,13,4,-1,2025-10-08,B016
R005_down_T014,R005_down,S055,2025-10-08 20:43:00,2025-10-08 20:46:00,2,0,7,2025-10-08,B016
R005_down_T015,R005_down,S035,2025-10-08 19:19:00,2025-10-08 19:21:00,19,7,1,2025-10-08,B005
R005_down_T015,R005_down,S054,2025-10-08 19:33:00,2025-10-08 19:34:00,8,9,7,2025-10-08,B005
R005_down_T015,R005_down,S006,2025-10-08 19:33:00,2025-10-08 19:36:00,11,9,3,2025-10-08,B005
R005_down_T015,R005_down,S051,2025-10-08 19:44:00,2025-10-08 19:47:00,16,3,6,2025-10-08,B005
R005_down_T015,R005_down,S015,2025-10-08 19:44:00,2025-10-08 19:46:00,5,10,-1,2025-10-08,B005
R005_down_T015,R005_down,S049,2025-10-08 19:59:00,2025-10-08 20:00:00,9,3,8,2025-10-08,B005
R005_down_T015,R005_down,S016,2025-10-08 19:57:00,2025-10-08 20:00:00,15,3,0,2025-10-08,B005
R005_down_T015,R005_down,S012,2025-10-08 20:03:00,2025-10-08 20:06:00,15,5,-1,2025-10-08,B005
R005_down_T015,R005_down,S013,2025-10-08 20:16:00,2025-10-08 20:17:00,11,6,4,2025-10-08,B005
R005_down_T015,R005_down,S039,2025-10-08 20:22:00,2025-10-08 20:23:00,15,10,6,2025-10-08,B005
R005_down_T015,R005_down,S011,2025-10-08 20:24:00,2025-10-08 20:25:00,18,5,2,2025-10-08,B005
R005_down_T015,R005_down,S008,2025-10-08 20:29:00,2025-10-08 20:30:00,17,5,0,2025-10-08,B005
R005_down_T015,R005_down,S007,2025-10-08 20:39:00,2025-10-08 20:42:00,0,3,3,2025-10-08,B005
R005_down_T015,R005_down,S025,2025-10-08 20:50:00,2025-10-08 20:52:00,9,7,5,2025-10-08,B005
R005_down_T015,R005_down,S028,2025-10-08 20:56:00,2025-10-08 20:58:00,10,7,6,2025-10-08,B005
R005_down_T015,R005_down,S055,2025-10-08 20:58:00,2025-10-08 20:59:00,9,4,0,2025-10-08,B005
R005_down_T016,R005_down,S035,2025-10-08 22:16:00,2025-10-08 22:19:00,13,6,1,2025-10-08,B011
R005_down_T016,R005_down,S054,2025-10-08 22:23:00,2025-10-08 22:26:00,14,3,1,2025-10-08,B011
R005_down_T016,R005_down,S006,2025-10-08 22:37:00,2025-10-08 22:40:00,19,0,6,2025-10-08,B011
R005_down_T016,R005_down,S051,2025-10-08 22:38:00,2025-10-08 22:40:00,9,7,-1,2025-10-08,B011
R005_down_T016,R005_down,S015,2025-10-08 22:46:00,2025-10-08 22:48:00,16,2,2,2025-10-08,B011
R005_down_T016,R005_down,S049,2025-10-08 22:47:00,2025-10-08 22:48:00,11,2,-2,2025-10-08,B011
R005_down_T016,R005_down,S016,2025-10-08 22:55:00,2025-10-08 22:56:00,5,0,2,2025-10-08,B011
R005_down_T016,R005_down,S012,2025-10-08 22:56:00,2025-10-08 22:59:00,5,5,-2,2025-10-08,B011
R005_down_T016,R005_down,S013,2025-10-08 23:09:00,2025-10-08 23:11:00,9,5,3,2025-10-08,B011
R005_down_T016,R005_down,S039,2025-10-08 23:15:00,2025-10-08 23:17:00,8,6,1,2025-10-08,B011
R005_down_T016,R005_down,S011,2025-10-08 23:22:00,2025-10-08 23:25:00,5,4,1,2025-10-08,B011
R005_down_T016,R005_down,S008,2025-10-08 23:35:00,2025-10-08 23:38:00,5,11,7,2025-10-08,B011
R005_down_T016,R005_down,S007,2025-10-08 23:35:00,2025-10-08 23:37:00,5,6,-2,2025-10-08,B011
R005_down_T016,R005_down,S025,2025-10-08 23:41:00,2025-10-08 23:42:00,5,5,-1,2025-10-08,B011
R005_down_T016,R005_down,S028,2025-10-08 23:51:00,2025-10-08 23:52:00,5,4,3,2025-10-08,B011
R005_down_T016,R005_down,S055,2025-10-08 23:54:00,2025-10-08 23:57:00,8,0,2,2025-10-08,B011
R006_up_T001,R006_up,S011,2025-10-08 07:43:00,2025-10-08 07:44:00,12,7,6,2025-10-08,B010
R006_up_T001,R006_up,S059,2025-10-08 07:52:00,2025-10-08 07:54:00,11,13,8,2025-10-08,B010
R006_up_T001,R006_up,S013,2025-10-08 07:58:00,2025-10-08 08:01:00,9,1,8,2025-10-08,B010
R006_up_T001,R006_up,S043,2025-10-08 07:55:00,2025-10-08 07:58:00,24,6,-2,2025-10-08,B010
R006_up_T001,R006_up,S060,2025-10-08 08:03:00,2025-10-08 08:05:00,10,3,0,2025-10-08,B010
R006_up_T001,R006_up,S045,2025-10-08 08:16:00,2025-10-08 08:19:00,23,5,7,2025-10-08,B010
R006_up_T001,R006_up,S007,2025-10-08 08:21:00,2025-10-08 08:24:00,13,2,5,2025-10-08,B010
R006_up_T001,R006_up,S039,2025-10-08 08:32:00,2025-10-08 08:35:00,14,6,8,2025-10-08,B010
R006_up_T001,R006_up,S042,2025-10-08 08:33:00,2025-10-08 08:35:00,18,11,0,2025-10-08,B010
R006_up_T001,R006_up,S051,2025-10-08 08:38:00,2025-10-08 08:39:00,15,10,0,2025-10-08,B010
R006_up_T001,R006_up,S047,2025-10-08 08:44:00,2025-10-08 08:45:00,17,6,0,2025-10-08,B010
R006_up_T001,R006_up,S036,2025-10-08 08:50:00,2025-10-08 08:51:00,14,7,-1,2025-10-08,B010
R006_up_T001,R006_up,S046,2025-10-08 08:59:00,2025-10-08 09:02:00,12,11,4,2025-10-08,B010
R006_up_T001,R006_up,S032,2025-10-08 09:02:00,2025-10-08 09:05:00,14,9,1,2025-10-08,B010
R006_up_T001,R006_up,S028,2025-10-08 09:12:00,2025-10-08 09:13:00,8,7,3,2025-10-08,B010
R006_up_T001,R006_up,S041,2025-10-08 09:23:00,2025-10-08 09:26:00,8,6,7,2025-10-08,B010
R006_up_T001,R006_up,S044,2025-10-08 09:21:00,2025-10-08 09:23:00,12,6,-1,2025-10-08,B010
R006_up_T002,R006_up,S011,2025-10-08 07:59:00,2025-10-08 08:01:00,22,10,4,2025-10-08,B006
R006_up_T002,R006_up,S059,2025-10-08 08:11:00,2025-10-08 08:14:00,14,8,8,2025-10-08,B006
R006_up_T002,R006_up,S013,2025-10-08 08:17:00,2025-10-08 08:18:00,12,7,5,2025-10-08,B006
R006_up_T002,R006_up,S043,2025-10-08 08:18:00,2025-10-08 08:21:00,11,7,0,2025-10-08,B006
R006_up_T002,R006_up,S060,2025-10-08 08:29:00,2025-10-08 08:30:00,13,10,2,2025-10-08,B006
R006_up_T002,R006_up,S045,2025-10-08 08:33:00,2025-10-08 08:35:00,18,8,2,2025-10-08,B006
R006_up_T002,R006_up,S007,2025-10-08 08:42:00,2025-10-08 08:43:00,12,6,6,2025-10-08,B006
R006_up_T002,R006_up,S039,2025-10-08 08:42:00,2025-10-08 08:44:00,21,9,-1,2025-10-08,B006
R006_up_T002,R006_up,S042,2025-10-08 08:48:00,2025-10-08 08:49:00,13,7,0,2025-10-08,B006
R006_up_T002,R006_up,S051,2025-10-08 08:58:00,2025-10-08 09:01:00,12,7,3,2025-10-08,B006
R006_up_T002,R006_up,S047,2025-10-08 09:06:00,2025-10-08 09:07:00,13,7,4,2025-10-08,B006
R006_up_T002,R006_up,S036,2025-10-08 09:09:00,2025-10-08 09:11:00,11,5,2,2025-10-08,B006
R006_up_T002,R006_up,S046,2025-10-08 09:16:00,2025-10-08 09:18:00,18,3,4,2025-10-08,B006
R006_up_T002,R006_up,S032,2025-10-08 09:26:00,2025-10-08 09:28:00,12,9,8,2025-10-08,B006
R006_up_T002,R006_up,S028,2025-10-08 09:31:00,2025-10-08 09:34:00,13,3,6,2025-10-08,B006
R006_up_T002,R006_up,S041,2025-10-08 09:36:00,2025-10-08 09:38:00,18,1,3,2025-10-08,B006
R006_up_T002,R006_up,S044,2025-10-08 09:45:00,2025-10-08 09:46:00,10,7,7,2025-10-08,B006
R006_up_T003,R006_up,S011,2025-10-08 08:33:00,2025-10-08 08:34:00,16,6,1,2025-10-08,B021
R006_up_T003,R006_up,S059,2025-10-08 08:36:00,2025-10-08 08:38:00,9,5,0,2025-10-08,B021
R006_up_T003,R006_up,S013,2025-10-08 08:42:00,2025-10-08 08:44:00,13,6,-2,2025-10-08,B021
R006_up_T003,R006_up,S043,2025-10-08 08:57:00,2025-10-08 09:00:00,9,2,8,2025-10-08,B021
R006_up_T003,R006_up,S060,2025-10-08 09:03:00,2025-10-08 09:06:00,16,1,6,2025-10-08,B021
R006_up_T003,R006_up,S045,2025-10-08 09:13:00,2025-10-08 09:16:00,3,4,7,2025-10-08,B021
R006_up_T003,R006_up,S007,2025-10-08 09:14:00,2025-10-08 09:17:00,10,3,2,2025-10-08,B021
R006_up_T003,R006_up,S039,2025-10-08 09:24:00,2025-10-08 09:25:00,12,0,6,2025-10-08,B021
R006_up_T003,R006_up,S042,2025-10-08 09:23:00,2025-10-08 09:26:00,11,6,0,2025-10-08,B021
R006_up_T003,R006_up,S051,2025-10-08 09:33:00,2025-10-08 09:36:00,18,6,3,2025-10-08,B021
R006_up_T003,R006_up,S047,2025-10-08 09:35:00,2025-10-08 09:38:00,7,9,-2,2025-10-08,B021
R006_up_T003,R006_up,S036,2025-10-08 09:45:00,2025-10-08 09:47:00,22,4,-1,2025-10-08,B021
R006_up_T003,R006_up,S046,2025-10-08 09:56:00,2025-10-08 09:57:00,19,9,4,2025-10-08,B021
R006_up_T003,R006_up,S032,2025-10-08 10:00:00,2025-10-08 10:02:00,10,4,4,2025-10-08,B021
R006_up_T003,R006_up,S028,2025-10-08 10:05:00,2025-10-08 10:06:00,20,10,4,2025-10-08,B021
R006_up_T003,R006_up,S041,2025-10-08 10:16:00,2025-10-08 10:17:00,15,6,8,2025-10-08,B021
R006_up_T003,R006_up,S044,2025-10-08 10:15:00,2025-10-08 10:17:00,10,1,2,2025-10-08,B021
R006_up_T004,R006_up,S011,2025-10-08 08:51:00,2025-10-08 08:52:00,21,1,-1,2025-10-08,B021
R006_up_T004,R006_up,S059,2025-10-08 08:59:00,2025-10-08 09:02:00,21,5,3,2025-10-08,B021
R006_up_T004,R006_up,S013,2025-10-08 09:07:00,2025-10-08 09:09:00,13,4,5,2025-10-08,B021
R006_up_T004,R006_up,S043,2025-10-08 09:06:00,2025-10-08 09:08:00,16,6,-1,2025-10-08,B021
R006_up_T004,R006_up,S060,2025-10-08 09:12:00,2025-10-08 09:15:00,18,6,-2,2025-10-08,B021
R006_up_T004,R006_up,S045,2025-10-08 09:19:00,2025-10-08 09:20:00,18,6,-2,2025-10-08,B021
R006_up_T004,R006_up,S007,2025-10-08 09:28:00,2025-10-08 09:31:00,22,7,3,2025-10-08,B021
R006_up_T004,R006_up,S039,2025-10-08 09:38:00,2025-10-08 09:41:00,19,6,6,2025-10-08,B021
R006_up_T004,R006_up,S042,2025-10-08 09:38:00,2025-10-08 09:41:00,11,6,-1,2025-10-08,B021
R006_up_T004,R006_up,S051,2025-10-08 09:44:00,2025-10-08 09:46:00,21,1,-1,2025-10-08,B021
R006_up_T004,R006_up,S047,2025-10-08 09:54:00,2025-10-08 09:55:00,9,3,1,2025-10-08,B021
R006_up_T004,R006_up,S036,2025-10-08 10:07:00,2025-10-08 10:08:00,21,12,8,2025-10-08,B021
R006_up_T004,R006_up,S046,2025-10-08 10:05:00,2025-10-08 10:06:00,13,10,1,2025-10-08,B021
R006_up_T004,R006_up,S032,2025-10-08 10:16:00,2025-10-08 10:18:00,14,1,6,2025-10-08,B021
R006_up_T004,R006_up,S028,2025-10-08 10:18:00,2025-10-08 10:20:00,13,8,1,2025-10-08,B021
R006_up_T004,R006_up,S041,2025-10-08 10:25:00,2025-10-08 10:27:00,7,8,1,2025-10-08,B021
R006_up_T004,R006_up,S044,2025-10-08 10:36:00,2025-10-08 10:39:00,5,2,5,2025-10-08,B021
R006_up_T005,R006_up,S011,2025-10-08 09:32:00,2025-10-08 09:33:00,9,5,5,2025-10-08,B008
R006_up_T005,R006_up,S059,2025-10-08 09:32:00,2025-10-08 09:33:00,11,8,0,2025-10-08,B008
R006_up_T005,R006_up,S013,2025-10-08 09:46:00,2025-10-08 09:49:00,5,6,7,2025-10-08,B008
R006_up_T005,R006_up,S043,2025-10-08 09:48:00,2025-10-08 09:50:00,14,5,3,2025-10-08,B008
R006_up_T005,R006_up,S060,2025-10-08 09:54:00,2025-10-08 09:57:00,6,4,3,2025-10-08,B008
R006_up_T005,R006_up,S045,2025-10-08 09:56:00,2025-10-08 09:57:00,8,9,-2,2025-10-08,B008
R006_up_T005,R006_up,S007,2025-10-08 10:02:00,2025-10-08 10:04:00,22,8,-2,2025-10-08,B008
R006_up_T005,R006_up,S039,2025-10-08 10:12:00,2025-10-08 10:13:00,12,10,1,2025-10-08,B008
R006_up_T005,R006_up,S042,2025-10-08 10:21:00,2025-10-08 10:24:00,4,8,3,2025-10-08,B008
R006_up_T005,R006_up,S051,2025-10-08 10:26:00,2025-10-08 10:28:00,16,2,0,2025-10-08,B008
R006_up_T005,R006_up,S047,2025-10-08 10:38:00,2025-10-08 10:40:00,14,4,4,2025-10-08,B008
R006_up_T005,R006_up,S036,2025-10-08 10:43:00,2025-10-08 10:44:00,14,4,2,2025-10-08,B008
R006_up_T005,R006_up,S046,2025-10-08 10:51:00,2025-10-08 10:52:00,12,4,6,2025-10-08,B008
R006_up_T005,R006_up,S032,2025-10-08 10:53:00,2025-10-08 10:54:00,15,6,1,2025-10-08,B008
R006_up_T005,R006_up,S028,2025-10-08 10:57:00,2025-10-08 11:00:00,12,5,0,2025-10-08,B008
R006_up_T005,R006_up,S041,2025-10-08 11:12:00,2025-10-08 11:14:00,8,5,6,2025-10-08,B008
R006_up_T005,R006_up,S044,2025-10-08 11:20:00,2025-10-08 11:21:00,8,5,8,2025-10-08,B008
R006_up_T006,R006_up,S011,2025-10-08 09:54:00,2025-10-08 09:56:00,12,2,7,2025-10-08,B011
R006_up_T006,R006_up,S059,2025-10-08 10:02:00,2025-10-08 10:03:00,12,9,8,2025-10-08,B011
R006_up_T006,R006_up,S013,2025-10-08 10:02:00,2025-10-08 10:03:00,16,7,2,2025-10-08,B011
R006_up_T006,R006_up,S043,2025-10-08 10:14:00,2025-10-08 10:15:00,7,11,7,2025-10-08,B011
R006_up_T006,R006_up,S060,2025-10-08 10:18:00,2025-10-08 10:20:00,9,4,7,2025-10-08,B011
R006_up_T006,R006_up,S045,2025-10-08 10:23:00,2025-10-08 10:26:00,13,9,6,2025-10-08,B011
R006_up_T006,R006_up,S007,2025-10-08 10:28:00,2025-10-08 10:31:00,15,1,5,2025-10-08,B011
R006_up_T006,R006_up,S039,2025-10-08 10:29:00,2025-10-08 10:31:00,11,5,-1,2025-10-08,B011
R006_up_T006,R006_up,S042,2025-10-08 10:38:00,2025-10-08 10:40:00,5,4,1,2025-10-08,B011
R006_up_T006,R006_up,S051,2025-10-08 10:50:00,2025-10-08 10:52:00,15,8,7,2025-10-08,B011
R006_up_T006,R006_up,S047,2025-10-08 10:55:00,2025-10-08 10:58:00,16,3,5,2025-10-08,B011
R006_up_T006,R006_up,S036,2025-10-08 11:00:00,2025-10-08 11:01:00,11,7,3,2025-10-08,B011
R006_up_T006,R006_up,S046,2025-10-08 11:03:00,2025-10-08 11:05:00,9,7,0,2025-10-08,B011
R006_up_T006,R006_up,S032,2025-10-08 11:08:00,2025-10-08 11:11:00,12,9,-1,2025-10-08,B011
R006_up_T006,R006_up,S028,2025-10-08 11:24:00,2025-10-08 11:26:00,13,4,8,2025-10-08,B011
R006_up_T006,R006_up,S041,2025-10-08 11:22:00,2025-10-08 11:25:00,5,4,-2,2025-10-08,B011
R006_up_T006,R006_up,S044,2025-10-08 11:31:00,2025-10-08 11:32:00,7,6,1,2025-10-08,B011
R006_up_T007,R006_up,S011,2025-10-08 10:34:00,2025-10-08 10:36:00,15,5,6,2025-10-08,B007
R006_up_T007,R006_up,S059,2025-10-08 10:37:00,2025-10-08 10:38:00,18,7,3,2025-10-08,B007
R006_up_T007,R006_up,S013,2025-10-08 10:44:00,2025-10-08 10:46:00,18,7,3,2025-10-08,B007
R006_up_T007,R006_up,S043,2025-10-08 10:52:00,2025-10-08 10:55:00,15,8,3,2025-10-08,B007
R006_up_T007,R006_up,S060,2025-10-08 11:01:00,2025-10-08 11:02:00,23,5,3,2025-10-08,B007
R006_up_T007,R006_up,S045,2025-10-08 11:04:00,2025-10-08 11:07:00,2,10,0,2025-10-08,B007
R006_up_T007,R006_up,S007,2025-10-08 11:15:00,2025-10-08 11:18:00,11,0,3,2025-10-08,B007
R006_up_T007,R006_up,S039,2025-10-08 11:21:00,2025-10-08 11:24:00,9,5,1,2025-10-08,B007
R006_up_T007,R006_up,S042,2025-10-08 11:30:00,2025-10-08 11:31:00,4,7,2,2025-10-08,B007
R006_up_T007,R006_up,S051,2025-10-08 11:38:00,2025-10-08 11:41:00,6,4,4,2025-10-08,B007
R006_up_T007,R006_up,S047,2025-10-08 11:46:00,2025-10-08 11:48:00,7,6,5,2025-10-08,B007
R006_up_T007,R006_up,S036,2025-10-08 11:52:00,2025-10-08 11:54:00,7,10,5,2025-10-08,B007
R006_up_T007,R006_up,S046,2025-10-08 12:02:00,2025-10-08 12:04:00,8,1,7,2025-10-08,B007
R006_up_T007,R006_up,S032,2025-10-08 12:04:00,2025-10-08 12:06:00,8,7,3,2025-10-08,B007
R006_up_T007,R006_up,S028,2025-10-08 12:04:00,2025-10-08 12:07:00,7,11,-2,2025-10-08,B007
R006_up_T007,R006_up,S041,2025-10-08 12:15:00,2025-10-08 12:16:00,5,4,3,2025-10-08,B007
R006_up_T007,R006_up,S044,2025-10-08 12:26:00,2025-10-08 12:27:00,4,9,7,2025-10-08,B007
R006_up_T008,R006_up,S011,2025-10-08 11:46:00,2025-10-08 11:49:00,7,4,2,2025-10-08,B013
R006_up_T008,R006_up,S059,2025-10-08 11:58:00,2025-10-08 12:01:00,3,7,8,2025-10-08,B013
R006_up_T008,R006_up,S013,2025-10-08 12:01:00,2025-10-08 12:03:00,11,2,5,2025-10-08,B013
R006_up_T008,R006_up,S043,2025-10-08 12:07:00,2025-10-08 12:08:00,10,5,4,2025-10-08,B013
R006_up_T008,R006_up,S060,2025-10-08 12:14:00,2025-10-08 12:15:00,8,0,4,2025-10-08,B013
R006_up_T008,R006_up,S045,2025-10-08 12:22:00,2025-10-08 12:23:00,8,1,5,2025-10-08,B013
R006_up_T008,R006_up,S007,2025-10-08 12:26:00,2025-10-08 12:28:00,7,9,2,2025-10-08,B013
R006_up_T008,R006_up,S039,2025-10-08 12:33:00,2025-10-08 12:36:00,2,8,4,2025-10-08,B013
R006_up_T008,R006_up,S042,2025-10-08 12:39:00,2025-10-08 12:42:00,14,3,4,2025-10-08,B013
R006_up_T008,R006_up,S051,2025-10-08 12:46:00,2025-10-08 12:49:00,9,6,2,2025-10-08,B013
R006_up_T008,R006_up,S047,2025-10-08 12:55:00,2025-10-08 12:56:00,8,8,4,2025-10-08,B013
R006_up_T008,R006_up,S036,2025-10-08 12:58:00,2025-10-08 13:01:00,6,6,2,2025-10-08,B013
R006_up_T008,R006_up,S046,2025-10-08 13:07:00,2025-10-08 13:09:00,7,6,4,2025-10-08,B013
R006_up_T008,R006_up,S032,2025-10-08 13:17:00,2025-10-08 13:19:00,9,4,7,2025-10-08,B013
R006_up_T008,R006_up,S028,2025-10-08 13:26:00,2025-10-08 13:27:00,9,13,8,2025-10-08,B013
R006_up_T008,R006_up,S041,2025-10-08 13:23:00,2025-10-08 13:25:00,7,8,0,2025-10-08,B013
R006_up_T008,R006_up,S044,2025-10-08 13:34:00,2025-10-08 13:35:00,12,2,6,2025-10-08,B013
R006_up_T009,R006_up,S011,2025-10-08 12:17:00,2025-10-08 12:19:00,8,6,1,2025-10-08,B023
R006_up_T009,R006_up,S059,2025-10-08 12:28:00,2025-10-08 12:30:00,12,0,5,2025-10-08,B023
R006_up_T009,R006_up,S013,2025-10-08 12:39:00,2025-10-08 12:41:00,1,9,8,2025-10-08,B023
R006_up_T009,R006_up,S043,2025-10-08 12:42:00,2025-10-08 12:45:00,10,0,5,2025-10-08,B023
R006_up_T009,R006_up,S060,2025-10-08 12:42:00,2025-10-08 12:45:00,3,9,-2,2025-10-08,B023
R006_up_T009,R006_up,S045,2025-10-08 12:51:00,2025-10-08 12:54:00,12,10,-1,2025-10-08,B023
R006_up_T009,R006_up,S007,2025-10-08 13:01:00,2025-10-08 13:02:00,10,11,0,2025-10-08,B023
R006_up_T009,R006_up,S039,2025-10-08 13:03:00,2025-10-08 13:05:00,4,11,-2,2025-10-08,B023
R006_up_T009,R006_up,S042,2025-10-08 13:10:00,2025-10-08 13:12:00,11,7,0,2025-10-08,B023
R006_up_T009,R006_up,S051,2025-10-08 13:23:00,2025-10-08 13:24:00,13,3,8,2025-10-08,B023
R006_up_T009,R006_up,S047,2025-10-08 13:23:00,2025-10-08 13:26:00,6,5,1,2025-10-08,B023
R006_up_T009,R006_up,S036,2025-10-08 13:28:00,2025-10-08 13:30:00,6,7,-1,2025-10-08,B023
R006_up_T009,R006_up,S046,2025-10-08 13:34:00,2025-10-08 13:35:00,10,6,0,2025-10-08,B023
R006_up_T009,R006_up,S032,2025-10-08 13:47:00,2025-10-08 13:50:00,8,8,7,2025-10-08,B023
R006_up_T009,R006_up,S028,2025-10-08 13:55:00,2025-10-08 13:56:00,7,10,7,2025-10-08,B023
R006_up_T009,R006_up,S041,2025-10-08 13:50:00,2025-10-08 13:53:00,17,0,-2,2025-10-08,B023
R006_up_T009,R006_up,S044,2025-10-08 14:06:00,2025-10-08 14:09:00,13,5,7,2025-10-08,B023
R006_up_T010,R006_up,S011,2025-10-08 14:00:00,2025-10-08 14:01:00,9,0,5,2025-10-08,B022
R006_up_T010,R006_up,S059,2025-10-08 14:02:00,2025-10-08 14:03:00,9,5,0,2025-10-08,B022
R006_up_T010,R006_up,S013,2025-10-08 14:13:00,2025-10-08 14:14:00,8,5,6,2025-10-08,B022
R006_up_T010,R006_up,S043,2025-10-08 14:17:00,2025-10-08 14:20:00,7,6,5,2025-10-08,B022
R006_up_T010,R006_up,S060,2025-10-08 14:22:00,2025-10-08 14:24:00,7,3,1,2025-10-08,B022
R006_up_T010,R006_up,S045,2025-10-08 14:31:00,2025-10-08 14:32:00,11,7,3,2025-10-08,B022
R006_up_T010,R006_up,S007,2025-10-08 14:37:00,2025-10-08 14:38:00,7,4,4,2025-10-08,B022
R006_up_T010,R006_up,S039,2025-10-08 14:47:00,2025-10-08 14:48:00,6,8,8,2025-10-08,B022
R006_up_T010,R006_up,S042,2025-10-08 14:44:00,2025-10-08 14:45:00,4,1,-2,2025-10-08,B022
R006_up_T010,R006_up,S051,2025-10-08 14:58:00,2025-10-08 14:59:00,7,13,7,2025-10-08,B022
R006_up_T010,R006_up,S047,2025-10-08 15:06:00,2025-10-08 15:08:00,10,9,8,2025-10-08,B022
R006_up_T010,R006_up,S036,2025-10-08 15:05:00,2025-10-08 15:07:00,2,10,-1,2025-10-08,B022
R006_up_T010,R006_up,S046,2025-10-08 15:20:00,2025-10-08 15:23:00,5,2,8,2025-10-08,B022
R006_up_T010,R006_up,S032,2025-10-08 15:18:00,2025-10-08 15:19:00,9,7,-2,2025-10-08,B022
R006_up_T010,R006_up,S028,2025-10-08 15:29:00,2025-10-08 15:30:00,7,4,4,2025-10-08,B022
R006_up_T010,R006_up,S041,2025-10-08 15:40:00,2025-10-08 15:42:00,6,10,8,2025-10-08,B022
R006_up_T010,R006_up,S044,2025-10-08 15:45:00,2025-10-08 15:48:00,6,6,7,2025-10-08,B022
R006_up_T011,R006_up,S011,2025-10-08 17:35:00,2025-10-08 17:37:00,7,12,3,2025-10-08,B014
R006_up_T011,R006_up,S059,2025-10-08 17:38:00,2025-10-08 17:39:00,5,4,-1,2025-10-08,B014
R006_up_T011,R006_up,S013,2025-10-08 17:44:00,2025-10-08 17:45:00,8,12,-1,2025-10-08,B014
R006_up_T011,R006_up,S043,2025-10-08 17:56:00,2025-10-08 17:58:00,6,16,4,2025-10-08,B014
R006_up_T011,R006_up,S060,2025-10-08 18:03:00,2025-10-08 18:05:00,13,9,3,2025-10-08,B014
R006_up_T011,R006_up,S045,2025-10-08 18:11:00,2025-10-08 18:12:00,7,14,6,2025-10-08,B014
R006_up_T011,R006_up,S007,2025-10-08 18:15:00,2025-10-08 18:17:00,4,13,6,2025-10-08,B014
R006_up_T011,R006_up,S039,2025-10-08 18:17:00,2025-10-08 18:18:00,3,15,2,2025-10-08,B014
R006_up_T011,R006_up,S042,2025-10-08 18:22:00,2025-10-08 18:24:00,9,21,0,2025-10-08,B014
R006_up_T011,R006_up,S051,2025-10-08 18:34:00,2025-10-08 18:37:00,5,23,7,2025-10-08,B014
R006_up_T011,R006_up,S047,2025-10-08 18:41:00,2025-10-08 18:43:00,2,6,7,2025-10-08,B014
R006_up_T011,R006_up,S036,2025-10-08 18:43:00,2025-10-08 18:45:00,5,5,3,2025-10-08,B014
R006_up_T011,R006_up,S046,2025-10-08 18:49:00,2025-10-08 18:51:00,8,16,3,2025-10-08,B014
R006_up_T011,R006_up,S032,2025-10-08 19:01:00,2025-10-08 19:04:00,6,8,7,2025-10-08,B014
R006_up_T011,R006_up,S028,2025-10-08 19:01:00,2025-10-08 19:03:00,5,9,-1,2025-10-08,B014
R006_up_T011,R006_up,S041,2025-10-08 19:09:00,2025-10-08 19:11:00,7,16,1,2025-10-08,B014
R006_up_T011,R006_up,S044,2025-10-08 19:20:00,2025-10-08 19:21:00,4,10,5,2025-10-08,B014
R006_up_T012,R006_up,S011,2025-10-08 18:18:00,2025-10-08 18:20:00,1,13,3,2025-10-08,B023
R006_up_T012,R006_up,S059,2025-10-08 18:25:00,2025-10-08 18:28:00,3,17,3,2025-10-08,B023
R006_up_T012,R006_up,S013,2025-10-08 18:36:00,2025-10-08 18:39:00,4,20,8,2025-10-08,B023
R006_up_T012,R006_up,S043,2025-10-08 18:33:00,2025-10-08 18:35:00,2,12,-2,2025-10-08,B023
R006_up_T012,R006_up,S060,2025-10-08 18:43:00,2025-10-08 18:46:00,7,18,3,2025-10-08,B023
R006_up_T012,R006_up,S045,2025-10-08 18:46:00,2025-10-08 18:47:00,3,11,-2,2025-10-08,B023
R006_up_T012,R006_up,S007,2025-10-08 19:03:00,2025-10-08 19:05:00,4,14,8,2025-10-08,B023
R006_up_T012,R006_up,S039,2025-10-08 19:02:00,2025-10-08 19:04:00,8,11,2,2025-10-08,B023
R006_up_T012,R006_up,S042,2025-10-08 19:11:00,2025-10-08 19:12:00,5,6,4,2025-10-08,B023
R006_up_T012,R006_up,S051,2025-10-08 19:19:00,2025-10-08 19:22:00,4,17,6,2025-10-08,B023
R006_up_T012,R006_up,S047,2025-10-08 19:23:00,2025-10-08 19:26:00,4,17,1,2025-10-08,B023
R006_up_T012,R006_up,S036,2025-10-08 19:33:00,2025-10-08 19:34:00,4,15,4,2025-10-08,B023
R006_up_T012,R006_up,S046,2025-10-08 19:36:00,2025-10-08 19:38:00,5,19,1,2025-10-08,B023
R006_up_T012,R006_up,S032,2025-10-08 19:50:00,2025-10-08 19:53:00,2,22,8,2025-10-08,B023
R006_up_T012,R006_up,S028,2025-10-08 19:51:00,2025-10-08 19:53:00,2,20,1,2025-10-08,B023
R006_up_T012,R006_up,S041,2025-10-08 20:01:00,2025-10-08 20:02:00,0,12,5,2025-10-08,B023
R006_up_T012,R006_up,S044,2025-10-08 20:05:00,2025-10-08 20:06:00,6,9,4,2025-10-08,B023
R006_up_T013,R006_up,S011,2025-10-08 19:01:00,2025-10-08 19:02:00,8,15,-2,2025-10-08,B020
R006_up_T013,R006_up,S059,2025-10-08 19:12:00,2025-10-08 19:13:00,4,4,4,2025-10-08,B020
R006_up_T013,R006_up,S013,2025-10-08 19:15:00,2025-10-08 19:16:00,7,20,0,2025-10-08,B020
R006_up_T013,R006_up,S043,2025-10-08 19:29:00,2025-10-08 19:30:00,0,17,8,2025-10-08,B020
R006_up_T013,R006_up,S060,2025-10-08 19:25:00,2025-10-08 19:26:00,8,15,0,2025-10-08,B020
R006_up_T013,R006_up,S045,2025-10-08 19:34:00,2025-10-08 19:37:00,6,13,3,2025-10-08,B020
R006_up_T013,R006_up,S007,2025-10-08 19:39:00,2025-10-08 19:41:00,7,16,1,2025-10-08,B020
R006_up_T013,R006_up,S039,2025-10-08 19:43:00,2025-10-08 19:45:00,4,13,-2,2025-10-08,B020
R006_up_T013,R006_up,S042,2025-10-08 19:51:00,2025-10-08 19:52:00,4,12,1,2025-10-08,B020
R006_up_T013,R006_up,S051,2025-10-08 19:55:00,2025-10-08 19:56:00,5,17,0,2025-10-08,B020
R006_up_T013,R006_up,S047,2025-10-08 20:05:00,2025-10-08 20:06:00,9,6,4,2025-10-08,B020
R006_up_T013,R006_up,S036,2025-10-08 20:14:00,2025-10-08 20:17:00,4,14,8,2025-10-08,B020
R006_up_T013,R006_up,S046,2025-10-08 20:12:00,2025-10-08 20:13:00,4,11,-2,2025-10-08,B020
R006_up_T013,R006_up,S032,2025-10-08 20:23:00,2025-10-08 20:25:00,9,18,4,2025-10-08,B020
R006_up_T013,R006_up,S028,2025-10-08 20:26:00,2025-10-08 20:29:00,11,21,2,2025-10-08,B020
R006_up_T013,R006_up,S041,2025-10-08 20:33:00,2025-10-08 20:35:00,10,18,0,2025-10-08,B020
R006_up_T013,R006_up,S044,2025-10-08 20:44:00,2025-10-08 20:47:00,0,9,3,2025-10-08,B020
R006_up_T014,R006_up,S011,2025-10-08 19:45:00,2025-10-08 19:48:00,7,11,5,2025-10-08,B009
R006_up_T014,R006_up,S059,2025-10-08 19:54:00,2025-10-08 19:57:00,2,16,5,2025-10-08,B009
R006_up_T014,R006_up,S013,2025-10-08 20:02:00,2025-10-08 20:04:00,6,4,6,2025-10-08,B009
R006_up_T014,R006_up,S043,2025-10-08 20:02:00,2025-10-08 20:03:00,13,15,1,2025-10-08,B009
R006_up_T014,R006_up,S060,2025-10-08 20:09:00,2025-10-08 20:11:00,10,10,1,2025-10-08,B009
R006_up_T014,R006_up,S045,2025-10-08 20:12:00,2025-10-08 20:15:00,3,8,-2,2025-10-08,B009
R006_up_T014,R006_up,S007,2025-10-08 20:26:00,2025-10-08 20:27:00,10,8,6,2025-10-08,B009
R006_up_T014,R006_up,S039,2025-10-08 20:25:00,2025-10-08 20:27:00,8,16,-1,2025-10-08,B009
R006_up_T014,R006_up,S042,2025-10-08 20:32:00,2025-10-08 20:35:00,6,15,-2,2025-10-08,B009
R006_up_T014,R006_up,S051,2025-10-08 20:47:00,2025-10-08 20:49:00,1,14,7,2025-10-08,B009
R006_up_T014,R006_up,S047,2025-10-08 20:52:00,2025-10-08 20:53:00,7,5,4,2025-10-08,B009
R006_up_T014,R006_up,S036,2025-10-08 20:56:00,2025-10-08 20:57:00,4,2,3,2025-10-08,B009
R006_up_T014,R006_up,S046,2025-10-08 21:06:00,2025-10-08 21:08:00,4,13,6,2025-10-08,B009
R006_up_T014,R006_up,S032,2025-10-08 21:13:00,2025-10-08 21:15:00,6,20,8,2025-10-08,B009
R006_up_T014,R006_up,S028,2025-10-08 21:21:00,2025-10-08 21:24:00,5,6,8,2025-10-08,B009
R006_up_T014,R006_up,S041,2025-10-08 21:21:00,2025-10-08 21:24:00,10,16,0,2025-10-08,B009
R006_up_T014,R006_up,S044,2025-10-08 21:28:00,2025-10-08 21:29:00,7,13,1,2025-10-08,B009
R006_up_T015,R006_up,S011,2025-10-08 20:46:00,2025-10-08 20:47:00,10,16,7,2025-10-08,B018
R006_up_T015,R006_up,S059,2025-10-08 20:48:00,2025-10-08 20:49:00,7,13,3,2025-10-08,B018
R006_up_T015,R006_up,S013,2025-10-08 20:49:00,2025-10-08 20:50:00,6,14,-2,2025-10-08,B018
R006_up_T015,R006_up,S043,2025-10-08 21:00:00,2025-10-08 21:01:00,2,19,2,2025-10-08,B018
R006_up_T015,R006_up,S060,2025-10-08 21:10:00,2025-10-08 21:12:00,6,18,6,2025-10-08,B018
R006_up_T015,R006_up,S045,2025-10-08 21:13:00,2025-10-08 21:15:00,6,11,3,2025-10-08,B018
R006_up_T015,R006_up,S007,2025-10-08 21:22:00,2025-10-08 21:24:00,5,14,4,2025-10-08,B018
R006_up_T015,R006_up,S039,2025-10-08 21:30:00,2025-10-08 21:31:00,6,15,5,2025-10-08,B018
R006_up_T015,R006_up,S042,2025-10-08 21:40:00,2025-10-08 21:43:00,3,19,8,2025-10-08,B018
R006_up_T015,R006_up,S051,2025-10-08 21:44:00,2025-10-08 21:47:00,6,17,5,2025-10-08,B018
R006_up_T015,R006_up,S047,2025-10-08 21:54:00,2025-10-08 21:55:00,4,30,7,2025-10-08,B018
R006_up_T015,R006_up,S036,2025-10-08 22:01:00,2025-10-08 22:04:00,8,19,8,2025-10-08,B018
R006_up_T015,R006_up,S046,2025-10-08 21:58:00,2025-10-08 21:59:00,3,19,-2,2025-10-08,B018
R006_up_T015,R006_up,S032,2025-10-08 22:11:00,2025-10-08 22:13:00,6,24,5,2025-10-08,B018
R006_up_T015,R006_up,S028,2025-10-08 22:10:00,2025-10-08 22:13:00,9,8,-1,2025-10-08,B018
R006_up_T015,R006_up,S041,2025-10-08 22:17:00,2025-10-08 22:19:00,2,12,0,2025-10-08,B018
R006_up_T015,R006_up,S044,2025-10-08 22:25:00,2025-10-08 22:26:00,4,21,3,2025-10-08,B018
R006_up_T016,R006_up,S011,2025-10-08 22:42:00,2025-10-08 22:45:00,7,17,3,2025-10-08,B004
R006_up_T016,R006_up,S059,2025-10-08 22:50:00,2025-10-08 22:52:00,4,10,2,2025-10-08,B004
R006_up_T016,R006_up,S013,2025-10-08 22:55:00,2025-10-08 22:56:00,7,19,0,2025-10-08,B004
R006_up_T016,R006_up,S043,2025-10-08 23:00:00,2025-10-08 23:02:00,3,7,-2,2025-10-08,B004
R006_up_T016,R006_up,S060,2025-10-08 23:10:00,2025-10-08 23:12:00,5,2,3,2025-10-08,B004
R006_up_T016,R006_up,S045,2025-10-08 23:18:00,2025-10-08 23:20:00,7,2,6,2025-10-08,B004
R006_up_T016,R006_up,S007,2025-10-08 23:27:00,2025-10-08 23:29:00,12,5,7,2025-10-08,B004
R006_up_T016,R006_up,S039,2025-10-08 23:25:00,2025-10-08 23:28:00,9,8,-1,2025-10-08,B004
R006_up_T016,R006_up,S042,2025-10-08 23:36:00,2025-10-08 23:39:00,8,6,3,2025-10-08,B004
R006_up_T016,R006_up,S051,2025-10-08 23:46:00,2025-10-08 23:49:00,6,5,7,2025-10-08,B004
R006_up_T016,R006_up,S047,2025-10-08 23:51:00,2025-10-08 23:52:00,7,10,6,2025-10-08,B004
R006_up_T016,R006_up,S036,2025-10-08 23:55:00,2025-10-08 23:58:00,12,6,4,2025-10-08,B004
R006_up_T016,R006_up,S046,2025-10-09 00:03:00,2025-10-09 00:06:00,3,4,3,2025-10-08,B004
R006_up_T016,R006_up,S032,2025-10-09 00:07:00,2025-10-09 00:08:00,12,2,-1,2025-10-08,B004
R006_up_T016,R006_up,S028,2025-10-09 00:12:00,2025-10-09 00:13:00,5,4,0,2025-10-08,B004
R006_up_T016,R006_up,S041,2025-10-09 00:22:00,2025-10-09 00:23:00,8,6,4,2025-10-08,B004
R006_up_T016,R006_up,S044,2025-10-09 00:22:00,2025-10-09 00:23:00,6,4,0,2025-10-08,B004
R006_up_T017,R006_up,S011,2025-10-08 22:58:00,2025-10-08 23:01:00,0,9,0,2025-10-08,B021
R006_up_T017,R006_up,S059,2025-10-08 23:10:00,2025-10-08 23:11:00,11,8,3,2025-10-08,B021
R006_up_T017,R006_up,S013,2025-10-08 23:18:00,2025-10-08 23:19:00,11,4,4,2025-10-08,B021
R006_up_T017,R006_up,S043,2025-10-08 23:23:00,2025-10-08 23:24:00,6,0,4,2025-10-08,B021
R006_up_T017,R006_up,S060,2025-10-08 23:22:00,2025-10-08 23:25:00,3,8,-1,2025-10-08,B021
R006_up_T017,R006_up,S045,2025-10-08 23:39:00,2025-10-08 23:41:00,7,4,7,2025-10-08,B021
R006_up_T017,R006_up,S007,2025-10-08 23:44:00,2025-10-08 23:46:00,1,8,5,2025-10-08,B021
R006_up_T017,R006_up,S039,2025-10-08 23:52:00,2025-10-08 23:55:00,9,11,5,2025-10-08,B021
R006_up_T017,R006_up,S042,2025-10-08 23:58:00,2025-10-09 00:00:00,10,4,2,2025-10-08,B021
R006_up_T017,R006_up,S051,2025-10-09 00:04:00,2025-10-09 00:05:00,8,2,0,2025-10-08,B021
R006_up_T017,R006_up,S047,2025-10-09 00:10:00,2025-10-09 00:12:00,8,3,1,2025-10-08,B021
R006_up_T017,R006_up,S036,2025-10-09 00:12:00,2025-10-09 00:13:00,5,11,-2,2025-10-08,B021
R006_up_T017,R006_up,S046,2025-10-09 00:28:00,2025-10-09 00:31:00,6,4,8,2025-10-08,B021
R006_up_T017,R006_up,S032,2025-10-09 00:35:00,2025-10-09 00:38:00,5,8,6,2025-10-08,B021
R006_up_T017,R006_up,S028,2025-10-09 00:38:00,2025-10-09 00:39:00,9,4,2,2025-10-08,B021
R006_up_T017,R006_up,S041,2025-10-09 00:41:00,2025-10-09 00:42:00,9,3,0,2025-10-08,B021
R006_up_T017,R006_up,S044,2025-10-09 00:48:00,2025-10-09 00:49:00,8,7,3,2025-10-08,B021
R006_down_T001,R006_down,S044,2025-10-08 08:03:00,2025-10-08 08:05:00,5,15,7,2025-10-08,B004
R006_down_T001,R006_down,S041,2025-10-08 08:07:00,2025-10-08 08:10:00,10,10,3,2025-10-08,B004
R006_down_T001,R006_down,S028,2025-10-08 08:20:00,2025-10-08 08:22:00,5,10,7,2025-10-08,B004
R006_down_T001,R006_down,S032,2025-10-08 08:26:00,2025-10-08 08:29:00,2,14,6,2025-10-08,B004
R006_down_T001,R006_down,S046,2025-10-08 08:32:00,2025-10-08 08:35:00,8,13,5,2025-10-08,B004
R006_down_T001,R006_down,S036,2025-10-08 08:42:00,2025-10-08 08:43:00,6,7,6,2025-10-08,B004
R006_down_T001,R006_down,S047,2025-10-08 08:39:00,2025-10-08 08:40:00,12,18,-2,2025-10-08,B004
R006_down_T001,R006_down,S051,2025-10-08 08:51:00,2025-10-08 08:54:00,7,14,4,2025-10-08,B004
R006_down_T001,R006_down,S042,2025-10-08 08:57:00,2025-10-08 09:00:00,9,14,3,2025-10-08,B004
R006_down_T001,R006_down,S039,2025-10-08 09:10:00,2025-10-08 09:12:00,7,4,7,2025-10-08,B004
R006_down_T001,R006_down,S007,2025-10-08 09:14:00,2025-10-08 09:16:00,9,12,4,2025-10-08,B004
R006_down_T001,R006_down,S045,2025-10-08 09:18:00,2025-10-08 09:19:00,7,25,2,2025-10-08,B004
R006_down_T001,R006_down,S060,2025-10-08 09:20:00,2025-10-08 09:21:00,9,12,-1,2025-10-08,B004
R006_down_T001,R006_down,S043,2025-10-08 09:24:00,2025-10-08 09:25:00,4,10,-1,2025-10-08,B004
R006_down_T001,R006_down,S013,2025-10-08 09:30:00,2025-10-08 09:31:00,10,18,0,2025-10-08,B004
R006_down_T001,R006_down,S059,2025-10-08 09:34:00,2025-10-08 09:35:00,4,16,-2,2025-10-08,B004
R006_down_T001,R006_down,S011,2025-10-08 09:41:00,2025-10-08 09:44:00,8,16,-1,2025-10-08,B004
R006_down_T002,R006_down,S044,2025-10-08 08:11:00,2025-10-08 08:14:00,6,17,0,2025-10-08,B003
R006_down_T002,R006_down,S041,2025-10-08 08:20:00,2025-10-08 08:21:00,6,20,1,2025-10-08,B003
R006_down_T002,R006_down,S028,2025-10-08 08:26:00,2025-10-08 08:28:00,3,14,0,2025-10-08,B003
R006_down_T002,R006_down,S032,2025-10-08 08:40:00,2025-10-08 08:42:00,6,16,8,2025-10-08,B003
R006_down_T002,R006_down,S046,2025-10-08 08:44:00,2025-10-08 08:46:00,3,20,5,2025-10-08,B003
R006_down_T002,R006_down,S036,2025-10-08 08:53:00,2025-10-08 08:55:00,8,14,7,2025-10-08,B003
R006_down_T002,R006_down,S047,2025-10-08 08:58:00,2025-10-08 09:01:00,0,15,7,2025-10-08,B003
R006_down_T002,R006_down,S051,2025-10-08 09:06:00,2025-10-08 09:07:00,3,13,8,2025-10-08,B003
R006_down_T002,R006_down,S042,2025-10-08 09:07:00,2025-10-08 09:10:00,8,10,5,2025-10-08,B003
R006_down_T002,R006_down,S039,2025-10-08 09:13:00,2025-10-08 09:16:00,8,14,3,2025-10-08,B003
R006_down_T002,R006_down,S007,2025-10-08 09:21:00,2025-10-08 09:24:00,8,13,2,2025-10-08,B003
R006_down_T002,R006_down,S045,2025-10-08 09:33:00,2025-10-08 09:36:00,12,11,7,2025-10-08,B003
R006_down_T002,R006_down,S060,2025-10-08 09:43:00,2025-10-08 09:45:00,4,11,8,2025-10-08,B003
R006_down_T002,R006_down,S043,2025-10-08 09:44:00,2025-10-08 09:45:00,7,8,1,2025-10-08,B003
R006_down_T002,R006_down,S013,2025-10-08 09:49:00,2025-10-08 09:50:00,8,15,2,2025-10-08,B003
R006_down_T002,R006_down,S059,2025-10-08 09:52:00,2025-10-08 09:55:00,7,12,0,2025-10-08,B003
R006_down_T002,R006_down,S011,2025-10-08 10:01:00,2025-10-08 10:04:00,3,19,2,2025-10-08,B003
R006_down_T003,R006_down,S044,2025-10-08 08:36:00,2025-10-08 08:38:00,8,25,7,2025-10-08,B006
R006_down_T003,R006_down,S041,2025-10-08 08:41:00,2025-10-08 08:44:00,10,19,4,2025-10-08,B006
R006_down_T003,R006_down,S028,2025-10-08 08:50:00,2025-10-08 08:51:00,7,18,5,2025-10-08,B006
R006_down_T003,R006_down,S032,2025-10-08 08:56:00,2025-10-08 08:57:00,5,14,6,2025-10-08,B006
R006_down_T003,R006_down,S046,2025-10-08 08:56:00,2025-10-08 08:59:00,6,13,2,2025-10-08,B006
R006_down_T003,R006_down,S036,2025-10-08 09:10:00,2025-10-08 09:11:00,2,15,8,2025-10-08,B006
R006_down_T003,R006_down,S047,2025-10-08 09:10:00,2025-10-08 09:11:00,8,8,2,2025-10-08,B006
R006_down_T003,R006_down,S051,2025-10-08 09:21:00,2025-10-08 09:24:00,9,8,7,2025-10-08,B006
R006_down_T003,R006_down,S042,2025-10-08 09:29:00,2025-10-08 09:30:00,1,16,6,2025-10-08,B006
R006_down_T003,R006_down,S039,2025-10-08 09:32:00,2025-10-08 09:35:00,3,3,3,2025-10-08,B006
R006_down_T003,R006_down,S007,2025-10-08 09:37:00,2025-10-08 09:38:00,2,13,1,2025-10-08,B006
R006_down_T003,R006_down,S045,2025-10-08 09:50:00,2025-10-08 09:52:00,7,18,7,2025-10-08,B006
R006_down_T003,R006_down,S060,2025-10-08 09:52:00,2025-10-08 09:54:00,3,8,4,2025-10-08,B006
R006_down_T003,R006_down,S043,2025-10-08 10:03:00,2025-10-08 10:05:00,5,15,7,2025-10-08,B006
R006_down_T003,R006_down,S013,2025-10-08 10:08:00,2025-10-08 10:11:00,7,15,7,2025-10-08,B006
R006_down_T003,R006_down,S059,2025-10-08 10:14:00,2025-10-08 10:17:00,0,11,6,2025-10-08,B006
R006_down_T003,R006_down,S011,2025-10-08 10:22:00,2025-10-08 10:25:00,5,16,6,2025-10-08,B006
R006_down_T004,R006_down,S044,2025-10-08 08:51:00,2025-10-08 08:52:00,11,1,5,2025-10-08,B021
R006_down_T004,R006_down,S041,2025-10-08 08:54:00,2025-10-08 08:56:00,8,8,2,2025-10-08,B021
R006_down_T004,R006_down,S028,2025-10-08 08:58:00,2025-10-08 09:00:00,1,17,0,2025-10-08,B021
R006_down_T004,R006_down,S032,2025-10-08 09:09:00,2025-10-08 09:11:00,7,9,5,2025-10-08,B021
R006_down_T004,R006_down,S046,2025-10-08 09:09:00,2025-10-08 09:11:00,5,15,-2,2025-10-08,B021
R006_down_T004,R006_down,S036,2025-10-08 09:24:00,2025-10-08 09:25:00,1,13,7,2025-10-08,B021
R006_down_T004,R006_down,S047,2025-10-08 09:24:00,2025-10-08 09:25:00,0,8,2,2025-10-08,B021
R006_down_T004,R006_down,S051,2025-10-08 09:29:00,2025-10-08 09:30:00,9,1,3,2025-10-08,B021
R006_down_T004,R006_down,S042,2025-10-08 09:34:00,2025-10-08 09:36:00,9,20,3,2025-10-08,B021
R006_down_T004,R006_down,S039,2025-10-08 09:44:00,2025-10-08 09:45:00,8,7,8,2025-10-08,B021
R006_down_T004,R006_down,S007,2025-10-08 09:48:00,2025-10-08 09:50:00,11,14,6,2025-10-08,B021
R006_down_T004,R006_down,S045,2025-10-08 09:46:00,2025-10-08 09:49:00,9,6,-2,2025-10-08,B021
R006_down_T004,R006_down,S060,2025-10-08 09:57:00,2025-10-08 09:58:00,0,15,3,2025-10-08,B021
R006_down_T004,R006_down,S043,2025-10-08 10:04:00,2025-10-08 10:05:00,4,16,3,2025-10-08,B021
R006_down_T004,R006_down,S013,2025-10-08 10:07:00,2025-10-08 10:09:00,9,11,1,2025-10-08,B021
R006_down_T004,R006_down,S059,2025-10-08 10:16:00,2025-10-08 10:17:00,5,13,5,2025-10-08,B021
R006_down_T004,R006_down,S011,2025-10-08 10:17:00,2025-10-08 10:18:00,6,16,2,2025-10-08,B021
R006_down_T005,R006_down,S044,2025-10-08 09:42:00,2025-10-08 09:43:00,0,6,-2,2025-10-08,B011
R006_down_T005,R006_down,S041,2025-10-08 09:54:00,2025-10-08 09:57:00,5,11,4,2025-10-08,B011
R006_down_T005,R006_down,S028,2025-10-08 10:07:00,2025-10-08 10:09:00,11,19,8,2025-10-08,B011
R006_down_T005,R006_down,S032,2025-10-08 10:09:00,2025-10-08 10:10:00,4,12,5,2025-10-08,B011
R006_down_T005,R006_down,S046,2025-10-08 10:13:00,2025-10-08 10:15:00,9,26,2,2025-10-08,B011
R006_down_T005,R006_down,S036,2025-10-08 10:23:00,2025-10-08 10:25:00,6,13,4,2025-10-08,B011
R006_down_T005,R006_down,S047,2025-10-08 10:23:00,2025-10-08 10:25:00,4,19,-2,2025-10-08,B011
R006_down_T005,R006_down,S051,2025-10-08 10:40:00,2025-10-08 10:41:00,5,13,7,2025-10-08,B011
R006_down_T005,R006_down,S042,2025-10-08 10:36:00,2025-10-08 10:39:00,4,13,-2,2025-10-08,B011
R006_down_T005,R006_down,S039,2025-10-08 10:53:00,2025-10-08 10:56:00,8,20,8,2025-10-08,B011
R006_down_T005,R006_down,S007,2025-10-08 10:58:00,2025-10-08 10:59:00,9,16,7,2025-10-08,B011
R006_down_T005,R006_down,S045,2025-10-08 11:01:00,2025-10-08 11:04:00,11,7,3,2025-10-08,B011
R006_down_T005,R006_down,S060,2025-10-08 11:04:00,2025-10-08 11:05:00,6,7,-2,2025-10-08,B011
R006_down_T005,R006_down,S043,2025-10-08 11:12:00,2025-10-08 11:15:00,17,4,-1,2025-10-08,B011
R006_down_T005,R006_down,S013,2025-10-08 11:26:00,2025-10-08 11:29:00,9,5,5,2025-10-08,B011
R006_down_T005,R006_down,S059,2025-10-08 11:35:00,2025-10-08 11:37:00,1,6,8,2025-10-08,B011
R006_down_T005,R006_down,S011,2025-10-08 11:31:00,2025-10-08 11:32:00,7,2,-1,2025-10-08,B011
R006_down_T006,R006_down,S044,2025-10-08 10:13:00,2025-10-08 10:15:00,8,16,7,2025-10-08,B001
R006_down_T006,R006_down,S041,2025-10-08 10:21:00,2025-10-08 10:23:00,5,12,8,2025-10-08,B001
R006_down_T006,R006_down,S028,2025-10-08 10:22:00,2025-10-08 10:25:00,2,12,2,2025-10-08,B001
R006_down_T006,R006_down,S032,2025-10-08 10:28:00,2025-10-08 10:29:00,2,15,-1,2025-10-08,B001
R006_down_T006,R006_down,S046,2025-10-08 10:36:00,2025-10-08 10:37:00,10,16,0,2025-10-08,B001
R006_down_T006,R006_down,S036,2025-10-08 10:48:00,2025-10-08 10:51:00,4,15,8,2025-10-08,B001
R006_down_T006,R006_down,S047,2025-10-08 10:52:00,2025-10-08 10:53:00,5,20,6,2025-10-08,B001
R006_down_T006,R006_down,S051,2025-10-08 10:56:00,2025-10-08 10:57:00,4,15,5,2025-10-08,B001
R006_down_T006,R006_down,S042,2025-10-08 10:59:00,2025-10-08 11:00:00,7,10,4,2025-10-08,B001
R006_down_T006,R006_down,S039,2025-10-08 11:09:00,2025-10-08 11:10:00,8,4,7,2025-10-08,B001
R006_down_T006,R006_down,S007,2025-10-08 11:15:00,2025-10-08 11:18:00,12,7,8,2025-10-08,B001
R006_down_T006,R006_down,S045,2025-10-08 11:21:00,2025-10-08 11:22:00,12,5,6,2025-10-08,B001
R006_down_T006,R006_down,S060,2025-10-08 11:21:00,2025-10-08 11:23:00,7,6,1,2025-10-08,B001
R006_down_T006,R006_down,S043,2025-10-08 11:29:00,2025-10-08 11:32:00,8,8,3,2025-10-08,B001
R006_down_T006,R006_down,S013,2025-10-08 11:32:00,2025-10-08 11:34:00,7,6,0,2025-10-08,B001
R006_down_T006,R006_down,S059,2025-10-08 11:43:00,2025-10-08 11:46:00,7,9,5,2025-10-08,B001
R006_down_T006,R006_down,S011,2025-10-08 11:46:00,2025-10-08 11:49:00,12,3,0,2025-10-08,B001
R006_down_T007,R006_down,S044,2025-10-08 10:30:00,2025-10-08 10:31:00,5,15,5,2025-10-08,B011
R006_down_T007,R006_down,S041,2025-10-08 10:37:00,2025-10-08 10:38:00,8,12,8,2025-10-08,B011
R006_down_T007,R006_down,S028,2025-10-08 10:38:00,2025-10-08 10:40:00,4,16,4,2025-10-08,B011
R006_down_T007,R006_down,S032,2025-10-08 10:42:00,2025-10-08 10:45:00,10,10,3,2025-10-08,B011
R006_down_T007,R006_down,S046,2025-10-08 10:48:00,2025-10-08 10:51:00,1,13,2,2025-10-08,B011
R006_down_T007,R006_down,S036,2025-10-08 10:52:00,2025-10-08 10:54:00,12,17,-1,2025-10-08,B011
R006_down_T007,R006_down,S047,2025-10-08 11:05:00,2025-10-08 11:08:00,5,7,4,2025-10-08,B011
R006_down_T007,R006_down,S051,2025-10-08 11:10:00,2025-10-08 11:11:00,10,6,3,2025-10-08,B011
R006_down_T007,R006_down,S042,2025-10-08 11:18:00,2025-10-08 11:19:00,6,6,4,2025-10-08,B011
R006_down_T007,R006_down,S039,2025-10-08 11:16:00,2025-10-08 11:17:00,9,5,-2,2025-10-08,B011
R006_down_T007,R006_down,S007,2025-10-08 11:22:00,2025-10-08 11:23:00,9,7,0,2025-10-08,B011
R006_down_T007,R006_down,S045,2025-10-08 11:28:00,2025-10-08 11:30:00,5,6,-1,2025-10-08,B011
R006_down_T007,R006_down,S060,2025-10-08 11:37:00,2025-10-08 11:39:00,9,11,2,2025-10-08,B011
R006_down_T007,R006_down,S043,2025-10-08 11:48:00,2025-10-08 11:49:00,7,6,5,2025-10-08,B011
R006_down_T007,R006_down,S013,2025-10-08 11:52:00,2025-10-08 11:53:00,7,2,5,2025-10-08,B011
R006_down_T007,R006_down,S059,2025-10-08 11:56:00,2025-10-08 11:58:00,16,2,5,2025-10-08,B011
R006_down_T007,R006_down,S011,2025-10-08 12:04:00,2025-10-08 12:06:00,7,9,8,2025-10-08,B011
R006_down_T008,R006_down,S044,2025-10-08 11:34:00,2025-10-08 11:37:00,7,3,7,2025-10-08,B023
R006_down_T008,R006_down,S041,2025-10-08 11:37:00,2025-10-08 11:38:00,10,7,1,2025-10-08,B023
R006_down_T008,R006_down,S028,2025-10-08 11:40:00,2025-10-08 11:42:00,0,6,-2,2025-10-08,B023
R006_down_T008,R006_down,S032,2025-10-08 11:54:00,2025-10-08 11:57:00,6,14,6,2025-10-08,B023
R006_down_T008,R006_down,S046,2025-10-08 12:05:00,2025-10-08 12:07:00,11,10,8,2025-10-08,B023
R006_down_T008,R006_down,S036,2025-10-08 12:11:00,2025-10-08 12:13:00,7,4,6,2025-10-08,B023
R006_down_T008,R006_down,S047,2025-10-08 12:12:00,2025-10-08 12:13:00,8,9,-1,2025-10-08,B023
R006_down_T008,R006_down,S051,2025-10-08 12:15:00,2025-10-08 12:16:00,10,2,-2,2025-10-08,B023
R006_down_T008,R006_down,S042,2025-10-08 12:28:00,2025-10-08 12:31:00,6,4,6,2025-10-08,B023
R006_down_T008,R006_down,S039,2025-10-08 12:34:00,2025-10-08 12:37:00,9,9,6,2025-10-08,B023
R006_down_T008,R006_down,S007,2025-10-08 12:36:00,2025-10-08 12:38:00,4,3,-1,2025-10-08,B023
R006_down_T008,R006_down,S045,2025-10-08 12:48:00,2025-10-08 12:51:00,8,9,4,2025-10-08,B023
R006_down_T008,R006_down,S060,2025-10-08 12:54:00,2025-10-08 12:57:00,12,1,4,2025-10-08,B023
R006_down_T008,R006_down,S043,2025-10-08 13:02:00,2025-10-08 13:05:00,2,4,6,2025-10-08,B023
R006_down_T008,R006_down,S013,2025-10-08 13:11:00,2025-10-08 13:13:00,8,4,7,2025-10-08,B023
R006_down_T008,R006_down,S059,2025-10-08 13:10:00,2025-10-08 13:11:00,9,5,-1,2025-10-08,B023
R006_down_T008,R006_down,S011,2025-10-08 13:18:00,2025-10-08 13:20:00,6,8,0,2025-10-08,B023
R006_down_T009,R006_down,S044,2025-10-08 14:29:00,2025-10-08 14:30:00,7,6,7,2025-10-08,B003
R006_down_T009,R006_down,S041,2025-10-08 14:27:00,2025-10-08 14:30:00,9,12,-1,2025-10-08,B003
R006_down_T009,R006_down,S028,2025-10-08 14:41:00,2025-10-08 14:44:00,8,7,5,2025-10-08,B003
R006_down_T009,R006_down,S032,2025-10-08 14:47:00,2025-10-08 14:50:00,5,5,2,2025-10-08,B003
R006_down_T009,R006_down,S046,2025-10-08 14:50:00,2025-10-08 14:51:00,6,6,-2,2025-10-08,B003
R006_down_T009,R006_down,S036,2025-10-08 15:04:00,2025-10-08 15:05:00,8,4,5,2025-10-08,B003
R006_down_T009,R006_down,S047,2025-10-08 15:06:00,2025-10-08 15:08:00,9,6,3,2025-10-08,B003
R006_down_T009,R006_down,S051,2025-10-08 15:12:00,2025-10-08 15:15:00,7,6,2,2025-10-08,B003
R006_down_T009,R006_down,S042,2025-10-08 15:21:00,2025-10-08 15:23:00,4,7,2,2025-10-08,B003
R006_down_T009,R006_down,S039,2025-10-08 15:24:00,2025-10-08 15:26:00,8,7,0,2025-10-08,B003
R006_down_T009,R006_down,S007,2025-10-08 15:37:00,2025-10-08 15:40:00,14,3,7,2025-10-08,B003
R006_down_T009,R006_down,S045,2025-10-08 15:43:00,2025-10-08 15:46:00,7,2,5,2025-10-08,B003
R006_down_T009,R006_down,S060,2025-10-08 15:42:00,2025-10-08 15:44:00,2,4,-2,2025-10-08,B003
R006_down_T009,R006_down,S043,2025-10-08 15:51:00,2025-10-08 15:53:00,7,2,1,2025-10-08,B003
R006_down_T009,R006_down,S013,2025-10-08 15:55:00,2025-10-08 15:58:00,10,0,0,2025-10-08,B003
R006_down_T009,R006_down,S059,2025-10-08 16:04:00,2025-10-08 16:06:00,11,8,3,2025-10-08,B003
R006_down_T009,R006_down,S011,2025-10-08 16:12:00,2025-10-08 16:13:00,6,5,3,2025-10-08,B003
R006_down_T010,R006_down,S044,2025-10-08 17:15:00,2025-10-08 17:16:00,14,6,1,2025-10-08,B025
R006_down_T010,R006_down,S041,2025-10-08 17:22:00,2025-10-08 17:23:00,8,2,1,2025-10-08,B025
R006_down_T010,R006_down,S028,2025-10-08 17:32:00,2025-10-08 17:33:00,11,6,7,2025-10-08,B025
R006_down_T010,R006_down,S032,2025-10-08 17:27:00,2025-10-08 17:30:00,11,7,-2,2025-10-08,B025
R006_down_T010,R006_down,S046,2025-10-08 17:41:00,2025-10-08 17:43:00,13,7,5,2025-10-08,B025
R006_down_T010,R006_down,S036,2025-10-08 17:47:00,2025-10-08 17:50:00,13,1,5,2025-10-08,B025
R006_down_T010,R006_down,S047,2025-10-08 17:57:00,2025-10-08 18:00:00,15,10,8,2025-10-08,B025
R006_down_T010,R006_down,S051,2025-10-08 18:02:00,2025-10-08 18:05:00,20,5,5,2025-10-08,B025
R006_down_T010,R006_down,S042,2025-10-08 18:01:00,2025-10-08 18:04:00,9,5,-2,2025-10-08,B025
R006_down_T010,R006_down,S039,2025-10-08 18:10:00,2025-10-08 18:12:00,13,10,-1,2025-10-08,B025
R006_down_T010,R006_down,S007,2025-10-08 18:20:00,2025-10-08 18:21:00,18,5,4,2025-10-08,B025
R006_down_T010,R006_down,S045,2025-10-08 18:25:00,2025-10-08 18:26:00,11,8,3,2025-10-08,B025
R006_down_T010,R006_down,S060,2025-10-08 18:26:00,2025-10-08 18:27:00,13,5,-1,2025-10-08,B025
R006_down_T010,R006_down,S043,2025-10-08 18:32:00,2025-10-08 18:34:00,4,0,-1,2025-10-08,B025
R006_down_T010,R006_down,S013,2025-10-08 18:45:00,2025-10-08 18:48:00,14,7,7,2025-10-08,B025
R006_down_T010,R006_down,S059,2025-10-08 18:45:00,2025-10-08 18:47:00,13,5,-1,2025-10-08,B025
R006_down_T010,R006_down,S011,2025-10-08 18:55:00,2025-10-08 18:57:00,13,5,2,2025-10-08,B025
R006_down_T011,R006_down,S044,2025-10-08 18:33:00,2025-10-08 18:34:00,14,7,3,2025-10-08,B019
R006_down_T011,R006_down,S041,2025-10-08 18:38:00,2025-10-08 18:40:00,14,4,1,2025-10-08,B019
R006_down_T011,R006_down,S028,2025-10-08 18:46:00,2025-10-08 18:49:00,15,2,2,2025-10-08,B019
R006_down_T011,R006_down,S032,2025-10-08 19:00:00,2025-10-08 19:02:00,15,4,8,2025-10-08,B019
R006_down_T011,R006_down,S046,2025-10-08 19:04:00,2025-10-08 19:06:00,20,6,4,2025-10-08,B019
R006_down_T011,R006_down,S036,2025-10-08 19:09:00,2025-10-08 19:12:00,13,8,3,2025-10-08,B019
R006_down_T011,R006_down,S047,2025-10-08 19:20:00,2025-10-08 19:21:00,14,7,7,2025-10-08,B019
R006_down_T011,R006_down,S051,2025-10-08 19:20:00,2025-10-08 19:22:00,4,3,3,2025-10-08,B019
R006_down_T011,R006_down,S042,2025-10-08 19:31:00,2025-10-08 19:34:00,14,3,8,2025-10-08,B019
R006_down_T011,R006_down,S039,2025-10-08 19:36:00,2025-10-08 19:38:00,10,5,7,2025-10-08,B019
R006_down_T011,R006_down,S007,2025-10-08 19:42:00,2025-10-08 19:44:00,14,1,8,2025-10-08,B019
R006_down_T011,R006_down,S045,2025-10-08 19:47:00,2025-10-08 19:50:00,14,3,5,2025-10-08,B019
R006_down_T011,R006_down,S060,2025-10-08 19:52:00,2025-10-08 19:55:00,17,10,4,2025-10-08,B019
R006_down_T011,R006_down,S043,2025-10-08 20:02:00,2025-10-08 20:03:00,17,1,6,2025-10-08,B019
R006_down_T011,R006_down,S013,2025-10-08 20:04:00,2025-10-08 20:05:00,13,7,3,2025-10-08,B019
R006_down_T011,R006_down,S059,2025-10-08 20:03:00,2025-10-08 20:06:00,4,7,-2,2025-10-08,B019
R006_down_T011,R006_down,S011,2025-10-08 20:20:00,2025-10-08 20:23:00,6,6,6,2025-10-08,B019
R006_down_T012,R006_down,S044,2025-10-08 18:55:00,2025-10-08 18:58:00,13,11,8,2025-10-08,B016
R006_down_T012,R006_down,S041,2025-10-08 19:04:00,2025-10-08 19:05:00,7,5,8,2025-10-08,B016
R006_down_T012,R006_down,S028,2025-10-08 19:07:00,2025-10-08 19:09:00,17,4,7,2025-10-08,B016
R006_down_T012,R006_down,S032,2025-10-08 19:04:00,2025-10-08 19:07:00,13,4,-1,2025-10-08,B016
R006_down_T012,R006_down,S046,2025-10-08 19:15:00,2025-10-08 19:18:00,20,7,3,2025-10-08,B016
R006_down_T012,R006_down,S036,2025-10-08 19:18:00,2025-10-08 19:20:00,18,5,-1,2025-10-08,B016
R006_down_T012,R006_down,S047,2025-10-08 19:28:00,2025-10-08 19:29:00,15,10,1,2025-10-08,B016
R006_down_T012,R006_down,S051,2025-10-08 19:33:00,2025-10-08 19:35:00,23,4,0,2025-10-08,B016
R006_down_T012,R006_down,S042,2025-10-08 19:49:00,2025-10-08 19:50:00,8,5,8,2025-10-08,B016
R006_down_T012,R006_down,S039,2025-10-08 19:46:00,2025-10-08 19:47:00,2,2,-2,2025-10-08,B016
R006_down_T012,R006_down,S007,2025-10-08 19:52:00,2025-10-08 19:53:00,19,4,0,2025-10-08,B016
R006_down_T012,R006_down,S045,2025-10-08 20:02:00,2025-10-08 20:05:00,20,11,3,2025-10-08,B016
R006_down_T012,R006_down,S060,2025-10-08 20:07:00,2025-10-08 20:08:00,13,6,2,2025-10-08,B016
R006_down_T012,R006_down,S043,2025-10-08 20:16:00,2025-10-08 20:17:00,11,0,4,2025-10-08,B016
R006_down_T012,R006_down,S013,2025-10-08 20:24:00,2025-10-08 20:26:00,13,6,8,2025-10-08,B016
R006_down_T012,R006_down,S059,2025-10-08 20:21:00,2025-10-08 20:23:00,16,7,0,2025-10-08,B016
R006_down_T012,R006_down,S011,2025-10-08 20:29:00,2025-10-08 20:32:00,10,7,1,2025-10-08,B016
R006_down_T013,R006_down,S044,2025-10-08 19:48:00,2025-10-08 19:51:00,15,2,1,2025-10-08,B022
R006_down_T013,R006_down,S041,2025-10-08 19:59:00,2025-10-08 20:00:00,25,7,5,2025-10-08,B022
R006_down_T013,R006_down,S028,2025-10-08 20:01:00,2025-10-08 20:04:00,18,4,0,2025-10-08,B022
R006_down_T013,R006_down,S032,2025-10-08 20:16:00,2025-10-08 20:18:00,9,8,7,2025-10-08,B022
R006_down_T013,R006_down,S046,2025-10-08 20:22:00,2025-10-08 20:23:00,20,2,7,2025-10-08,B022
R006_down_T013,R006_down,S036,2025-10-08 20:19:00,2025-10-08 20:22:00,11,4,-1,2025-10-08,B022
R006_down_T013,R006_down,S047,2025-10-08 20:31:00,2025-10-08 20:33:00,7,8,5,2025-10-08,B022
R006_down_T013,R006_down,S051,2025-10-08 20:37:00,2025-10-08 20:40:00,8,4,3,2025-10-08,B022
R006_down_T013,R006_down,S042,2025-10-08 20:43:00,2025-10-08 20:46:00,11,7,3,2025-10-08,B022
R006_down_T013,R006_down,S039,2025-10-08 20:54:00,2025-10-08 20:56:00,3,1,6,2025-10-08,B022
R006_down_T013,R006_down,S007,2025-10-08 20:53:00,2025-10-08 20:56:00,13,6,-1,2025-10-08,B022
R006_down_T013,R006_down,S045,2025-10-08 21:06:00,2025-10-08 21:09:00,12,7,5,2025-10-08,B022
R006_down_T013,R006_down,S060,2025-10-08 21:10:00,2025-10-08 21:11:00,10,6,1,2025-10-08,B022
R006_down_T013,R006_down,S043,2025-10-08 21:21:00,2025-10-08 21:24:00,9,4,6,2025-10-08,B022
R006_down_T013,R006_down,S013,2025-10-08 21:29:00,2025-10-08 21:30:00,19,3,7,2025-10-08,B022
R006_down_T013,R006_down,S059,2025-10-08 21:34:00,2025-10-08 21:37:00,14,2,8,2025-10-08,B022
R006_down_T013,R006_down,S011,2025-10-08 21:32:00,2025-10-08 21:33:00,6,10,-1,2025-10-08,B022
R006_down_T014,R006_down,S044,2025-10-08 21:53:00,2025-10-08 21:55:00,17,7,2,2025-10-08,B014
R006_down_T014,R006_down,S041,2025-10-08 21:58:00,2025-10-08 22:01:00,7,0,0,2025-10-08,B014
R006_down_T014,R006_down,S028,2025-10-08 22:10:00,2025-10-08 22:11:00,9,3,5,2025-10-08,B014
R006_down_T014,R006_down,S032,2025-10-08 22:12:00,2025-10-08 22:15:00,21,9,2,2025-10-08,B014
R006_down_T014,R006_down,S046,2025-10-08 22:19:00,2025-10-08 22:21:00,12,9,0,2025-10-08,B014
R006_down_T014,R006_down,S036,2025-10-08 22:24:00,2025-10-08 22:27:00,12,6,-2,2025-10-08,B014
R006_down_T014,R006_down,S047,2025-10-08 22:30:00,2025-10-08 22:32:00,20,5,-2,2025-10-08,B014
R006_down_T014,R006_down,S051,2025-10-08 22:42:00,2025-10-08 22:44:00,17,4,2,2025-10-08,B014
R006_down_T014,R006_down,S042,2025-10-08 22:51:00,2025-10-08 22:54:00,12,3,4,2025-10-08,B014
R006_down_T014,R006_down,S039,2025-10-08 22:55:00,2025-10-08 22:58:00,7,5,1,2025-10-08,B014
R006_down_T014,R006_down,S007,2025-10-08 22:59:00,2025-10-08 23:00:00,10,0,-2,2025-10-08,B014
R006_down_T014,R006_down,S045,2025-10-08 23:13:00,2025-10-08 23:15:00,7,10,5,2025-10-08,B014
R006_down_T014,R006_down,S060,2025-10-08 23:17:00,2025-10-08 23:19:00,13,11,1,2025-10-08,B014
R006_down_T014,R006_down,S043,2025-10-08 23:30:00,2025-10-08 23:31:00,8,5,8,2025-10-08,B014
R006_down_T014,R006_down,S013,2025-10-08 23:34:00,2025-10-08 23:35:00,4,5,8,2025-10-08,B014
R006_down_T014,R006_down,S059,2025-10-08 23:41:00,2025-10-08 23:42:00,11,3,8,2025-10-08,B014
R006_down_T014,R006_down,S011,2025-10-08 23:35:00,2025-10-08 23:36:00,2,9,-2,2025-10-08,B014
R006_down_T015,R006_down,S044,2025-10-08 22:59:00,2025-10-08 23:01:00,11,1,3,2025-10-08,B011
R006_down_T015,R006_down,S041,2025-10-08 23:07:00,2025-10-08 23:08:00,6,9,3,2025-10-08,B011
R006_down_T015,R006_down,S028,2025-10-08 23:12:00,2025-10-08 23:15:00,4,11,4,2025-10-08,B011
R006_down_T015,R006_down,S032,2025-10-08 23:23:00,2025-10-08 23:26:00,11,10,6,2025-10-08,B011
R006_down_T015,R006_down,S046,2025-10-08 23:22:00,2025-10-08 23:23:00,9,4,-2,2025-10-08,B011
R006_down_T015,R006_down,S036,2025-10-08 23:36:00,2025-10-08 23:38:00,8,3,7,2025-10-08,B011
R006_down_T015,R006_down,S047,2025-10-08 23:40:00,2025-10-08 23:42:00,9,5,3,2025-10-08,B011
R006_down_T015,R006_down,S051,2025-10-08 23:49:00,2025-10-08 23:50:00,13,10,4,2025-10-08,B011
R006_down_T015,R006_down,S042,2025-10-08 23:50:00,2025-10-08 23:53:00,7,6,1,2025-10-08,B011
R006_down_T015,R006_down,S039,2025-10-08 23:57:00,2025-10-08 23:58:00,6,5,1,2025-10-08,B011
R006_down_T015,R006_down,S007,2025-10-09 00:10:00,2025-10-09 00:13:00,6,5,8,2025-10-08,B011
R006_down_T015,R006_down,S045,2025-10-09 00:08:00,2025-10-09 00:09:00,11,11,-1,2025-10-08,B011
R006_down_T015,R006_down,S060,2025-10-09 00:16:00,2025-10-09 00:18:00,3,8,2,2025-10-08,B011
R006_down_T015,R006_down,S043,2025-10-09 00:26:00,2025-10-09 00:27:00,8,8,6,2025-10-08,B011
R006_down_T015,R006_down,S013,2025-10-09 00:31:00,2025-10-09 00:34:00,2,14,4,2025-10-08,B011
R006_down_T015,R006_down,S059,2025-10-09 00:35:00,2025-10-09 00:38:00,4,1,0,2025-10-08,B011
R006_down_T015,R006_down,S011,2025-10-09 00:41:00,2025-10-09 00:43:00,5,0,0,2025-10-08,B011
R007_up_T001,R007_up,S014,2025-10-08 06:31:00,2025-10-08 06:33:00,5,11,8,2025-10-08,B015
R007_up_T001,R007_up,S059,2025-10-08 06:37:00,2025-10-08 06:40:00,6,3,6,2025-10-08,B015
R007_up_T001,R007_up,S033,2025-10-08 06:44:00,2025-10-08 06:45:00,7,9,6,2025-10-08,B015
R007_up_T001,R007_up,S032,2025-10-08 06:51:00,2025-10-08 06:52:00,10,8,7,2025-10-08,B015
R007_up_T001,R007_up,S029,2025-10-08 06:46:00,2025-10-08 06:49:00,15,7,-2,2025-10-08,B015
R007_up_T001,R007_up,S028,2025-10-08 07:01:00,2025-10-08 07:04:00,5,5,6,2025-10-08,B015
R007_up_T001,R007_up,S039,2025-10-08 07:05:00,2025-10-08 07:07:00,17,3,1,2025-10-08,B015
R007_up_T001,R007_up,S022,2025-10-08 07:20:00,2025-10-08 07:23:00,10,9,8,2025-10-08,B015
R007_up_T001,R007_up,S013,2025-10-08 07:22:00,2025-10-08 07:23:00,13,8,2,2025-10-08,B015
R007_up_T001,R007_up,S011,2025-10-08 07:29:00,2025-10-08 07:31:00,13,8,3,2025-10-08,B015
R007_up_T001,R007_up,S035,2025-10-08 07:34:00,2025-10-08 07:37:00,18,6,3,2025-10-08,B015
R007_up_T001,R007_up,S001,2025-10-08 07:39:00,2025-10-08 07:42:00,21,7,1,2025-10-08,B015
R007_up_T002,R007_up,S014,2025-10-08 07:22:00,2025-10-08 07:24:00,24,5,8,2025-10-08,B024
R007_up_T002,R007_up,S059,2025-10-08 07:26:00,2025-10-08 07:29:00,12,4,7,2025-10-08,B024
R007_up_T002,R007_up,S033,2025-10-08 07:26:00,2025-10-08 07:28:00,12,4,1,2025-10-08,B024
R007_up_T002,R007_up,S032,2025-10-08 07:32:00,2025-10-08 07:34:00,9,12,1,2025-10-08,B024
R007_up_T002,R007_up,S029,2025-10-08 07:45:00,2025-10-08 07:48:00,16,5,7,2025-10-08,B024
R007_up_T002,R007_up,S028,2025-10-08 07:48:00,2025-10-08 07:51:00,18,6,3,2025-10-08,B024
R007_up_T002,R007_up,S039,2025-10-08 07:58:00,2025-10-08 08:00:00,20,9,7,2025-10-08,B024
R007_up_T002,R007_up,S022,2025-10-08 08:01:00,2025-10-08 08:02:00,11,0,5,2025-10-08,B024
R007_up_T002,R007_up,S013,2025-10-08 08:02:00,2025-10-08 08:03:00,11,1,2,2025-10-08,B024
R007_up_T002,R007_up,S011,2025-10-08 08:11:00,2025-10-08 08:14:00,23,7,5,2025-10-08,B024
R007_up_T002,R007_up,S035,2025-10-08 08:15:00,2025-10-08 08:18:00,9,10,3,2025-10-08,B024
R007_up_T002,R007_up,S001,2025-10-08 08:19:00,2025-10-08 08:20:00,19,3,-1,2025-10-08,B024
R007_up_T003,R007_up,S014,2025-10-08 07:53:00,2025-10-08 07:56:00,18,2,4,2025-10-08,B022
R007_up_T003,R007_up,S059,2025-10-08 07:57:00,2025-10-08 07:59:00,13,4,2,2025-10-08,B022
R007_up_T003,R007_up,S033,2025-10-08 08:08:00,2025-10-08 08:10:00,15,2,5,2025-10-08,B022
R007_up_T003,R007_up,S032,2025-10-08 08:15:00,2025-10-08 08:17:00,18,7,5,2025-10-08,B022
R007_up_T003,R007_up,S029,2025-10-08 08:16:00,2025-10-08 08:18:00,14,0,-1,2025-10-08,B022
R007_up_T003,R007_up,S028,2025-10-08 08:29:00,2025-10-08 08:30:00,18,4,7,2025-10-08,B022
R007_up_T003,R007_up,S039,2025-10-08 08:26:00,2025-10-08 08:27:00,9,8,0,2025-10-08,B022
R007_up_T003,R007_up,S022,2025-10-08 08:28:00,2025-10-08 08:30:00,9,7,-2,2025-10-08,B022
R007_up_T003,R007_up,S013,2025-10-08 08:44:00,2025-10-08 08:46:00,10,6,8,2025-10-08,B022
R007_up_T003,R007_up,S011,2025-10-08 08:49:00,2025-10-08 08:51:00,17,2,6,2025-10-08,B022
R007_up_T003,R007_up,S035,2025-10-08 08:50:00,2025-10-08 08:51:00,19,5,-1,2025-10-08,B022
R007_up_T003,R007_up,S001,2025-10-08 08:55:00,2025-10-08 08:58:00,20,7,-2,2025-10-08,B022
R007_up_T004,R007_up,S014,2025-10-08 08:56:00,2025-10-08 08:59:00,14,4,0,2025-10-08,B023
R007_up_T004,R007_up,S059,2025-10-08 09:08:00,2025-10-08 09:09:00,5,2,4,2025-10-08,B023
R007_up_T004,R007_up,S033,2025-10-08 09:09:00,2025-10-08 09:10:00,21,8,0,2025-10-08,B023
R007_up_T004,R007_up,S032,2025-10-08 09:12:00,2025-10-08 09:15:00,16,2,-2,2025-10-08,B023
R007_up_T004,R007_up,S029,2025-10-08 09:25:00,2025-10-08 09:27:00,21,8,4,2025-10-08,B023
R007_up_T004,R007_up,S028,2025-10-08 09:34:00,2025-10-08 09:35:00,19,8,5,2025-10-08,B023
R007_up_T004,R007_up,S039,2025-10-08 09:40:00,2025-10-08 09:43:00,7,2,7,2025-10-08,B023
R007_up_T004,R007_up,S022,2025-10-08 09:43:00,2025-10-08 09:46:00,16,3,2,2025-10-08,B023
R007_up_T004,R007_up,S013,2025-10-08 09:49:00,2025-10-08 09:50:00,16,6,2,2025-10-08,B023
R007_up_T004,R007_up,S011,2025-10-08 10:00:00,2025-10-08 10:01:00,15,3,7,2025-10-08,B023
R007_up_T004,R007_up,S035,2025-10-08 09:59:00,2025-10-08 10:01:00,17,2,2,2025-10-08,B023
R007_up_T004,R007_up,S001,2025-10-08 10:13:00,2025-10-08 10:16:00,20,5,8,2025-10-08,B023
R007_up_T005,R007_up,S014,2025-10-08 09:15:00,2025-10-08 09:17:00,12,9,3,2025-10-08,B006
R007_up_T005,R007_up,S059,2025-10-08 09:25:00,2025-10-08 09:28:00,18,7,7,2025-10-08,B006
R007_up_T005,R007_up,S033,2025-10-08 09:29:00,2025-10-08 09:30:00,18,2,5,2025-10-08,B006
R007_up_T005,R007_up,S032,2025-10-08 09:29:00,2025-10-08 09:32:00,12,5,1,2025-10-08,B006
R007_up_T005,R007_up,S029,2025-10-08 09:41:00,2025-10-08 09:43:00,19,10,6,2025-10-08,B006
R007_up_T005,R007_up,S028,2025-10-08 09:48:00,2025-10-08 09:49:00,8,9,6,2025-10-08,B006
R007_up_T005,R007_up,S039,2025-10-08 09:46:00,2025-10-08 09:48:00,8,11,-2,2025-10-08,B006
R007_up_T005,R007_up,S022,2025-10-08 09:57:00,2025-10-08 10:00:00,13,3,2,2025-10-08,B006
R007_up_T005,R007_up,S013,2025-10-08 10:08:00,2025-10-08 10:10:00,15,7,5,2025-10-08,B006
R007_up_T005,R007_up,S011,2025-10-08 10:19:00,2025-10-08 10:21:00,14,1,8,2025-10-08,B006
R007_up_T005,R007_up,S035,2025-10-08 10:19:00,2025-10-08 10:20:00,12,8,2,2025-10-08,B006
R007_up_T005,R007_up,S001,2025-10-08 10:23:00,2025-10-08 10:24:00,11,9,-1,2025-10-08,B006
R007_up_T006,R007_up,S014,2025-10-08 09:37:00,2025-10-08 09:38:00,15,4,8,2025-10-08,B004
R007_up_T006,R007_up,S059,2025-10-08 09:42:00,2025-10-08 09:44:00,17,5,8,2025-10-08,B004
R007_up_T006,R007_up,S033,2025-10-08 09:42:00,2025-10-08 09:45:00,10,12,0,2025-10-08,B004
R007_up_T006,R007_up,S032,2025-10-08 09:55:00,2025-10-08 09:58:00,16,6,4,2025-10-08,B004
R007_up_T006,R007_up,S029,2025-10-08 10:00:00,2025-10-08 10:01:00,12,8,2,2025-10-08,B004
R007_up_T006,R007_up,S028,2025-10-08 10:05:00,2025-10-08 10:06:00,5,5,1,2025-10-08,B004
R007_up_T006,R007_up,S039,2025-10-08 10:07:00,2025-10-08 10:10:00,6,8,-2,2025-10-08,B004
R007_up_T006,R007_up,S022,2025-10-08 10:19:00,2025-10-08 10:20:00,21,11,1,2025-10-08,B004
R007_up_T006,R007_up,S013,2025-10-08 10:26:00,2025-10-08 10:29:00,10,11,1,2025-10-08,B004
R007_up_T006,R007_up,S011,2025-10-08 10:38:00,2025-10-08 10:39:00,16,4,6,2025-10-08,B004
R007_up_T006,R007_up,S035,2025-10-08 10:39:00,2025-10-08 10:41:00,18,4,3,2025-10-08,B004
R007_up_T006,R007_up,S001,2025-10-08 10:45:00,2025-10-08 10:47:00,10,6,2,2025-10-08,B004
R007_up_T007,R007_up,S014,2025-10-08 09:44:00,2025-10-08 09:45:00,17,5,2,2025-10-08,B024
R007_up_T007,R007_up,S059,2025-10-08 09:53:00,2025-10-08 09:56:00,7,7,7,2025-10-08,B024
R007_up_T007,R007_up,S033,2025-10-08 09:58:00,2025-10-08 10:01:00,10,11,4,2025-10-08,B024
R007_up_T007,R007_up,S032,2025-10-08 10:05:00,2025-10-08 10:07:00,26,9,5,2025-10-08,B024
R007_up_T007,R007_up,S029,2025-10-08 10:07:00,2025-10-08 10:09:00,16,9,0,2025-10-08,B024
R007_up_T007,R007_up,S028,2025-10-08 10:23:00,2025-10-08 10:26:00,23,7,8,2025-10-08,B024
R007_up_T007,R007_up,S039,2025-10-08 10:24:00,2025-10-08 10:26:00,9,3,0,2025-10-08,B024
R007_up_T007,R007_up,S022,2025-10-08 10:36:00,2025-10-08 10:37:00,10,8,5,2025-10-08,B024
R007_up_T007,R007_up,S013,2025-10-08 10:46:00,2025-10-08 10:47:00,8,7,8,2025-10-08,B024
R007_up_T007,R007_up,S011,2025-10-08 10:43:00,2025-10-08 10:44:00,14,8,-1,2025-10-08,B024
R007_up_T007,R007_up,S035,2025-10-08 10:57:00,2025-10-08 10:59:00,14,3,8,2025-10-08,B024
R007_up_T007,R007_up,S001,2025-10-08 10:59:00,2025-10-08 11:01:00,24,13,2,2025-10-08,B024
R007_up_T008,R007_up,S014,2025-10-08 10:00:00,2025-10-08 10:01:00,10,8,0,2025-10-08,B016
R007_up_T008,R007_up,S059,2025-10-08 10:08:00,2025-10-08 10:09:00,11,8,3,2025-10-08,B016
R007_up_T008,R007_up,S033,2025-10-08 10:11:00,2025-10-08 10:13:00,6,4,1,2025-10-08,B016
R007_up_T008,R007_up,S032,2025-10-08 10:26:00,2025-10-08 10:28:00,12,9,8,2025-10-08,B016
R007_up_T008,R007_up,S029,2025-10-08 10:23:00,2025-10-08 10:24:00,14,10,0,2025-10-08,B016
R007_up_T008,R007_up,S028,2025-10-08 10:26:00,2025-10-08 10:29:00,9,1,-1,2025-10-08,B016
R007_up_T008,R007_up,S039,2025-10-08 10:31:00,2025-10-08 10:34:00,13,3,-2,2025-10-08,B016
R007_up_T008,R007_up,S022,2025-10-08 10:47:00,2025-10-08 10:49:00,17,6,6,2025-10-08,B016
R007_up_T008,R007_up,S013,2025-10-08 10:55:00,2025-10-08 10:57:00,15,8,8,2025-10-08,B016
R007_up_T008,R007_up,S011,2025-10-08 10:54:00,2025-10-08 10:57:00,18,0,1,2025-10-08,B016
R007_up_T008,R007_up,S035,2025-10-08 11:09:00,2025-10-08 11:10:00,0,8,7,2025-10-08,B016
R007_up_T008,R007_up,S001,2025-10-08 11:09:00,2025-10-08 11:12:00,9,5,0,2025-10-08,B016
R007_up_T009,R007_up,S014,2025-10-08 10:31:00,2025-10-08 10:33:00,18,8,4,2025-10-08,B016
R007_up_T009,R007_up,S059,2025-10-08 10:38:00,2025-10-08 10:41:00,11,4,6,2025-10-08,B016
R007_up_T009,R007_up,S033,2025-10-08 10:38:00,2025-10-08 10:41:00,23,3,-1,2025-10-08,B016
R007_up_T009,R007_up,S032,2025-10-08 10:53:00,2025-10-08 10:54:00,19,9,7,2025-10-08,B016
R007_up_T009,R007_up,S029,2025-10-08 10:51:00,2025-10-08 10:54:00,11,6,-2,2025-10-08,B016
R007_up_T009,R007_up,S028,2025-10-08 11:06:00,2025-10-08 11:07:00,7,7,4,2025-10-08,B016
R007_up_T009,R007_up,S039,2025-10-08 11:04:00,2025-10-08 11:05:00,6,6,-2,2025-10-08,B016
R007_up_T009,R007_up,S022,2025-10-08 11:16:00,2025-10-08 11:19:00,7,9,4,2025-10-08,B016
R007_up_T009,R007_up,S013,2025-10-08 11:23:00,2025-10-08 11:25:00,10,1,5,2025-10-08,B016
R007_up_T009,R007_up,S011,2025-10-08 11:25:00,2025-10-08 11:28:00,6,9,1,2025-10-08,B016
R007_up_T009,R007_up,S035,2025-10-08 11:33:00,2025-10-08 11:36:00,12,1,0,2025-10-08,B016
R007_up_T009,R007_up,S001,2025-10-08 11:39:00,2025-10-08 11:40:00,7,4,-1,2025-10-08,B016
R007_up_T010,R007_up,S014,2025-10-08 10:58:00,2025-10-08 11:00:00,16,7,7,2025-10-08,B024
R007_up_T010,R007_up,S059,2025-10-08 11:05:00,2025-10-08 11:06:00,7,7,8,2025-10-08,B024
R007_up_T010,R007_up,S033,2025-10-08 11:04:00,2025-10-08 11:06:00,7,13,3,2025-10-08,B024
R007_up_T010,R007_up,S032,2025-10-08 11:12:00,2025-10-08 11:13:00,6,7,6,2025-10-08,B024
R007_up_T010,R007_up,S029,2025-10-08 11:10:00,2025-10-08 11:13:00,8,5,0,2025-10-08,B024
R007_up_T010,R007_up,S028,2025-10-08 11:18:00,2025-10-08 11:19:00,8,4,-1,2025-10-08,B024
R007_up_T010,R007_up,S039,2025-10-08 11:26:00,2025-10-08 11:29:00,5,2,1,2025-10-08,B024
R007_up_T010,R007_up,S022,2025-10-08 11:32:00,2025-10-08 11:35:00,3,0,0,2025-10-08,B024
R007_up_T010,R007_up,S013,2025-10-08 11:46:00,2025-10-08 11:49:00,5,4,6,2025-10-08,B024
R007_up_T010,R007_up,S011,2025-10-08 11:57:00,2025-10-08 11:59:00,7,3,8,2025-10-08,B024
R007_up_T010,R007_up,S035,2025-10-08 11:56:00,2025-10-08 11:59:00,4,7,1,2025-10-08,B024
R007_up_T010,R007_up,S001,2025-10-08 12:12:00,2025-10-08 12:15:00,9,4,8,2025-10-08,B024
R007_up_T011,R007_up,S014,2025-10-08 11:37:00,2025-10-08 11:40:00,14,5,2,2025-10-08,B010
R007_up_T011,R007_up,S059,2025-10-08 11:40:00,2025-10-08 11:43:00,9,7,-2,2025-10-08,B010
R007_up_T011,R007_up,S033,2025-10-08 11:53:00,2025-10-08 11:55:00,11,6,4,2025-10-08,B010
R007_up_T011,R007_up,S032,2025-10-08 12:00:00,2025-10-08 12:03:00,9,3,3,2025-10-08,B010
R007_up_T011,R007_up,S029,2025-10-08 12:07:00,2025-10-08 12:09:00,9,10,4,2025-10-08,B010
R007_up_T011,R007_up,S028,2025-10-08 12:15:00,2025-10-08 12:18:00,9,6,6,2025-10-08,B010
R007_up_T011,R007_up,S039,2025-10-08 12:14:00,2025-10-08 12:15:00,11,7,-2,2025-10-08,B010
R007_up_T011,R007_up,S022,2025-10-08 12:30:00,2025-10-08 12:32:00,8,3,7,2025-10-08,B010
R007_up_T011,R007_up,S013,2025-10-08 12:33:00,2025-10-08 12:34:00,5,0,4,2025-10-08,B010
R007_up_T011,R007_up,S011,2025-10-08 12:34:00,2025-10-08 12:36:00,5,7,-1,2025-10-08,B010
R007_up_T011,R007_up,S035,2025-10-08 12:44:00,2025-10-08 12:45:00,11,7,3,2025-10-08,B010
R007_up_T011,R007_up,S001,2025-10-08 12:47:00,2025-10-08 12:50:00,13,7,-1,2025-10-08,B010
R007_up_T012,R007_up,S014,2025-10-08 12:21:00,2025-10-08 12:23:00,11,2,1,2025-10-08,B021
R007_up_T012,R007_up,S059,2025-10-08 12:29:00,2025-10-08 12:31:00,5,8,4,2025-10-08,B021
R007_up_T012,R007_up,S033,2025-10-08 12:35:00,2025-10-08 12:36:00,9,9,3,2025-10-08,B021
R007_up_T012,R007_up,S032,2025-10-08 12:45:00,2025-10-08 12:47:00,3,2,7,2025-10-08,B021
R007_up_T012,R007_up,S029,2025-10-08 12:45:00,2025-10-08 12:47:00,9,6,1,2025-10-08,B021
R007_up_T012,R007_up,S028,2025-10-08 12:56:00,2025-10-08 12:58:00,5,6,7,2025-10-08,B021
R007_up_T012,R007_up,S039,2025-10-08 12:52:00,2025-10-08 12:54:00,8,2,-2,2025-10-08,B021
R007_up_T012,R007_up,S022,2025-10-08 13:03:00,2025-10-08 13:05:00,11,6,3,2025-10-08,B021
R007_up_T012,R007_up,S013,2025-10-08 13:04:00,2025-10-08 13:05:00,3,0,-2,2025-10-08,B021
R007_up_T012,R007_up,S011,2025-10-08 13:09:00,2025-10-08 13:12:00,11,5,-1,2025-10-08,B021
R007_up_T012,R007_up,S035,2025-10-08 13:15:00,2025-10-08 13:16:00,8,4,-2,2025-10-08,B021
R007_up_T012,R007_up,S001,2025-10-08 13:21:00,2025-10-08 13:22:00,3,10,0,2025-10-08,B021
R007_up_T013,R007_up,S014,2025-10-08 13:16:00,2025-10-08 13:19:00,7,1,3,2025-10-08,B003
R007_up_T013,R007_up,S059,2025-10-08 13:26:00,2025-10-08 13:28:00,11,5,6,2025-10-08,B003
R007_up_T013,R007_up,S033,2025-10-08 13:29:00,2025-10-08 13:31:00,12,8,3,2025-10-08,B003
R007_up_T013,R007_up,S032,2025-10-08 13:31:00,2025-10-08 13:33:00,6,8,-2,2025-10-08,B003
R007_up_T013,R007_up,S029,2025-10-08 13:47:00,2025-10-08 13:49:00,10,6,7,2025-10-08,B003
R007_up_T013,R007_up,S028,2025-10-08 13:46:00,2025-10-08 13:47:00,4,4,-2,2025-10-08,B003
R007_up_T013,R007_up,S039,2025-10-08 13:51:00,2025-10-08 13:52:00,10,5,-2,2025-10-08,B003
R007_up_T013,R007_up,S022,2025-10-08 14:03:00,2025-10-08 14:06:00,9,7,3,2025-10-08,B003
R007_up_T013,R007_up,S013,2025-10-08 14:13:00,2025-10-08 14:16:00,6,2,4,2025-10-08,B003
R007_up_T013,R007_up,S011,2025-10-08 14:20:00,2025-10-08 14:22:00,6,4,5,2025-10-08,B003
R007_up_T013,R007_up,S035,2025-10-08 14:28:00,2025-10-08 14:31:00,8,1,5,2025-10-08,B003
R007_up_T013,R007_up,S001,2025-10-08 14:37:00,2025-10-08 14:40:00,5,9,5,2025-10-08,B003
R007_up_T014,R007_up,S014,2025-10-08 14:15:00,2025-10-08 14:17:00,9,10,1,2025-10-08,B021
R007_up_T014,R007_up,S059,2025-10-08 14:24:00,2025-10-08 14:25:00,10,8,2,2025-10-08,B021
R007_up_T014,R007_up,S033,2025-10-08 14:31:00,2025-10-08 14:33:00,12,5,4,2025-10-08,B021
R007_up_T014,R007_up,S032,2025-10-08 14:35:00,2025-10-08 14:37:00,9,5,1,2025-10-08,B021
R007_up_T014,R007_up,S029,2025-10-08 14:45:00,2025-10-08 14:46:00,10,3,6,2025-10-08,B021
R007_up_T014,R007_up,S028,2025-10-08 14:47:00,2025-10-08 14:50:00,7,3,3,2025-10-08,B021
R007_up_T014,R007_up,S039,2025-10-08 14:56:00,2025-10-08 14:57:00,8,3,3,2025-10-08,B021
R007_up_T014,R007_up,S022,2025-10-08 15:02:00,2025-10-08 15:04:00,6,8,5,2025-10-08,B021
R007_up_T014,R007_up,S013,2025-10-08 15:09:00,2025-10-08 15:11:00,5,9,5,2025-10-08,B021
R007_up_T014,R007_up,S011,2025-10-08 15:18:00,2025-10-08 15:19:00,9,7,7,2025-10-08,B021
R007_up_T014,R007_up,S035,2025-10-08 15:16:00,2025-10-08 15:19:00,5,5,1,2025-10-08,B021
R007_up_T014,R007_up,S001,2025-10-08 15:29:00,2025-10-08 15:31:00,10,7,8,2025-10-08,B021
R007_up_T015,R007_up,S014,2025-10-08 17:21:00,2025-10-08 17:23:00,8,12,4,2025-10-08,B021
R007_up_T015,R007_up,S059,2025-10-08 17:30:00,2025-10-08 17:32:00,3,12,8,2025-10-08,B021
R007_up_T015,R007_up,S033,2025-10-08 17:35:00,2025-10-08 17:36:00,4,7,5,2025-10-08,B021
R007_up_T015,R007_up,S032,2025-10-08 17:37:00,2025-10-08 17:39:00,4,17,3,2025-10-08,B021
R007_up_T015,R007_up,S029,2025-10-08 17:46:00,2025-10-08 17:47:00,5,18,4,2025-10-08,B021
R007_up_T015,R007_up,S028,2025-10-08 17:52:00,2025-10-08 17:54:00,0,13,3,2025-10-08,B021
R007_up_T015,R007_up,S039,2025-10-08 18:03:00,2025-10-08 18:05:00,5,19,7,2025-10-08,B021
R007_up_T015,R007_up,S022,2025-10-08 18:10:00,2025-10-08 18:11:00,3,19,6,2025-10-08,B021
R007_up_T015,R007_up,S013,2025-10-08 18:08:00,2025-10-08 18:09:00,2,19,-1,2025-10-08,B021
R007_up_T015,R007_up,S011,2025-10-08 18:19:00,2025-10-08 18:22:00,6,26,3,2025-10-08,B021
R007_up_T015,R007_up,S035,2025-10-08 18:27:00,2025-10-08 18:30:00,5,9,4,2025-10-08,B021
R007_up_T015,R007_up,S001,2025-10-08 18:28:00,2025-10-08 18:30:00,7,9,-2,2025-10-08,B021
R007_up_T016,R007_up,S014,2025-10-08 17:47:00,2025-10-08 17:48:00,10,11,-1,2025-10-08,B004
R007_up_T016,R007_up,S059,2025-10-08 17:52:00,2025-10-08 17:53:00,1,15,-2,2025-10-08,B004
R007_up_T016,R007_up,S033,2025-10-08 18:07:00,2025-10-08 18:10:00,6,11,6,2025-10-08,B004
R007_up_T016,R007_up,S032,2025-10-08 18:05:00,2025-10-08 18:06:00,5,19,-2,2025-10-08,B004
R007_up_T016,R007_up,S029,2025-10-08 18:15:00,2025-10-08 18:17:00,9,5,1,2025-10-08,B004
R007_up_T016,R007_up,S028,2025-10-08 18:19:00,2025-10-08 18:20:00,7,15,0,2025-10-08,B004
R007_up_T016,R007_up,S039,2025-10-08 18:25:00,2025-10-08 18:27:00,7,9,0,2025-10-08,B004
R007_up_T016,R007_up,S022,2025-10-08 18:31:00,2025-10-08 18:32:00,8,17,0,2025-10-08,B004
R007_up_T016,R007_up,S013,2025-10-08 18:39:00,2025-10-08 18:41:00,6,16,4,2025-10-08,B004
R007_up_T016,R007_up,S011,2025-10-08 18:47:00,2025-10-08 18:49:00,10,14,7,2025-10-08,B004
R007_up_T016,R007_up,S035,2025-10-08 18:44:00,2025-10-08 18:46:00,6,21,-1,2025-10-08,B004
R007_up_T016,R007_up,S001,2025-10-08 18:48:00,2025-10-08 18:50:00,7,15,-2,2025-10-08,B004
R007_up_T017,R007_up,S014,2025-10-08 19:18:00,2025-10-08 19:20:00,12,18,1,2025-10-08,B018
R007_up_T017,R007_up,S059,2025-10-08 19:31:00,2025-10-08 19:32:00,9,18,7,2025-10-08,B018
R007_up_T017,R007_up,S033,2025-10-08 19:34:00,2025-10-08 19:37:00,5,14,5,2025-10-08,B018
R007_up_T017,R007_up,S032,2025-10-08 19:39:00,2025-10-08 19:41:00,6,12,3,2025-10-08,B018
R007_up_T017,R007_up,S029,2025-10-08 19:51:00,2025-10-08 19:54:00,9,9,8,2025-10-08,B018
R007_up_T017,R007_up,S028,2025-10-08 19:57:00,2025-10-08 19:58:00,6,12,7,2025-10-08,B018
R007_up_T017,R007_up,S039,2025-10-08 19:59:00,2025-10-08 20:02:00,3,21,4,2025-10-08,B018
R007_up_T017,R007_up,S022,2025-10-08 20:03:00,2025-10-08 20:05:00,5,12,2,2025-10-08,B018
R007_up_T017,R007_up,S013,2025-10-08 20:05:00,2025-10-08 20:07:00,3,12,-2,2025-10-08,B018
R007_up_T017,R007_up,S011,2025-10-08 20:11:00,2025-10-08 20:14:00,4,12,-1,2025-10-08,B018
R007_up_T017,R007_up,S035,2025-10-08 20:17:00,2025-10-08 20:20:00,8,4,-1,2025-10-08,B018
R007_up_T017,R007_up,S001,2025-10-08 20:26:00,2025-10-08 20:27:00,5,13,-1,2025-10-08,B018
R007_up_T018,R007_up,S014,2025-10-08 21:05:00,2025-10-08 21:06:00,6,21,0,2025-10-08,B013
R007_up_T018,R007_up,S059,2025-10-08 21:18:00,2025-10-08 21:19:00,5,15,8,2025-10-08,B013
R007_up_T018,R007_up,S033,2025-10-08 21:14:00,2025-10-08 21:17:00,6,14,-2,2025-10-08,B013
R007_up_T018,R007_up,S032,2025-10-08 21:29:00,2025-10-08 21:32:00,3,18,5,2025-10-08,B013
R007_up_T018,R007_up,S029,2025-10-08 21:35:00,2025-10-08 21:36:00,2,21,2,2025-10-08,B013
R007_up_T018,R007_up,S028,2025-10-08 21:43:00,2025-10-08 21:44:00,2,12,5,2025-10-08,B013
R007_up_T018,R007_up,S039,2025-10-08 21:42:00,2025-10-08 21:45:00,11,13,-1,2025-10-08,B013
R007_up_T018,R007_up,S022,2025-10-08 21:55:00,2025-10-08 21:58:00,7,10,6,2025-10-08,B013
R007_up_T018,R007_up,S013,2025-10-08 21:54:00,2025-10-08 21:55:00,9,15,-1,2025-10-08,B013
R007_up_T018,R007_up,S011,2025-10-08 22:04:00,2025-10-08 22:05:00,11,23,5,2025-10-08,B013
R007_up_T018,R007_up,S035,2025-10-08 22:13:00,2025-10-08 22:16:00,8,11,8,2025-10-08,B013
R007_up_T018,R007_up,S001,2025-10-08 22:14:00,2025-10-08 22:15:00,4,8,0,2025-10-08,B013
R007_up_T019,R007_up,S014,2025-10-08 21:27:00,2025-10-08 21:29:00,5,10,1,2025-10-08,B010
R007_up_T019,R007_up,S059,2025-10-08 21:34:00,2025-10-08 21:37:00,7,15,0,2025-10-08,B010
R007_up_T019,R007_up,S033,2025-10-08 21:47:00,2025-10-08 21:50:00,9,14,4,2025-10-08,B010
R007_up_T019,R007_up,S032,2025-10-08 21:48:00,2025-10-08 21:49:00,3,8,-2,2025-10-08,B010
R007_up_T019,R007_up,S029,2025-10-08 22:01:00,2025-10-08 22:03:00,3,17,5,2025-10-08,B010
R007_up_T019,R007_up,S028,2025-10-08 22:09:00,2025-10-08 22:12:00,6,15,8,2025-10-08,B010
R007_up_T019,R007_up,S039,2025-10-08 22:13:00,2025-10-08 22:15:00,3,9,5,2025-10-08,B010
R007_up_T019,R007_up,S022,2025-10-08 22:23:00,2025-10-08 22:25:00,4,5,7,2025-10-08,B010
R007_up_T019,R007_up,S013,2025-10-08 22:24:00,2025-10-08 22:26:00,3,18,2,2025-10-08,B010
R007_up_T019,R007_up,S011,2025-10-08 22:29:00,2025-10-08 22:30:00,1,14,2,2025-10-08,B010
R007_up_T019,R007_up,S035,2025-10-08 22:30:00,2025-10-08 22:33:00,5,13,-2,2025-10-08,B010
R007_up_T019,R007_up,S001,2025-10-08 22:38:00,2025-10-08 22:41:00,5,15,0,2025-10-08,B010
R007_up_T020,R007_up,S014,2025-10-08 21:58:00,2025-10-08 22:00:00,4,12,8,2025-10-08,B004
R007_up_T020,R007_up,S059,2025-10-08 21:58:00,2025-10-08 22:01:00,12,10,1,2025-10-08,B004
R007_up_T020,R007_up,S033,2025-10-08 22:03:00,2025-10-08 22:04:00,6,15,-2,2025-10-08,B004
R007_up_T020,R007_up,S032,2025-10-08 22:15:00,2025-10-08 22:17:00,8,10,4,2025-10-08,B004
R007_up_T020,R007_up,S029,2025-10-08 22:23:00,2025-10-08 22:24:00,2,13,7,2025-10-08,B004
R007_up_T020,R007_up,S028,2025-10-08 22:22:00,2025-10-08 22:24:00,3,18,0,2025-10-08,B004
R007_up_T020,R007_up,S039,2025-10-08 22:34:00,2025-10-08 22:36:00,6,9,5,2025-10-08,B004
R007_up_T020,R007_up,S022,2025-10-08 22:41:00,2025-10-08 22:44:00,6,15,6,2025-10-08,B004
R007_up_T020,R007_up,S013,2025-10-08 22:43:00,2025-10-08 22:46:00,8,4,-1,2025-10-08,B004
R007_up_T020,R007_up,S011,2025-10-08 22:56:00,2025-10-08 22:58:00,6,17,5,2025-10-08,B004
R007_up_T020,R007_up,S035,2025-10-08 23:02:00,2025-10-08 23:04:00,4,14,3,2025-10-08,B004
R007_up_T020,R007_up,S001,2025-10-08 23:12:00,2025-10-08 23:14:00,6,5,8,2025-10-08,B004
R007_up_T021,R007_up,S014,2025-10-08 22:14:00,2025-10-08 22:15:00,6,7,5,2025-10-08,B009
R007_up_T021,R007_up,S059,2025-10-08 22:22:00,2025-10-08 22:24:00,0,11,8,2025-10-08,B009
R007_up_T021,R007_up,S033,2025-10-08 22:26:00,2025-10-08 22:29:00,3,13,7,2025-10-08,B009
R007_up_T021,R007_up,S032,2025-10-08 22:30:00,2025-10-08 22:33:00,10,18,2,2025-10-08,B009
R007_up_T021,R007_up,S029,2025-10-08 22:36:00,2025-10-08 22:38:00,6,16,0,2025-10-08,B009
R007_up_T021,R007_up,S028,2025-10-08 22:46:00,2025-10-08 22:49:00,8,8,5,2025-10-08,B009
R007_up_T021,R007_up,S039,2025-10-08 22:49:00,2025-10-08 22:52:00,8,21,2,2025-10-08,B009
R007_up_T021,R007_up,S022,2025-10-08 23:02:00,2025-10-08 23:05:00,7,10,8,2025-10-08,B009
R007_up_T021,R007_up,S013,2025-10-08 23:05:00,2025-10-08 23:08:00,1,7,5,2025-10-08,B009
R007_up_T021,R007_up,S011,2025-10-08 23:11:00,2025-10-08 23:14:00,7,5,4,2025-10-08,B009
R007_up_T021,R007_up,S035,2025-10-08 23:18:00,2025-10-08 23:20:00,10,9,3,2025-10-08,B009
R007_up_T021,R007_up,S001,2025-10-08 23:29:00,2025-10-08 23:30:00,10,10,6,2025-10-08,B009
R007_down_T001,R007_down,S001,2025-10-08 05:43:00,2025-10-08 05:46:00,9,2,7,2025-10-08,B025
R007_down_T001,R007_down,S035,2025-10-08 05:49:00,2025-10-08 05:51:00,4,6,6,2025-10-08,B025
R007_down_T001,R007_down,S011,2025-10-08 05:55:00,2025-10-08 05:57:00,8,5,4,2025-10-08,B025
R007_down_T001,R007_down,S013,2025-10-08 06:00:00,2025-10-08 06:01:00,11,8,4,2025-10-08,B025
R007_down_T001,R007_down,S022,2025-10-08 06:03:00,2025-10-08 06:05:00,9,9,2,2025-10-08,B025
R007_down_T001,R007_down,S039,2025-10-08 06:12:00,2025-10-08 06:13:00,13,8,6,2025-10-08,B025
R007_down_T001,R007_down,S028,2025-10-08 06:11:00,2025-10-08 06:13:00,9,10,0,2025-10-08,B025
R007_down_T001,R007_down,S029,2025-10-08 06:18:00,2025-10-08 06:20:00,7,9,-1,2025-10-08,B025
R007_down_T001,R007_down,S032,2025-10-08 06:31:00,2025-10-08 06:34:00,11,2,7,2025-10-08,B025
R007_down_T001,R007_down,S033,2025-10-08 06:30:00,2025-10-08 06:32:00,11,7,-2,2025-10-08,B025
R007_down_T001,R007_down,S059,2025-10-08 06:45:00,2025-10-08 06:48:00,6,3,8,2025-10-08,B025
R007_down_T001,R007_down,S014,2025-10-08 06:42:00,2025-10-08 06:45:00,6,6,-2,2025-10-08,B025
R007_down_T002,R007_down,S001,2025-10-08 06:21:00,2025-10-08 06:22:00,13,5,4,2025-10-08,B019
R007_down_T002,R007_down,S035,2025-10-08 06:29:00,2025-10-08 06:30:00,10,4,5,2025-10-08,B019
R007_down_T002,R007_down,S011,2025-10-08 06:35:00,2025-10-08 06:36:00,2,10,4,2025-10-08,B019
R007_down_T002,R007_down,S013,2025-10-08 06:36:00,2025-10-08 06:39:00,9,12,-1,2025-10-08,B019
R007_down_T002,R007_down,S022,2025-10-08 06:51:00,2025-10-08 06:52:00,6,8,6,2025-10-08,B019
R007_down_T002,R007_down,S039,2025-10-08 06:54:00,2025-10-08 06:55:00,11,0,3,2025-10-08,B019
R007_down_T002,R007_down,S028,2025-10-08 07:02:00,2025-10-08 07:05:00,10,9,5,2025-10-08,B019
R007_down_T002,R007_down,S029,2025-10-08 07:04:00,2025-10-08 07:07:00,1,3,0,2025-10-08,B019
R007_down_T002,R007_down,S032,2025-10-08 07:15:00,2025-10-08 07:16:00,7,4,3,2025-10-08,B019
R007_down_T002,R007_down,S033,2025-10-08 07:24:00,2025-10-08 07:26:00,5,13,8,2025-10-08,B019
R007_down_T002,R007_down,S059,2025-10-08 07:19:00,2025-10-08 07:22:00,5,16,-2,2025-10-08,B019
R007_down_T002,R007_down,S014,2025-10-08 07:33:00,2025-10-08 07:36:00,6,10,5,2025-10-08,B019
R007_down_T003,R007_down,S001,2025-10-08 08:22:00,2025-10-08 08:24:00,10,26,1,2025-10-08,B001
R007_down_T003,R007_down,S035,2025-10-08 08:30:00,2025-10-08 08:33:00,11,20,1,2025-10-08,B001
R007_down_T003,R007_down,S011,2025-10-08 08:45:00,2025-10-08 08:46:00,1,10,7,2025-10-08,B001
R007_down_T003,R007_down,S013,2025-10-08 08:44:00,2025-10-08 08:46:00,8,10,2,2025-10-08,B001
R007_down_T003,R007_down,S022,2025-10-08 08:48:00,2025-10-08 08:49:00,0,22,-1,2025-10-08,B001
R007_down_T003,R007_down,S039,2025-10-08 08:52:00,2025-10-08 08:55:00,5,12,-1,2025-10-08,B001
R007_down_T003,R007_down,S028,2025-10-08 09:05:00,2025-10-08 09:07:00,7,27,5,2025-10-08,B001
R007_down_T003,R007_down,S029,2025-10-08 09:09:00,2025-10-08 09:10:00,5,9,2,2025-10-08,B001
R007_down_T003,R007_down,S032,2025-10-08 09:11:00,2025-10-08 09:14:00,10,20,-2,2025-10-08,B001
R007_down_T003,R007_down,S033,2025-10-08 09:27:00,2025-10-08 09:30:00,1,17,5,2025-10-08,B001
R007_down_T003,R007_down,S059,2025-10-08 09:27:00,2025-10-08 09:30:00,9,18,-2,2025-10-08,B001
R007_down_T003,R007_down,S014,2025-10-08 09:45:00,2025-10-08 09:48:00,1,14,7,2025-10-08,B001
R007_down_T004,R007_down,S001,2025-10-08 09:55:00,2025-10-08 09:58:00,4,11,3,2025-10-08,B014
R007_down_T004,R007_down,S035,2025-10-08 10:00:00,2025-10-08 10:03:00,0,14,0,2025-10-08,B014
R007_down_T004,R007_down,S011,2025-10-08 10:13:00,2025-10-08 10:15:00,4,23,7,2025-10-08,B014
R007_down_T004,R007_down,S013,2025-10-08 10:19:00,2025-10-08 10:20:00,7,15,6,2025-10-08,B014
R007_down_T004,R007_down,S022,2025-10-08 10:22:00,2025-10-08 10:23:00,5,4,5,2025-10-08,B014
R007_down_T004,R007_down,S039,2025-10-08 10:31:00,2025-10-08 10:33:00,0,13,7,2025-10-08,B014
R007_down_T004,R007_down,S028,2025-10-08 10:37:00,2025-10-08 10:38:00,2,16,7,2025-10-08,B014
R007_down_T004,R007_down,S029,2025-10-08 10:37:00,2025-10-08 10:40:00,0,11,3,2025-10-08,B014
R007_down_T004,R007_down,S032,2025-10-08 10:47:00,2025-10-08 10:49:00,1,15,4,2025-10-08,B014
R007_down_T004,R007_down,S033,2025-10-08 10:51:00,2025-10-08 10:54:00,3,18,1,2025-10-08,B014
R007_down_T004,R007_down,S059,2025-10-08 11:06:00,2025-10-08 11:07:00,4,4,7,2025-10-08,B014
R007_down_T004,R007_down,S014,2025-10-08 11:10:00,2025-10-08 11:12:00,2,11,6,2025-10-08,B014
R007_down_T005,R007_down,S001,2025-10-08 10:19:00,2025-10-08 10:21:00,8,2,7,2025-10-08,B001
R007_down_T005,R007_down,S035,2025-10-08 10:21:00,2025-10-08 10:24:00,8,6,3,2025-10-08,B001
R007_down_T005,R007_down,S011,2025-10-08 10:27:00,2025-10-08 10:30:00,7,9,1,2025-10-08,B001
R007_down_T005,R007_down,S013,2025-10-08 10:41:00,2025-10-08 10:42:00,2,12,7,2025-10-08,B001
R007_down_T005,R007_down,S022,2025-10-08 10:48:00,2025-10-08 10:50:00,2,6,8,2025-10-08,B001
R007_down_T005,R007_down,S039,2025-10-08 10:55:00,2025-10-08 10:58:00,4,19,7,2025-10-08,B001
R007_down_T005,R007_down,S028,2025-10-08 11:03:00,2025-10-08 11:04:00,3,11,6,2025-10-08,B001
R007_down_T005,R007_down,S029,2025-10-08 11:04:00,2025-10-08 11:06:00,8,3,1,2025-10-08,B001
R007_down_T005,R007_down,S032,2025-10-08 11:16:00,2025-10-08 11:18:00,9,4,5,2025-10-08,B001
R007_down_T005,R007_down,S033,2025-10-08 11:23:00,2025-10-08 11:26:00,9,3,4,2025-10-08,B001
R007_down_T005,R007_down,S059,2025-10-08 11:34:00,2025-10-08 11:36:00,6,2,8,2025-10-08,B001
R007_down_T005,R007_down,S014,2025-10-08 11:35:00,2025-10-08 11:36:00,4,9,3,2025-10-08,B001
R007_down_T006,R007_down,S001,2025-10-08 10:36:00,2025-10-08 10:39:00,2,22,6,2025-10-08,B002
R007_down_T006,R007_down,S035,2025-10-08 10:40:00,2025-10-08 10:43:00,2,16,1,2025-10-08,B002
R007_down_T006,R007_down,S011,2025-10-08 10:48:00,2025-10-08 10:50:00,3,16,2,2025-10-08,B002
R007_down_T006,R007_down,S013,2025-10-08 10:58:00,2025-10-08 11:01:00,10,12,7,2025-10-08,B002
R007_down_T006,R007_down,S022,2025-10-08 11:06:00,2025-10-08 11:08:00,9,18,7,2025-10-08,B002
R007_down_T006,R007_down,S039,2025-10-08 11:15:00,2025-10-08 11:16:00,4,6,8,2025-10-08,B002
R007_down_T006,R007_down,S028,2025-10-08 11:10:00,2025-10-08 11:12:00,4,12,-1,2025-10-08,B002
R007_down_T006,R007_down,S029,2025-10-08 11:21:00,2025-10-08 11:22:00,12,1,5,2025-10-08,B002
R007_down_T006,R007_down,S032,2025-10-08 11:26:00,2025-10-08 11:27:00,8,5,6,2025-10-08,B002
R007_down_T006,R007_down,S033,2025-10-08 11:29:00,2025-10-08 11:31:00,6,5,4,2025-10-08,B002
R007_down_T006,R007_down,S059,2025-10-08 11:29:00,2025-10-08 11:31:00,7,2,-1,2025-10-08,B002
R007_down_T006,R007_down,S014,2025-10-08 11:41:00,2025-10-08 11:42:00,5,4,6,2025-10-08,B002
R007_down_T007,R007_down,S001,2025-10-08 11:04:00,2025-10-08 11:06:00,11,3,-2,2025-10-08,B006
R007_down_T007,R007_down,S035,2025-10-08 11:18:00,2025-10-08 11:19:00,6,8,4,2025-10-08,B006
R007_down_T007,R007_down,S011,2025-10-08 11:16:00,2025-10-08 11:18:00,4,6,-2,2025-10-08,B006
R007_down_T007,R007_down,S013,2025-10-08 11:25:00,2025-10-08 11:28:00,8,4,-1,2025-10-08,B006
R007_down_T007,R007_down,S022,2025-10-08 11:39:00,2025-10-08 11:40:00,8,8,6,2025-10-08,B006
R007_down_T007,R007_down,S039,2025-10-08 11:35:00,2025-10-08 11:37:00,3,1,-2,2025-10-08,B006
R007_down_T007,R007_down,S028,2025-10-08 11:43:00,2025-10-08 11:46:00,9,7,-1,2025-10-08,B006
R007_down_T007,R007_down,S029,2025-10-08 12:00:00,2025-10-08 12:01:00,9,2,7,2025-10-08,B006
R007_down_T007,R007_down,S032,2025-10-08 12:03:00,2025-10-08 12:05:00,5,1,4,2025-10-08,B006
R007_down_T007,R007_down,S033,2025-10-08 12:06:00,2025-10-08 12:08:00,10,3,0,2025-10-08,B006
R007_down_T007,R007_down,S059,2025-10-08 12:14:00,2025-10-08 12:17:00,10,7,2,2025-10-08,B006
R007_down_T007,R007_down,S014,2025-10-08 12:23:00,2025-10-08 12:25:00,3,6,4,2025-10-08,B006
R007_down_T008,R007_down,S001,2025-10-08 13:26:00,2025-10-08 13:27:00,7,5,0,2025-10-08,B010
R007_down_T008,R007_down,S035,2025-10-08 13:33:00,2025-10-08 13:36:00,4,9,0,2025-10-08,B010
R007_down_T008,R007_down,S011,2025-10-08 13:41:00,2025-10-08 13:43:00,1,4,1,2025-10-08,B010
R007_down_T008,R007_down,S013,2025-10-08 13:50:00,2025-10-08 13:52:00,9,7,3,2025-10-08,B010
R007_down_T008,R007_down,S022,2025-10-08 13:58:00,2025-10-08 14:01:00,3,11,6,2025-10-08,B010
R007_down_T008,R007_down,S039,2025-10-08 14:07:00,2025-10-08 14:10:00,7,5,6,2025-10-08,B010
R007_down_T008,R007_down,S028,2025-10-08 14:07:00,2025-10-08 14:08:00,11,13,-2,2025-10-08,B010
R007_down_T008,R007_down,S029,2025-10-08 14:15:00,2025-10-08 14:16:00,7,3,0,2025-10-08,B010
R007_down_T008,R007_down,S032,2025-10-08 14:24:00,2025-10-08 14:26:00,6,6,5,2025-10-08,B010
R007_down_T008,R007_down,S033,2025-10-08 14:24:00,2025-10-08 14:25:00,10,0,-2,2025-10-08,B010
R007_down_T008,R007_down,S059,2025-10-08 14:33:00,2025-10-08 14:34:00,7,7,1,2025-10-08,B010
R007_down_T008,R007_down,S014,2025-10-08 14:36:00,2025-10-08 14:38:00,2,8,-1,2025-10-08,B010
R007_down_T009,R007_down,S001,2025-10-08 14:58:00,2025-10-08 15:01:00,12,5,7,2025-10-08,B004
R007_down_T009,R007_down,S035,2025-10-08 14:59:00,2025-10-08 15:00:00,5,6,1,2025-10-08,B004
R007_down_T009,R007_down,S011,2025-10-08 15:10:00,2025-10-08 15:13:00,5,7,7,2025-10-08,B004
R007_down_T009,R007_down,S013,2025-10-08 15:14:00,2025-10-08 15:15:00,6,11,5,2025-10-08,B004
R007_down_T009,R007_down,S022,2025-10-08 15:15:00,2025-10-08 15:18:00,8,8,1,2025-10-08,B004
R007_down_T009,R007_down,S039,2025-10-08 15:20:00,2025-10-08 15:21:00,5,5,-2,2025-10-08,B004
R007_down_T009,R007_down,S028,2025-10-08 15:26:00,2025-10-08 15:28:00,6,1,0,2025-10-08,B004
R007_down_T009,R007_down,S029,2025-10-08 15:40:00,2025-10-08 15:41:00,9,3,8,2025-10-08,B004
R007_down_T009,R007_down,S032,2025-10-08 15:36:00,2025-10-08 15:37:00,7,0,-1,2025-10-08,B004
R007_down_T009,R007_down,S033,2025-10-08 15:44:00,2025-10-08 15:46:00,3,4,0,2025-10-08,B004
R007_down_T009,R007_down,S059,2025-10-08 15:59:00,2025-10-08 16:01:00,10,8,7,2025-10-08,B004
R007_down_T009,R007_down,S014,2025-10-08 15:59:00,2025-10-08 16:02:00,9,6,1,2025-10-08,B004
R007_down_T010,R007_down,S001,2025-10-08 15:30:00,2025-10-08 15:31:00,14,6,7,2025-10-08,B022
R007_down_T010,R007_down,S035,2025-10-08 15:28:00,2025-10-08 15:29:00,11,8,1,2025-10-08,B022
R007_down_T010,R007_down,S011,2025-10-08 15:31:00,2025-10-08 15:33:00,9,6,-1,2025-10-08,B022
R007_down_T010,R007_down,S013,2025-10-08 15:38:00,2025-10-08 15:39:00,7,8,1,2025-10-08,B022
R007_down_T010,R007_down,S022,2025-10-08 15:42:00,2025-10-08 15:45:00,7,5,-1,2025-10-08,B022
R007_down_T010,R007_down,S039,2025-10-08 15:54:00,2025-10-08 15:56:00,2,10,5,2025-10-08,B022
R007_down_T010,R007_down,S028,2025-10-08 16:03:00,2025-10-08 16:06:00,8,3,6,2025-10-08,B022
R007_down_T010,R007_down,S029,2025-10-08 16:05:00,2025-10-08 16:07:00,4,8,1,2025-10-08,B022
R007_down_T010,R007_down,S032,2025-10-08 16:19:00,2025-10-08 16:21:00,6,4,8,2025-10-08,B022
R007_down_T010,R007_down,S033,2025-10-08 16:22:00,2025-10-08 16:25:00,5,9,4,2025-10-08,B022
R007_down_T010,R007_down,S059,2025-10-08 16:31:00,2025-10-08 16:34:00,8,0,5,2025-10-08,B022
R007_down_T010,R007_down,S014,2025-10-08 16:33:00,2025-10-08 16:36:00,12,8,1,2025-10-08,B022
R007_down_T011,R007_down,S001,2025-10-08 17:13:00,2025-10-08 17:15:00,11,8,1,2025-10-08,B005
R007_down_T011,R007_down,S035,2025-10-08 17:18:00,2025-10-08 17:19:00,16,9,-1,2025-10-08,B005
R007_down_T011,R007_down,S011,2025-10-08 17:30:00,2025-10-08 17:32:00,17,5,5,2025-10-08,B005
R007_down_T011,R007_down,S013,2025-10-08 17:28:00,2025-10-08 17:29:00,17,9,-2,2025-10-08,B005
R007_down_T011,R007_down,S022,2025-10-08 17:42:00,2025-10-08 17:45:00,18,8,6,2025-10-08,B005
R007_down_T011,R007_down,S039,2025-10-08 17:49:00,2025-10-08 17:50:00,10,11,5,2025-10-08,B005
R007_down_T011,R007_down,S028,2025-10-08 17:55:00,2025-10-08 17:56:00,15,2,7,2025-10-08,B005
R007_down_T011,R007_down,S029,2025-10-08 18:02:00,2025-10-08 18:03:00,20,9,7,2025-10-08,B005
R007_down_T011,R007_down,S032,2025-10-08 18:00:00,2025-10-08 18:02:00,19,9,-2,2025-10-08,B005
R007_down_T011,R007_down,S033,2025-10-08 18:09:00,2025-10-08 18:12:00,8,2,-1,2025-10-08,B005
R007_down_T011,R007_down,S059,2025-10-08 18:19:00,2025-10-08 18:20:00,14,6,2,2025-10-08,B005
R007_down_T011,R007_down,S014,2025-10-08 18:21:00,2025-10-08 18:24:00,22,9,0,2025-10-08,B005
R007_down_T012,R007_down,S001,2025-10-08 17:36:00,2025-10-08 17:38:00,20,4,2,2025-10-08,B010
R007_down_T012,R007_down,S035,2025-10-08 17:48:00,2025-10-08 17:50:00,11,10,6,2025-10-08,B010
R007_down_T012,R007_down,S011,2025-10-08 17:48:00,2025-10-08 17:51:00,8,5,-2,2025-10-08,B010
R007_down_T012,R007_down,S013,2025-10-08 18:05:00,2025-10-08 18:07:00,23,5,7,2025-10-08,B010
R007_down_T012,R007_down,S022,2025-10-08 18:09:00,2025-10-08 18:12:00,12,4,3,2025-10-08,B010
R007_down_T012,R007_down,S039,2025-10-08 18:21:00,2025-10-08 18:23:00,14,0,7,2025-10-08,B010
R007_down_T012,R007_down,S028,2025-10-08 18:21:00,2025-10-08 18:22:00,9,8,-1,2025-10-08,B010
R007_down_T012,R007_down,S029,2025-10-08 18:33:00,2025-10-08 18:35:00,18,6,4,2025-10-08,B010
R007_down_T012,R007_down,S032,2025-10-08 18:42:00,2025-10-08 18:45:00,11,6,8,2025-10-08,B010
R007_down_T012,R007_down,S033,2025-10-08 18:39:00,2025-10-08 18:42:00,19,7,-2,2025-10-08,B010
R007_down_T012,R007_down,S059,2025-10-08 18:52:00,2025-10-08 18:53:00,9,6,2,2025-10-08,B010
R007_down_T012,R007_down,S014,2025-10-08 18:55:00,2025-10-08 18:57:00,9,4,-2,2025-10-08,B010
R007_down_T013,R007_down,S001,2025-10-08 18:57:00,2025-10-08 19:00:00,12,7,7,2025-10-08,B020
R007_down_T013,R007_down,S035,2025-10-08 18:57:00,2025-10-08 19:00:00,13,3,0,2025-10-08,B020
R007_down_T013,R007_down,S011,2025-10-08 19:12:00,2025-10-08 19:13:00,16,2,6,2025-10-08,B020
R007_down_T013,R007_down,S013,2025-10-08 19:11:00,2025-10-08 19:14:00,12,5,0,2025-10-08,B020
R007_down_T013,R007_down,S022,2025-10-08 19:15:00,2025-10-08 19:17:00,14,6,-2,2025-10-08,B020
R007_down_T013,R007_down,S039,2025-10-08 19:33:00,2025-10-08 19:36:00,15,5,8,2025-10-08,B020
R007_down_T013,R007_down,S028,2025-10-08 19:30:00,2025-10-08 19:31:00,15,7,-1,2025-10-08,B020
R007_down_T013,R007_down,S029,2025-10-08 19:38:00,2025-10-08 19:39:00,16,4,1,2025-10-08,B020
R007_down_T013,R007_down,S032,2025-10-08 19:42:00,2025-10-08 19:43:00,17,14,-1,2025-10-08,B020
R007_down_T013,R007_down,S033,2025-10-08 19:52:00,2025-10-08 19:55:00,15,8,3,2025-10-08,B020
R007_down_T013,R007_down,S059,2025-10-08 20:03:00,2025-10-08 20:04:00,20,7,8,2025-10-08,B020
R007_down_T013,R007_down,S014,2025-10-08 19:58:00,2025-10-08 20:01:00,8,5,-1,2025-10-08,B020
R007_down_T014,R007_down,S001,2025-10-08 19:49:00,2025-10-08 19:51:00,10,0,-1,2025-10-08,B012
R007_down_T014,R007_down,S035,2025-10-08 19:58:00,2025-10-08 20:01:00,13,4,0,2025-10-08,B012
R007_down_T014,R007_down,S011,2025-10-08 20:14:00,2025-10-08 20:17:00,20,13,7,2025-10-08,B012
R007_down_T014,R007_down,S013,2025-10-08 20:15:00,2025-10-08 20:17:00,18,2,1,2025-10-08,B012
R007_down_T014,R007_down,S022,2025-10-08 20:22:00,2025-10-08 20:25:00,7,4,2,2025-10-08,B012
R007_down_T014,R007_down,S039,2025-10-08 20:32:00,2025-10-08 20:34:00,10,3,4,2025-10-08,B012
R007_down_T014,R007_down,S028,2025-10-08 20:39:00,2025-10-08 20:41:00,9,4,6,2025-10-08,B012
R007_down_T014,R007_down,S029,2025-10-08 20:39:00,2025-10-08 20:41:00,6,7,-2,2025-10-08,B012
R007_down_T014,R007_down,S032,2025-10-08 20:55:00,2025-10-08 20:56:00,17,8,6,2025-10-08,B012
R007_down_T014,R007_down,S033,2025-10-08 21:02:00,2025-10-08 21:04:00,10,3,6,2025-10-08,B012
R007_down_T014,R007_down,S059,2025-10-08 21:05:00,2025-10-08 21:08:00,7,4,1,2025-10-08,B012
R007_down_T014,R007_down,S014,2025-10-08 21:18:00,2025-10-08 21:20:00,15,7,5,2025-10-08,B012
R007_down_T015,R007_down,S001,2025-10-08 20:09:00,2025-10-08 20:11:00,20,7,1,2025-10-08,B010
R007_down_T015,R007_down,S035,2025-10-08 20:17:00,2025-10-08 20:18:00,21,5,3,2025-10-08,B010
R007_down_T015,R007_down,S011,2025-10-08 20:26:00,2025-10-08 20:28:00,25,6,8,2025-10-08,B010
R007_down_T015,R007_down,S013,2025-10-08 20:29:00,2025-10-08 20:30:00,19,1,4,2025-10-08,B010
R007_down_T015,R007_down,S022,2025-10-08 20:36:00,2025-10-08 20:37:00,7,10,6,2025-10-08,B010
R007_down_T015,R007_down,S039,2025-10-08 20:42:00,2025-10-08 20:43:00,16,1,5,2025-10-08,B010
R007_down_T015,R007_down,S028,2025-10-08 20:48:00,2025-10-08 20:50:00,14,7,4,2025-10-08,B010
R007_down_T015,R007_down,S029,2025-10-08 20:49:00,2025-10-08 20:52:00,17,11,0,2025-10-08,B010
R007_down_T015,R007_down,S032,2025-10-08 20:54:00,2025-10-08 20:57:00,14,4,-2,2025-10-08,B010
R007_down_T015,R007_down,S033,2025-10-08 21:09:00,2025-10-08 21:11:00,8,10,5,2025-10-08,B010
R007_down_T015,R007_down,S059,2025-10-08 21:12:00,2025-10-08 21:13:00,10,10,1,2025-10-08,B010
R007_down_T015,R007_down,S014,2025-10-08 21:16:00,2025-10-08 21:19:00,19,9,1,2025-10-08,B010
R007_down_T016,R007_down,S001,2025-10-08 21:09:00,2025-10-08 21:11:00,4,2,1,2025-10-08,B025
R007_down_T016,R007_down,S035,2025-10-08 21:15:00,2025-10-08 21:17:00,10,1,-1,2025-10-08,B025
R007_down_T016,R007_down,S011,2025-10-08 21:29:00,2025-10-08 21:32:00,11,11,5,2025-10-08,B025
R007_down_T016,R007_down,S013,2025-10-08 21:31:00,2025-10-08 21:33:00,16,3,-2,2025-10-08,B025
R007_down_T016,R007_down,S022,2025-10-08 21:41:00,2025-10-08 21:42:00,7,10,3,2025-10-08,B025
R007_down_T016,R007_down,S039,2025-10-08 21:46:00,2025-10-08 21:49:00,18,4,2,2025-10-08,B025
R007_down_T016,R007_down,S028,2025-10-08 22:01:00,2025-10-08 22:04:00,14,1,8,2025-10-08,B025
R007_down_T016,R007_down,S029,2025-10-08 21:58:00,2025-10-08 22:01:00,3,4,-1,2025-10-08,B025
R007_down_T016,R007_down,S032,2025-10-08 22:04:00,2025-10-08 22:06:00,13,12,-2,2025-10-08,B025
R007_down_T016,R007_down,S033,2025-10-08 22:19:00,2025-10-08 22:21:00,13,6,7,2025-10-08,B025
R007_down_T016,R007_down,S059,2025-10-08 22:18:00,2025-10-08 22:20:00,18,1,-2,2025-10-08,B025
R007_down_T016,R007_down,S014,2025-10-08 22:27:00,2025-10-08 22:30:00,13,5,1,2025-10-08,B025
R007_down_T017,R007_down,S001,2025-10-08 21:49:00,2025-10-08 21:51:00,13,9,7,2025-10-08,B003
R007_down_T017,R007_down,S035,2025-10-08 21:47:00,2025-10-08 21:50:00,7,9,-2,2025-10-08,B003
R007_down_T017,R007_down,S011,2025-10-08 21:58:00,2025-10-08 21:59:00,13,7,3,2025-10-08,B003
R007_down_T017,R007_down,S013,2025-10-08 21:59:00,2025-10-08 22:00:00,12,5,-2,2025-10-08,B003
R007_down_T017,R007_down,S022,2025-10-08 22:08:00,2025-10-08 22:11:00,21,0,1,2025-10-08,B003
R007_down_T017,R007_down,S039,2025-10-08 22:12:00,2025-10-08 22:13:00,18,1,-2,2025-10-08,B003
R007_down_T017,R007_down,S028,2025-10-08 22:23:00,2025-10-08 22:26:00,8,6,2,2025-10-08,B003
R007_down_T017,R007_down,S029,2025-10-08 22:34:00,2025-10-08 22:35:00,15,6,5,2025-10-08,B003
R007_down_T017,R007_down,S032,2025-10-08 22:41:00,2025-10-08 22:44:00,9,4,7,2025-10-08,B003
R007_down_T017,R007_down,S033,2025-10-08 22:41:00,2025-10-08 22:43:00,9,10,1,2025-10-08,B003
R007_down_T017,R007_down,S059,2025-10-08 22:44:00,2025-10-08 22:47:00,27,8,-1,2025-10-08,B003
R007_down_T017,R007_down,S014,2025-10-08 22:52:00,2025-10-08 22:55:00,19,6,0,2025-10-08,B003
R007_down_T018,R007_down,S001,2025-10-08 22:18:00,2025-10-08 22:19:00,8,4,3,2025-10-08,B009
R007_down_T018,R007_down,S035,2025-10-08 22:21:00,2025-10-08 22:22:00,13,9,2,2025-10-08,B009
R007_down_T018,R007_down,S011,2025-10-08 22:27:00,2025-10-08 22:29:00,13,7,1,2025-10-08,B009
R007_down_T018,R007_down,S013,2025-10-08 22:36:00,2025-10-08 22:37:00,13,3,4,2025-10-08,B009
R007_down_T018,R007_down,S022,2025-10-08 22:40:00,2025-10-08 22:43:00,16,0,3,2025-10-08,B009
R007_down_T018,R007_down,S039,2025-10-08 22:51:00,2025-10-08 22:53:00,18,4,5,2025-10-08,B009
R007_down_T018,R007_down,S028,2025-10-08 22:57:00,2025-10-08 23:00:00,16,6,6,2025-10-08,B009
R007_down_T018,R007_down,S029,2025-10-08 23:06:00,2025-10-08 23:07:00,12,7,6,2025-10-08,B009
R007_down_T018,R007_down,S032,2025-10-08 23:10:00,2025-10-08 23:13:00,13,3,4,2025-10-08,B009
R007_down_T018,R007_down,S033,2025-10-08 23:21:00,2025-10-08 23:23:00,8,6,8,2025-10-08,B009
R007_down_T018,R007_down,S059,2025-10-08 23:26:00,2025-10-08 23:28:00,3,4,6,2025-10-08,B009
R007_down_T018,R007_down,S014,2025-10-08 23:25:00,2025-10-08 23:28:00,13,8,-1,2025-10-08,B009
R007_down_T019,R007_down,S001,2025-10-08 22:35:00,2025-10-08 22:37:00,19,9,2,2025-10-08,B019
R007_down_T019,R007_down,S035,2025-10-08 22:49:00,2025-10-08 22:51:00,21,1,8,2025-10-08,B019
R007_down_T019,R007_down,S011,2025-10-08 22:47:00,2025-10-08 22:50:00,17,3,-1,2025-10-08,B019
R007_down_T019,R007_down,S013,2025-10-08 22:57:00,2025-10-08 23:00:00,8,9,0,2025-10-08,B019
R007_down_T019,R007_down,S022,2025-10-08 23:11:00,2025-10-08 23:13:00,8,8,6,2025-10-08,B019
R007_down_T019,R007_down,S039,2025-10-08 23:11:00,2025-10-08 23:12:00,10,4,-1,2025-10-08,B019
R007_down_T019,R007_down,S028,2025-10-08 23:24:00,2025-10-08 23:27:00,8,6,7,2025-10-08,B019
R007_down_T019,R007_down,S029,2025-10-08 23:31:00,2025-10-08 23:33:00,7,8,8,2025-10-08,B019
R007_down_T019,R007_down,S032,2025-10-08 23:33:00,2025-10-08 23:35:00,9,3,2,2025-10-08,B019
R007_down_T019,R007_down,S033,2025-10-08 23:37:00,2025-10-08 23:38:00,13,13,-2,2025-10-08,B019
R007_down_T019,R007_down,S059,2025-10-08 23:45:00,2025-10-08 23:46:00,13,4,-1,2025-10-08,B019
R007_down_T019,R007_down,S014,2025-10-09 00:00:00,2025-10-09 00:03:00,10,4,8,2025-10-08,B019
R007_down_T020,R007_down,S001,2025-10-08 22:52:00,2025-10-08 22:55:00,12,8,-1,2025-10-08,B009
R007_down_T020,R007_down,S035,2025-10-08 23:06:00,2025-10-08 23:07:00,7,0,4,2025-10-08,B009
R007_down_T020,R007_down,S011,2025-10-08 23:06:00,2025-10-08 23:07:00,8,3,-1,2025-10-08,B009
R007_down_T020,R007_down,S013,2025-10-08 23:13:00,2025-10-08 23:16:00,9,3,0,2025-10-08,B009
R007_down_T020,R007_down,S022,2025-10-08 23:21:00,2025-10-08 23:22:00,4,8,1,2025-10-08,B009
R007_down_T020,R007_down,S039,2025-10-08 23:32:00,2025-10-08 23:33:00,9,6,7,2025-10-08,B009
R007_down_T020,R007_down,S028,2025-10-08 23:37:00,2025-10-08 23:39:00,1,10,8,2025-10-08,B009
R007_down_T020,R007_down,S029,2025-10-08 23:38:00,2025-10-08 23:41:00,7,2,1,2025-10-08,B009
R007_down_T020,R007_down,S032,2025-10-08 23:42:00,2025-10-08 23:44:00,6,3,-2,2025-10-08,B009
R007_down_T020,R007_down,S033,2025-10-08 23:51:00,2025-10-08 23:52:00,9,8,-1,2025-10-08,B009
R007_down_T020,R007_down,S059,2025-10-09 00:01:00,2025-10-09 00:03:00,7,6,5,2025-10-08,B009
R007_down_T020,R007_down,S014,2025-10-09 00:08:00,2025-10-09 00:10:00,9,3,6,2025-10-08,B009
R008_up_T001,R008_up,S011,2025-10-08 07:47:00,2025-10-08 07:49:00,15,6,-1,2025-10-08,B019
R008_up_T001,R008_up,S009,2025-10-08 07:55:00,2025-10-08 07:58:00,18,6,1,2025-10-08,B019
R008_up_T001,R008_up,S007,2025-10-08 08:04:00,2025-10-08 08:06:00,1,7,2,2025-10-08,B019
R008_up_T001,R008_up,S047,2025-10-08 08:07:00,2025-10-08 08:09:00,15,3,0,2025-10-08,B019
R008_up_T001,R008_up,S006,2025-10-08 08:14:00,2025-10-08 08:17:00,16,3,1,2025-10-08,B019
R008_up_T001,R008_up,S038,2025-10-08 08:21:00,2025-10-08 08:24:00,20,4,1,2025-10-08,B019
R008_up_T001,R008_up,S039,2025-10-08 08:33:00,2025-10-08 08:34:00,12,4,7,2025-10-08,B019
R008_up_T001,R008_up,S040,2025-10-08 08:34:00,2025-10-08 08:35:00,6,6,4,2025-10-08,B019
R008_up_T001,R008_up,S031,2025-10-08 08:36:00,2025-10-08 08:37:00,19,2,0,2025-10-08,B019
R008_up_T001,R008_up,S052,2025-10-08 08:47:00,2025-10-08 08:50:00,15,6,6,2025-10-08,B019
R008_up_T001,R008_up,S004,2025-10-08 08:45:00,2025-10-08 08:47:00,16,7,-2,2025-10-08,B019
R008_up_T001,R008_up,S017,2025-10-08 08:53:00,2025-10-08 08:56:00,16,6,0,2025-10-08,B019
R008_up_T001,R008_up,S048,2025-10-08 09:07:00,2025-10-08 09:08:00,6,7,7,2025-10-08,B019
R008_up_T001,R008_up,S046,2025-10-08 09:10:00,2025-10-08 09:11:00,12,3,6,2025-10-08,B019
R008_up_T001,R008_up,S042,2025-10-08 09:17:00,2025-10-08 09:19:00,14,0,7,2025-10-08,B019
R008_up_T001,R008_up,S059,2025-10-08 09:20:00,2025-10-08 09:22:00,12,7,2,2025-10-08,B019
R008_up_T001,R008_up,S005,2025-10-08 09:32:00,2025-10-08 09:33:00,19,8,8,2025-10-08,B019
R008_up_T002,R008_up,S011,2025-10-08 08:14:00,2025-10-08 08:17:00,15,9,4,2025-10-08,B009
R008_up_T002,R008_up,S009,2025-10-08 08:25:00,2025-10-08 08:26:00,12,8,7,2025-10-08,B009
R008_up_T002,R008_up,S007,2025-10-08 08:27:00,2025-10-08 08:28:00,5,7,3,2025-10-08,B009
R008_up_T002,R008_up,S047,2025-10-08 08:31:00,2025-10-08 08:34:00,17,1,3,2025-10-08,B009
R008_up_T002,R008_up,S006,2025-10-08 08:34:00,2025-10-08 08:37:00,14,3,-1,2025-10-08,B009
R008_up_T002,R008_up,S038,2025-10-08 08:50:00,2025-10-08 08:52:00,15,5,6,2025-10-08,B009
R008_up_T002,R008_up,S039,2025-10-08 08:50:00,2025-10-08 08:51:00,13,10,1,2025-10-08,B009
R008_up_T002,R008_up,S040,2025-10-08 09:04:00,2025-10-08 09:06:00,16,4,8,2025-10-08,B009
R008_up_T002,R008_up,S031,2025-10-08 09:02:00,2025-10-08 09:04:00,20,9,-1,2025-10-08,B009
R008_up_T002,R008_up,S052,2025-10-08 09:14:00,2025-10-08 09:17:00,8,5,5,2025-10-08,B009
R008_up_T002,R008_up,S004,2025-10-08 09:20:00,2025-10-08 09:23:00,13,3,4,2025-10-08,B009
R008_up_T002,R008_up,S017,2025-10-08 09:25:00,2025-10-08 09:26:00,15,2,0,2025-10-08,B009
R008_up_T002,R008_up,S048,2025-10-08 09:34:00,2025-10-08 09:37:00,11,0,5,2025-10-08,B009
R008_up_T002,R008_up,S046,2025-10-08 09:38:00,2025-10-08 09:40:00,11,8,1,2025-10-08,B009
R008_up_T002,R008_up,S042,2025-10-08 09:47:00,2025-10-08 09:48:00,18,5,4,2025-10-08,B009
R008_up_T002,R008_up,S059,2025-10-08 09:48:00,2025-10-08 09:49:00,19,4,-1,2025-10-08,B009
R008_up_T002,R008_up,S005,2025-10-08 09:55:00,2025-10-08 09:56:00,13,7,-1,2025-10-08,B009
R008_up_T003,R008_up,S011,2025-10-08 08:53:00,2025-10-08 08:55:00,21,3,5,2025-10-08,B013
R008_up_T003,R008_up,S009,2025-10-08 08:53:00,2025-10-08 08:55:00,9,8,-2,2025-10-08,B013
R008_up_T003,R008_up,S007,2025-10-08 09:03:00,2025-10-08 09:04:00,11,7,1,2025-10-08,B013
R008_up_T003,R008_up,S047,2025-10-08 09:11:00,2025-10-08 09:12:00,13,8,4,2025-10-08,B013
R008_up_T003,R008_up,S006,2025-10-08 09:19:00,2025-10-08 09:22:00,18,8,5,2025-10-08,B013
R008_up_T003,R008_up,S038,2025-10-08 09:27:00,2025-10-08 09:30:00,15,5,6,2025-10-08,B013
R008_up_T003,R008_up,S039,2025-10-08 09:29:00,2025-10-08 09:32:00,15,4,1,2025-10-08,B013
R008_up_T003,R008_up,S040,2025-10-08 09:42:00,2025-10-08 09:45:00,16,6,5,2025-10-08,B013
R008_up_T003,R008_up,S031,2025-10-08 09:50:00,2025-10-08 09:51:00,18,5,7,2025-10-08,B013
R008_up_T003,R008_up,S052,2025-10-08 09:49:00,2025-10-08 09:50:00,14,3,0,2025-10-08,B013
R008_up_T003,R008_up,S004,2025-10-08 10:00:00,2025-10-08 10:03:00,13,4,5,2025-10-08,B013
R008_up_T003,R008_up,S017,2025-10-08 10:01:00,2025-10-08 10:02:00,17,6,0,2025-10-08,B013
R008_up_T003,R008_up,S048,2025-10-08 10:13:00,2025-10-08 10:16:00,23,4,7,2025-10-08,B013
R008_up_T003,R008_up,S046,2025-10-08 10:14:00,2025-10-08 10:16:00,12,6,-1,2025-10-08,B013
R008_up_T003,R008_up,S042,2025-10-08 10:23:00,2025-10-08 10:25:00,11,4,2,2025-10-08,B013
R008_up_T003,R008_up,S059,2025-10-08 10:28:00,2025-10-08 10:31:00,21,12,-1,2025-10-08,B013
R008_up_T003,R008_up,S005,2025-10-08 10:36:00,2025-10-08 10:37:00,18,9,-2,2025-10-08,B013
R008_up_T004,R008_up,S011,2025-10-08 09:08:00,2025-10-08 09:10:00,12,5,-2,2025-10-08,B025
R008_up_T004,R008_up,S009,2025-10-08 09:18:00,2025-10-08 09:19:00,19,3,0,2025-10-08,B025
R008_up_T004,R008_up,S007,2025-10-08 09:29:00,2025-10-08 09:32:00,15,2,7,2025-10-08,B025
R008_up_T004,R008_up,S047,2025-10-08 09:28:00,2025-10-08 09:31:00,21,1,0,2025-10-08,B025
R008_up_T004,R008_up,S006,2025-10-08 09:35:00,2025-10-08 09:36:00,17,6,1,2025-10-08,B025
R008_up_T004,R008_up,S038,2025-10-08 09:37:00,2025-10-08 09:40:00,14,7,-1,2025-10-08,B025
R008_up_T004,R008_up,S039,2025-10-08 09:53:00,2025-10-08 09:56:00,14,7,7,2025-10-08,B025
R008_up_T004,R008_up,S040,2025-10-08 09:53:00,2025-10-08 09:54:00,14,5,0,2025-10-08,B025
R008_up_T004,R008_up,S031,2025-10-08 09:55:00,2025-10-08 09:58:00,17,8,-2,2025-10-08,B025
R008_up_T004,R008_up,S052,2025-10-08 10:14:00,2025-10-08 10:15:00,5,7,8,2025-10-08,B025
R008_up_T004,R008_up,S004,2025-10-08 10:11:00,2025-10-08 10:13:00,10,3,-1,2025-10-08,B025
R008_up_T004,R008_up,S017,2025-10-08 10:18:00,2025-10-08 10:20:00,19,7,-2,2025-10-08,B025
R008_up_T004,R008_up,S048,2025-10-08 10:27:00,2025-10-08 10:30:00,22,4,-1,2025-10-08,B025
R008_up_T004,R008_up,S046,2025-10-08 10:36:00,2025-10-08 10:38:00,10,4,1,2025-10-08,B025
R008_up_T004,R008_up,S042,2025-10-08 10:46:00,2025-10-08 10:47:00,5,8,6,2025-10-08,B025
R008_up_T004,R008_up,S059,2025-10-08 10:46:00,2025-10-08 10:49:00,15,9,-1,2025-10-08,B025
R008_up_T004,R008_up,S005,2025-10-08 10:59:00,2025-10-08 11:00:00,13,8,5,2025-10-08,B025
R008_up_T005,R008_up,S011,2025-10-08 09:32:00,2025-10-08 09:35:00,8,5,5,2025-10-08,B013
R008_up_T005,R008_up,S009,2025-10-08 09:43:00,2025-10-08 09:46:00,15,9,8,2025-10-08,B013
R008_up_T005,R008_up,S007,2025-10-08 09:44:00,2025-10-08 09:45:00,12,4,0,2025-10-08,B013
R008_up_T005,R008_up,S047,2025-10-08 09:51:00,2025-10-08 09:52:00,12,3,1,2025-10-08,B013
R008_up_T005,R008_up,S006,2025-10-08 10:04:00,2025-10-08 10:06:00,14,5,7,2025-10-08,B013
R008_up_T005,R008_up,S038,2025-10-08 10:04:00,2025-10-08 10:06:00,7,7,-1,2025-10-08,B013
R008_up_T005,R008_up,S039,2025-10-08 10:16:00,2025-10-08 10:17:00,20,3,6,2025-10-08,B013
R008_up_T005,R008_up,S040,2025-10-08 10:21:00,2025-10-08 10:23:00,15,6,7,2025-10-08,B013
R008_up_T005,R008_up,S031,2025-10-08 10:21:00,2025-10-08 10:23:00,18,4,-1,2025-10-08,B013
R008_up_T005,R008_up,S052,2025-10-08 10:32:00,2025-10-08 10:35:00,8,2,3,2025-10-08,B013
R008_up_T005,R008_up,S004,2025-10-08 10:44:00,2025-10-08 10:45:00,21,8,6,2025-10-08,B013
R008_up_T005,R008_up,S017,2025-10-08 10:45:00,2025-10-08 10:48:00,12,12,3,2025-10-08,B013
R008_up_T005,R008_up,S048,2025-10-08 10:52:00,2025-10-08 10:53:00,10,1,3,2025-10-08,B013
R008_up_T005,R008_up,S046,2025-10-08 10:55:00,2025-10-08 10:58:00,16,8,1,2025-10-08,B013
R008_up_T005,R008_up,S042,2025-10-08 11:07:00,2025-10-08 11:08:00,12,5,5,2025-10-08,B013
R008_up_T005,R008_up,S059,2025-10-08 11:09:00,2025-10-08 11:10:00,8,6,2,2025-10-08,B013
R008_up_T005,R008_up,S005,2025-10-08 11:19:00,2025-10-08 11:22:00,6,1,8,2025-10-08,B013
R008_up_T006,R008_up,S011,2025-10-08 10:26:00,2025-10-08 10:29:00,8,6,5,2025-10-08,B023
R008_up_T006,R008_up,S009,2025-10-08 10:36:00,2025-10-08 10:39:00,18,1,7,2025-10-08,B023
R008_up_T006,R008_up,S007,2025-10-08 10:39:00,2025-10-08 10:42:00,4,17,3,2025-10-08,B023
R008_up_T006,R008_up,S047,2025-10-08 10:44:00,2025-10-08 10:47:00,23,2,1,2025-10-08,B023
R008_up_T006,R008_up,S006,2025-10-08 10:56:00,2025-10-08 10:59:00,18,5,4,2025-10-08,B023
R008_up_T006,R008_up,S038,2025-10-08 11:06:00,2025-10-08 11:09:00,12,5,8,2025-10-08,B023
R008_up_T006,R008_up,S039,2025-10-08 11:06:00,2025-10-08 11:09:00,8,8,2,2025-10-08,B023
R008_up_T006,R008_up,S040,2025-10-08 11:12:00,2025-10-08 11:14:00,8,10,-1,2025-10-08,B023
R008_up_T006,R008_up,S031,2025-10-08 11:25:00,2025-10-08 11:26:00,6,3,5,2025-10-08,B023
R008_up_T006,R008_up,S052,2025-10-08 11:30:00,2025-10-08 11:32:00,10,9,6,2025-10-08,B023
R008_up_T006,R008_up,S004,2025-10-08 11:36:00,2025-10-08 11:37:00,6,7,4,2025-10-08,B023
R008_up_T006,R008_up,S017,2025-10-08 11:38:00,2025-10-08 11:40:00,11,8,1,2025-10-08,B023
R008_up_T006,R008_up,S048,2025-10-08 11:44:00,2025-10-08 11:45:00,7,6,0,2025-10-08,B023
R008_up_T006,R008_up,S046,2025-10-08 11:53:00,2025-10-08 11:55:00,8,6,5,2025-10-08,B023
R008_up_T006,R008_up,S042,2025-10-08 11:57:00,2025-10-08 12:00:00,10,7,4,2025-10-08,B023
R008_up_T006,R008_up,S059,2025-10-08 12:01:00,2025-10-08 12:03:00,7,7,2,2025-10-08,B023
R008_up_T006,R008_up,S005,2025-10-08 12:11:00,2025-10-08 12:14:00,7,5,7,2025-10-08,B023
R008_up_T007,R008_up,S011,2025-10-08 12:06:00,2025-10-08 12:09:00,6,0,2,2025-10-08,B019
R008_up_T007,R008_up,S009,2025-10-08 12:15:00,2025-10-08 12:17:00,8,3,2,2025-10-08,B019
R008_up_T007,R008_up,S007,2025-10-08 12:17:00,2025-10-08 12:19:00,5,4,-1,2025-10-08,B019
R008_up_T007,R008_up,S047,2025-10-08 12:30:00,2025-10-08 12:32:00,5,5,6,2025-10-08,B019
R008_up_T007,R008_up,S006,2025-10-08 12:34:00,2025-10-08 12:36:00,7,3,5,2025-10-08,B019
R008_up_T007,R008_up,S038,2025-10-08 12:45:00,2025-10-08 12:46:00,7,0,8,2025-10-08,B019
R008_up_T007,R008_up,S039,2025-10-08 12:48:00,2025-10-08 12:49:00,10,0,6,2025-10-08,B019
R008_up_T007,R008_up,S040,2025-10-08 12:45:00,2025-10-08 12:47:00,6,12,-2,2025-10-08,B019
R008_up_T007,R008_up,S031,2025-10-08 12:56:00,2025-10-08 12:57:00,11,4,4,2025-10-08,B019
R008_up_T007,R008_up,S052,2025-10-08 12:59:00,2025-10-08 13:02:00,10,0,0,2025-10-08,B019
R008_up_T007,R008_up,S004,2025-10-08 13:13:00,2025-10-08 13:16:00,4,0,5,2025-10-08,B019
R008_up_T007,R008_up,S017,2025-10-08 13:20:00,2025-10-08 13:23:00,7,8,3,2025-10-08,B019
R008_up_T007,R008_up,S048,2025-10-08 13:30:00,2025-10-08 13:33:00,11,9,6,2025-10-08,B019
R008_up_T007,R008_up,S046,2025-10-08 13:35:00,2025-10-08 13:36:00,6,7,3,2025-10-08,B019
R008_up_T007,R008_up,S042,2025-10-08 13:39:00,2025-10-08 13:41:00,8,10,0,2025-10-08,B019
R008_up_T007,R008_up,S059,2025-10-08 13:47:00,2025-10-08 13:49:00,6,4,0,2025-10-08,B019
R008_up_T007,R008_up,S005,2025-10-08 13:53:00,2025-10-08 13:55:00,5,4,-2,2025-10-08,B019
R008_up_T008,R008_up,S011,2025-10-08 13:29:00,2025-10-08 13:32:00,11,7,1,2025-10-08,B012
R008_up_T008,R008_up,S009,2025-10-08 13:35:00,2025-10-08 13:36:00,2,5,-2,2025-10-08,B012
R008_up_T008,R008_up,S007,2025-10-08 13:46:00,2025-10-08 13:48:00,9,3,5,2025-10-08,B012
R008_up_T008,R008_up,S047,2025-10-08 13:55:00,2025-10-08 13:58:00,8,8,7,2025-10-08,B012
R008_up_T008,R008_up,S006,2025-10-08 13:59:00,2025-10-08 14:02:00,4,7,4,2025-10-08,B012
R008_up_T008,R008_up,S038,2025-10-08 14:09:00,2025-10-08 14:12:00,1,5,7,2025-10-08,B012
R008_up_T008,R008_up,S039,2025-10-08 14:17:00,2025-10-08 14:18:00,6,5,7,2025-10-08,B012
R008_up_T008,R008_up,S040,2025-10-08 14:21:00,2025-10-08 14:22:00,2,5,6,2025-10-08,B012
R008_up_T008,R008_up,S031,2025-10-08 14:24:00,2025-10-08 14:26:00,11,5,2,2025-10-08,B012
R008_up_T008,R008_up,S052,2025-10-08 14:32:00,2025-10-08 14:34:00,8,8,4,2025-10-08,B012
R008_up_T008,R008_up,S004,2025-10-08 14:42:00,2025-10-08 14:44:00,3,5,6,2025-10-08,B012
R008_up_T008,R008_up,S017,2025-10-08 14:51:00,2025-10-08 14:54:00,6,9,7,2025-10-08,B012
R008_up_T008,R008_up,S048,2025-10-08 14:53:00,2025-10-08 14:55:00,7,7,2,2025-10-08,B012
R008_up_T008,R008_up,S046,2025-10-08 14:56:00,2025-10-08 14:59:00,7,6,0,2025-10-08,B012
R008_up_T008,R008_up,S042,2025-10-08 15:10:00,2025-10-08 15:11:00,9,0,6,2025-10-08,B012
R008_up_T008,R008_up,S059,2025-10-08 15:17:00,2025-10-08 15:19:00,16,6,7,2025-10-08,B012
R008_up_T008,R008_up,S005,2025-10-08 15:19:00,2025-10-08 15:20:00,9,7,1,2025-10-08,B012
R008_up_T009,R008_up,S011,2025-10-08 14:23:00,2025-10-08 14:25:00,12,9,-2,2025-10-08,B015
R008_up_T009,R008_up,S009,2025-10-08 14:29:00,2025-10-08 14:30:00,6,10,-1,2025-10-08,B015
R008_up_T009,R008_up,S007,2025-10-08 14:43:00,2025-10-08 14:45:00,8,6,6,2025-10-08,B015
R008_up_T009,R008_up,S047,2025-10-08 14:49:00,2025-10-08 14:51:00,9,7,6,2025-10-08,B015
R008_up_T009,R008_up,S006,2025-10-08 14:47:00,2025-10-08 14:49:00,7,6,-2,2025-10-08,B015
R008_up_T009,R008_up,S038,2025-10-08 14:55:00,2025-10-08 14:57:00,9,5,0,2025-10-08,B015
R008_up_T009,R008_up,S039,2025-10-08 15:08:00,2025-10-08 15:09:00,7,7,8,2025-10-08,B015
R008_up_T009,R008_up,S040,2025-10-08 15:12:00,2025-10-08 15:14:00,7,7,5,2025-10-08,B015
R008_up_T009,R008_up,S031,2025-10-08 15:12:00,2025-10-08 15:14:00,11,0,0,2025-10-08,B015
R008_up_T009,R008_up,S052,2025-10-08 15:28:00,2025-10-08 15:30:00,7,6,8,2025-10-08,B015
R008_up_T009,R008_up,S004,2025-10-08 15:36:00,2025-10-08 15:37:00,7,5,8,2025-10-08,B015
R008_up_T009,R008_up,S017,2025-10-08 15:31:00,2025-10-08 15:33:00,8,8,-2,2025-10-08,B015
R008_up_T009,R008_up,S048,2025-10-08 15:46:00,2025-10-08 15:48:00,9,6,7,2025-10-08,B015
R008_up_T009,R008_up,S046,2025-10-08 15:47:00,2025-10-08 15:49:00,3,7,1,2025-10-08,B015
R008_up_T009,R008_up,S042,2025-10-08 15:56:00,2025-10-08 15:57:00,6,12,2,2025-10-08,B015
R008_up_T009,R008_up,S059,2025-10-08 16:05:00,2025-10-08 16:07:00,10,4,7,2025-10-08,B015
R008_up_T009,R008_up,S005,2025-10-08 16:11:00,2025-10-08 16:13:00,0,5,8,2025-10-08,B015
R008_up_T010,R008_up,S011,2025-10-08 15:30:00,2025-10-08 15:31:00,7,6,5,2025-10-08,B016
R008_up_T010,R008_up,S009,2025-10-08 15:36:00,2025-10-08 15:37:00,6,8,5,2025-10-08,B016
R008_up_T010,R008_up,S007,2025-10-08 15:35:00,2025-10-08 15:37:00,14,4,-1,2025-10-08,B016
R008_up_T010,R008_up,S047,2025-10-08 15:48:00,2025-10-08 15:51:00,4,5,7,2025-10-08,B016
R008_up_T010,R008_up,S006,2025-10-08 15:49:00,2025-10-08 15:51:00,3,9,1,2025-10-08,B016
R008_up_T010,R008_up,S038,2025-10-08 15:57:00,2025-10-08 15:59:00,8,5,1,2025-10-08,B016
R008_up_T010,R008_up,S039,2025-10-08 16:11:00,2025-10-08 16:12:00,6,5,7,2025-10-08,B016
R008_up_T010,R008_up,S040,2025-10-08 16:11:00,2025-10-08 16:12:00,8,2,0,2025-10-08,B016
R008_up_T010,R008_up,S031,2025-10-08 16:19:00,2025-10-08 16:22:00,5,7,4,2025-10-08,B016
R008_up_T010,R008_up,S052,2025-10-08 16:24:00,2025-10-08 16:27:00,2,10,2,2025-10-08,B016
R008_up_T010,R008_up,S004,2025-10-08 16:34:00,2025-10-08 16:37:00,8,4,5,2025-10-08,B016
R008_up_T010,R008_up,S017,2025-10-08 16:41:00,2025-10-08 16:44:00,2,3,6,2025-10-08,B016
R008_up_T010,R008_up,S048,2025-10-08 16:51:00,2025-10-08 16:52:00,7,11,7,2025-10-08,B016
R008_up_T010,R008_up,S046,2025-10-08 16:51:00,2025-10-08 16:52:00,8,6,1,2025-10-08,B016
R008_up_T010,R008_up,S042,2025-10-08 16:57:00,2025-10-08 16:58:00,6,9,2,2025-10-08,B016
R008_up_T010,R008_up,S059,2025-10-08 17:07:00,2025-10-08 17:08:00,13,20,5,2025-10-08,B016
R008_up_T010,R008_up,S005,2025-10-08 17:06:00,2025-10-08 17:09:00,9,15,-1,2025-10-08,B016
R008_up_T011,R008_up,S011,2025-10-08 16:04:00,2025-10-08 16:05:00,7,14,-1,2025-10-08,B017
R008_up_T011,R008_up,S009,2025-10-08 16:20:00,2025-10-08 16:22:00,10,2,8,2025-10-08,B017
R008_up_T011,R008_up,S007,2025-10-08 16:20:00,2025-10-08 16:22:00,6,1,0,2025-10-08,B017
R008_up_T011,R008_up,S047,2025-10-08 16:29:00,2025-10-08 16:32:00,11,5,2,2025-10-08,B017
R008_up_T011,R008_up,S006,2025-10-08 16:36:00,2025-10-08 16:39:00,5,8,1,2025-10-08,B017
R008_up_T011,R008_up,S038,2025-10-08 16:39:00,2025-10-08 16:40:00,6,10,-2,2025-10-08,B017
R008_up_T011,R008_up,S039,2025-10-08 16:51:00,2025-10-08 16:52:00,11,11,3,2025-10-08,B017
R008_up_T011,R008_up,S040,2025-10-08 16:57:00,2025-10-08 17:00:00,8,8,4,2025-10-08,B017
R008_up_T011,R008_up,S031,2025-10-08 16:58:00,2025-10-08 17:01:00,8,17,-2,2025-10-08,B017
R008_up_T011,R008_up,S052,2025-10-08 17:07:00,2025-10-08 17:10:00,2,14,-2,2025-10-08,B017
R008_up_T011,R008_up,S004,2025-10-08 17:20:00,2025-10-08 17:22:00,4,6,4,2025-10-08,B017
R008_up_T011,R008_up,S017,2025-10-08 17:20:00,2025-10-08 17:21:00,5,9,-2,2025-10-08,B017
R008_up_T011,R008_up,S048,2025-10-08 17:25:00,2025-10-08 17:28:00,5,23,-1,2025-10-08,B017
R008_up_T011,R008_up,S046,2025-10-08 17:34:00,2025-10-08 17:35:00,10,15,2,2025-10-08,B017
R008_up_T011,R008_up,S042,2025-10-08 17:44:00,2025-10-08 17:47:00,1,15,8,2025-10-08,B017
R008_up_T011,R008_up,S059,2025-10-08 17:50:00,2025-10-08 17:52:00,3,12,5,2025-10-08,B017
R008_up_T011,R008_up,S005,2025-10-08 17:54:00,2025-10-08 17:56:00,8,16,4,2025-10-08,B017
R008_up_T012,R008_up,S011,2025-10-08 18:26:00,2025-10-08 18:29:00,4,19,5,2025-10-08,B011
R008_up_T012,R008_up,S009,2025-10-08 18:38:00,2025-10-08 18:41:00,6,10,8,2025-10-08,B011
R008_up_T012,R008_up,S007,2025-10-08 18:34:00,2025-10-08 18:37:00,0,11,-2,2025-10-08,B011
R008_up_T012,R008_up,S047,2025-10-08 18:42:00,2025-10-08 18:43:00,6,9,-2,2025-10-08,B011
R008_up_T012,R008_up,S006,2025-10-08 18:50:00,2025-10-08 18:52:00,7,15,0,2025-10-08,B011
R008_up_T012,R008_up,S038,2025-10-08 19:06:00,2025-10-08 19:07:00,6,15,8,2025-10-08,B011
R008_up_T012,R008_up,S039,2025-10-08 19:11:00,2025-10-08 19:13:00,7,9,6,2025-10-08,B011
R008_up_T012,R008_up,S040,2025-10-08 19:09:00,2025-10-08 19:12:00,4,9,-1,2025-10-08,B011
R008_up_T012,R008_up,S031,2025-10-08 19:18:00,2025-10-08 19:19:00,3,9,1,2025-10-08,B011
R008_up_T012,R008_up,S052,2025-10-08 19:29:00,2025-10-08 19:30:00,7,20,6,2025-10-08,B011
R008_up_T012,R008_up,S004,2025-10-08 19:30:00,2025-10-08 19:33:00,5,14,2,2025-10-08,B011
R008_up_T012,R008_up,S017,2025-10-08 19:32:00,2025-10-08 19:35:00,6,16,-2,2025-10-08,B011
R008_up_T012,R008_up,S048,2025-10-08 19:43:00,2025-10-08 19:45:00,4,13,3,2025-10-08,B011
R008_up_T012,R008_up,S046,2025-10-08 19:46:00,2025-10-08 19:49:00,3,16,-2,2025-10-08,B011
R008_up_T012,R008_up,S042,2025-10-08 19:53:00,2025-10-08 19:54:00,5,14,-2,2025-10-08,B011
R008_up_T012,R008_up,S059,2025-10-08 20:06:00,2025-10-08 20:08:00,5,22,5,2025-10-08,B011
R008_up_T012,R008_up,S005,2025-10-08 20:13:00,2025-10-08 20:15:00,6,21,5,2025-10-08,B011
R008_up_T013,R008_up,S011,2025-10-08 18:57:00,2025-10-08 18:58:00,0,1,-1,2025-10-08,B014
R008_up_T013,R008_up,S009,2025-10-08 19:11:00,2025-10-08 19:13:00,10,9,7,2025-10-08,B014
R008_up_T013,R008_up,S007,2025-10-08 19:18:00,2025-10-08 19:21:00,5,8,6,2025-10-08,B014
R008_up_T013,R008_up,S047,2025-10-08 19:17:00,2025-10-08 19:18:00,6,19,-1,2025-10-08,B014
R008_up_T013,R008_up,S006,2025-10-08 19:22:00,2025-10-08 19:23:00,7,19,0,2025-10-08,B014
R008_up_T013,R008_up,S038,2025-10-08 19:36:00,2025-10-08 19:39:00,2,14,8,2025-10-08,B014
R008_up_T013,R008_up,S039,2025-10-08 19:34:00,2025-10-08 19:37:00,1,12,0,2025-10-08,B014
R008_up_T013,R008_up,S040,2025-10-08 19:40:00,2025-10-08 19:43:00,6,20,-1,2025-10-08,B014
R008_up_T013,R008_up,S031,2025-10-08 19:50:00,2025-10-08 19:51:00,4,14,3,2025-10-08,B014
R008_up_T013,R008_up,S052,2025-10-08 19:56:00,2025-10-08 19:59:00,6,13,4,2025-10-08,B014
R008_up_T013,R008_up,S004,2025-10-08 20:01:00,2025-10-08 20:02:00,1,13,2,2025-10-08,B014
R008_up_T013,R008_up,S017,2025-10-08 20:09:00,2025-10-08 20:12:00,0,10,4,2025-10-08,B014
R008_up_T013,R008_up,S048,2025-10-08 20:15:00,2025-10-08 20:17:00,5,10,1,2025-10-08,B014
R008_up_T013,R008_up,S046,2025-10-08 20:27:00,2025-10-08 20:30:00,10,21,8,2025-10-08,B014
R008_up_T013,R008_up,S042,2025-10-08 20:27:00,2025-10-08 20:29:00,4,16,2,2025-10-08,B014
R008_up_T013,R008_up,S059,2025-10-08 20:35:00,2025-10-08 20:38:00,5,12,5,2025-10-08,B014
R008_up_T013,R008_up,S005,2025-10-08 20:44:00,2025-10-08 20:45:00,6,11,5,2025-10-08,B014
R008_up_T014,R008_up,S011,2025-10-08 20:03:00,2025-10-08 20:05:00,2,9,0,2025-10-08,B006
R008_up_T014,R008_up,S009,2025-10-08 20:12:00,2025-10-08 20:14:00,5,12,2,2025-10-08,B006
R008_up_T014,R008_up,S007,2025-10-08 20:20:00,2025-10-08 20:21:00,0,9,5,2025-10-08,B006
R008_up_T014,R008_up,S047,2025-10-08 20:28:00,2025-10-08 20:29:00,5,11,6,2025-10-08,B006
R008_up_T014,R008_up,S006,2025-10-08 20:27:00,2025-10-08 20:29:00,5,21,-1,2025-10-08,B006
R008_up_T014,R008_up,S038,2025-10-08 20:37:00,2025-10-08 20:39:00,4,9,3,2025-10-08,B006
R008_up_T014,R008_up,S039,2025-10-08 20:42:00,2025-10-08 20:45:00,3,8,2,2025-10-08,B006
R008_up_T014,R008_up,S040,2025-10-08 20:50:00,2025-10-08 20:53:00,7,17,4,2025-10-08,B006
R008_up_T014,R008_up,S031,2025-10-08 20:57:00,2025-10-08 20:58:00,7,17,5,2025-10-08,B006
R008_up_T014,R008_up,S052,2025-10-08 20:57:00,2025-10-08 20:59:00,5,13,-1,2025-10-08,B006
R008_up_T014,R008_up,S004,2025-10-08 21:14:00,2025-10-08 21:17:00,5,6,8,2025-10-08,B006
R008_up_T014,R008_up,S017,2025-10-08 21:14:00,2025-10-08 21:16:00,11,8,1,2025-10-08,B006
R008_up_T014,R008_up,S048,2025-10-08 21:28:00,2025-10-08 21:29:00,3,12,7,2025-10-08,B006
R008_up_T014,R008_up,S046,2025-10-08 21:33:00,2025-10-08 21:34:00,5,13,7,2025-10-08,B006
R008_up_T014,R008_up,S042,2025-10-08 21:36:00,2025-10-08 21:37:00,9,12,4,2025-10-08,B006
R008_up_T014,R008_up,S059,2025-10-08 21:36:00,2025-10-08 21:38:00,7,15,0,2025-10-08,B006
R008_up_T014,R008_up,S005,2025-10-08 21:42:00,2025-10-08 21:44:00,2,18,1,2025-10-08,B006
R008_up_T015,R008_up,S011,2025-10-08 20:33:00,2025-10-08 20:34:00,5,14,8,2025-10-08,B008
R008_up_T015,R008_up,S009,2025-10-08 20:27:00,2025-10-08 20:29:00,2,20,-2,2025-10-08,B008
R008_up_T015,R008_up,S007,2025-10-08 20:39:00,2025-10-08 20:42:00,6,13,2,2025-10-08,B008
R008_up_T015,R008_up,S047,2025-10-08 20:49:00,2025-10-08 20:50:00,2,15,3,2025-10-08,B008
R008_up_T015,R008_up,S006,2025-10-08 20:54:00,2025-10-08 20:56:00,2,15,4,2025-10-08,B008
R008_up_T015,R008_up,S038,2025-10-08 21:04:00,2025-10-08 21:07:00,3,17,7,2025-10-08,B008
R008_up_T015,R008_up,S039,2025-10-08 21:12:00,2025-10-08 21:14:00,5,14,6,2025-10-08,B008
R008_up_T015,R008_up,S040,2025-10-08 21:16:00,2025-10-08 21:17:00,8,16,2,2025-10-08,B008
R008_up_T015,R008_up,S031,2025-10-08 21:20:00,2025-10-08 21:23:00,3,15,0,2025-10-08,B008
R008_up_T015,R008_up,S052,2025-10-08 21:33:00,2025-10-08 21:34:00,4,13,6,2025-10-08,B008
R008_up_T015,R008_up,S004,2025-10-08 21:39:00,2025-10-08 21:40:00,6,17,6,2025-10-08,B008
R008_up_T015,R008_up,S017,2025-10-08 21:43:00,2025-10-08 21:44:00,7,15,5,2025-10-08,B008
R008_up_T015,R008_up,S048,2025-10-08 21:45:00,2025-10-08 21:46:00,10,17,1,2025-10-08,B008
R008_up_T015,R008_up,S046,2025-10-08 21:50:00,2025-10-08 21:51:00,5,6,0,2025-10-08,B008
R008_up_T015,R008_up,S042,2025-10-08 21:58:00,2025-10-08 22:00:00,4,16,3,2025-10-08,B008
R008_up_T015,R008_up,S059,2025-10-08 22:09:00,2025-10-08 22:10:00,13,13,6,2025-10-08,B008
R008_up_T015,R008_up,S005,2025-10-08 22:13:00,2025-10-08 22:15:00,4,16,3,2025-10-08,B008
R008_up_T016,R008_up,S011,2025-10-08 20:50:00,2025-10-08 20:51:00,13,3,2,2025-10-08,B025
R008_up_T016,R008_up,S009,2025-10-08 20:54:00,2025-10-08 20:57:00,4,14,0,2025-10-08,B025
R008_up_T016,R008_up,S007,2025-10-08 21:04:00,2025-10-08 21:07:00,2,16,3,2025-10-08,B025
R008_up_T016,R008_up,S047,2025-10-08 21:08:00,2025-10-08 21:10:00,6,21,-1,2025-10-08,B025
R008_up_T016,R008_up,S006,2025-10-08 21:22:00,2025-10-08 21:24:00,6,8,5,2025-10-08,B025
R008_up_T016,R008_up,S038,2025-10-08 21:23:00,2025-10-08 21:24:00,9,13,0,2025-10-08,B025
R008_up_T016,R008_up,S039,2025-10-08 21:28:00,2025-10-08 21:31:00,5,16,-2,2025-10-08,B025
R008_up_T016,R008_up,S040,2025-10-08 21:42:00,2025-10-08 21:43:00,3,14,3,2025-10-08,B025
R008_up_T016,R008_up,S031,2025-10-08 21:53:00,2025-10-08 21:56:00,6,15,8,2025-10-08,B025
R008_up_T016,R008_up,S052,2025-10-08 21:52:00,2025-10-08 21:55:00,7,10,1,2025-10-08,B025
R008_up_T016,R008_up,S004,2025-10-08 22:05:00,2025-10-08 22:07:00,6,18,5,2025-10-08,B025
R008_up_T016,R008_up,S017,2025-10-08 22:15:00,2025-10-08 22:16:00,2,16,8,2025-10-08,B025
R008_up_T016,R008_up,S048,2025-10-08 22:13:00,2025-10-08 22:14:00,8,17,0,2025-10-08,B025
R008_up_T016,R008_up,S046,2025-10-08 22:21:00,2025-10-08 22:24:00,2,8,2,2025-10-08,B025
R008_up_T016,R008_up,S042,2025-10-08 22:31:00,2025-10-08 22:34:00,3,11,5,2025-10-08,B025
R008_up_T016,R008_up,S059,2025-10-08 22:35:00,2025-10-08 22:37:00,8,19,1,2025-10-08,B025
R008_up_T016,R008_up,S005,2025-10-08 22:40:00,2025-10-08 22:41:00,10,17,0,2025-10-08,B025
R008_up_T017,R008_up,S011,2025-10-08 21:29:00,2025-10-08 21:31:00,7,3,0,2025-10-08,B013
R008_up_T017,R008_up,S009,2025-10-08 21:33:00,2025-10-08 21:36:00,5,16,-2,2025-10-08,B013
R008_up_T017,R008_up,S007,2025-10-08 21:46:00,2025-10-08 21:48:00,14,16,5,2025-10-08,B013
R008_up_T017,R008_up,S047,2025-10-08 21:51:00,2025-10-08 21:52:00,5,16,5,2025-10-08,B013
R008_up_T017,R008_up,S006,2025-10-08 21:55:00,2025-10-08 21:58:00,6,16,3,2025-10-08,B013
R008_up_T017,R008_up,S038,2025-10-08 22:06:00,2025-10-08 22:07:00,4,5,8,2025-10-08,B013
R008_up_T017,R008_up,S039,2025-10-08 22:06:00,2025-10-08 22:08:00,0,2,4,2025-10-08,B013
R008_up_T017,R008_up,S040,2025-10-08 22:09:00,2025-10-08 22:11:00,9,15,2,2025-10-08,B013
R008_up_T017,R008_up,S031,2025-10-08 22:14:00,2025-10-08 22:16:00,5,15,-1,2025-10-08,B013
R008_up_T017,R008_up,S052,2025-10-08 22:30:00,2025-10-08 22:32:00,7,18,7,2025-10-08,B013
R008_up_T017,R008_up,S004,2025-10-08 22:36:00,2025-10-08 22:39:00,13,7,7,2025-10-08,B013
R008_up_T017,R008_up,S017,2025-10-08 22:36:00,2025-10-08 22:39:00,2,22,-2,2025-10-08,B013
R008_up_T017,R008_up,S048,2025-10-08 22:48:00,2025-10-08 22:50:00,7,16,2,2025-10-08,B013
R008_up_T017,R008_up,S046,2025-10-08 22:55:00,2025-10-08 22:58:00,6,8,4,2025-10-08,B013
R008_up_T017,R008_up,S042,2025-10-08 23:01:00,2025-10-08 23:03:00,10,4,1,2025-10-08,B013
R008_up_T017,R008_up,S059,2025-10-08 23:07:00,2025-10-08 23:09:00,4,5,0,2025-10-08,B013
R008_up_T017,R008_up,S005,2025-10-08 23:21:00,2025-10-08 23:22:00,6,7,8,2025-10-08,B013
R008_up_T018,R008_up,S011,2025-10-08 22:39:00,2025-10-08 22:40:00,4,11,5,2025-10-08,B008
R008_up_T018,R008_up,S009,2025-10-08 22:42:00,2025-10-08 22:43:00,6,22,4,2025-10-08,B008
R008_up_T018,R008_up,S007,2025-10-08 22:49:00,2025-10-08 22:51:00,7,4,5,2025-10-08,B008
R008_up_T018,R008_up,S047,2025-10-08 22:53:00,2025-10-08 22:56:00,0,11,3,2025-10-08,B008
R008_up_T018,R008_up,S006,2025-10-08 22:59:00,2025-10-08 23:00:00,5,14,2,2025-10-08,B008
R008_up_T018,R008_up,S038,2025-10-08 23:03:00,2025-10-08 23:06:00,11,3,1,2025-10-08,B008
R008_up_T018,R008_up,S039,2025-10-08 23:18:00,2025-10-08 23:20:00,4,3,8,2025-10-08,B008
R008_up_T018,R008_up,S040,2025-10-08 23:23:00,2025-10-08 23:24:00,6,6,8,2025-10-08,B008
R008_up_T018,R008_up,S031,2025-10-08 23:26:00,2025-10-08 23:28:00,8,5,5,2025-10-08,B008
R008_up_T018,R008_up,S052,2025-10-08 23:31:00,2025-10-08 23:34:00,9,6,5,2025-10-08,B008
R008_up_T018,R008_up,S004,2025-10-08 23:42:00,2025-10-08 23:45:00,7,5,7,2025-10-08,B008
R008_up_T018,R008_up,S017,2025-10-08 23:39:00,2025-10-08 23:41:00,10,7,-2,2025-10-08,B008
R008_up_T018,R008_up,S048,2025-10-08 23:52:00,2025-10-08 23:53:00,7,5,6,2025-10-08,B008
R008_up_T018,R008_up,S046,2025-10-08 23:58:00,2025-10-09 00:00:00,10,7,8,2025-10-08,B008
R008_up_T018,R008_up,S042,2025-10-08 23:58:00,2025-10-09 00:00:00,6,5,3,2025-10-08,B008
R008_up_T018,R008_up,S059,2025-10-09 00:07:00,2025-10-09 00:08:00,7,4,4,2025-10-08,B008
R008_up_T018,R008_up,S005,2025-10-09 00:13:00,2025-10-09 00:14:00,5,8,3,2025-10-08,B008
R008_down_T001,R008_down,S005,2025-10-08 06:27:00,2025-10-08 06:30:00,7,3,8,2025-10-08,B025
R008_down_T001,R008_down,S059,2025-10-08 06:23:00,2025-10-08 06:25:00,7,5,-2,2025-10-08,B025
R008_down_T001,R008_down,S042,2025-10-08 06:35:00,2025-10-08 06:37:00,10,6,3,2025-10-08,B025
R008_down_T001,R008_down,S046,2025-10-08 06:43:00,2025-10-08 06:46:00,8,5,4,2025-10-08,B025
R008_down_T001,R008_down,S048,2025-10-08 06:44:00,2025-10-08 06:47:00,11,4,-2,2025-10-08,B025
R008_down_T001,R008_down,S017,2025-10-08 06:56:00,2025-10-08 06:57:00,6,2,2,2025-10-08,B025
R008_down_T001,R008_down,S004,2025-10-08 07:06:00,2025-10-08 07:09:00,6,4,7,2025-10-08,B025
R008_down_T001,R008_down,S052,2025-10-08 07:05:00,2025-10-08 07:07:00,1,15,-1,2025-10-08,B025
R008_down_T001,R008_down,S031,2025-10-08 07:10:00,2025-10-08 07:12:00,4,3,-1,2025-10-08,B025
R008_down_T001,R008_down,S040,2025-10-08 07:22:00,2025-10-08 07:24:00,3,11,6,2025-10-08,B025
R008_down_T001,R008_down,S039,2025-10-08 07:24:00,2025-10-08 07:27:00,13,16,0,2025-10-08,B025
R008_down_T001,R008_down,S038,2025-10-08 07:32:00,2025-10-08 07:35:00,4,20,0,2025-10-08,B025
R008_down_T001,R008_down,S006,2025-10-08 07:43:00,2025-10-08 07:45:00,5,16,2,2025-10-08,B025
R008_down_T001,R008_down,S047,2025-10-08 07:52:00,2025-10-08 07:53:00,6,8,5,2025-10-08,B025
R008_down_T001,R008_down,S007,2025-10-08 07:56:00,2025-10-08 07:59:00,7,8,5,2025-10-08,B025
R008_down_T001,R008_down,S009,2025-10-08 08:02:00,2025-10-08 08:03:00,6,14,2,2025-10-08,B025
R008_down_T001,R008_down,S011,2025-10-08 08:14:00,2025-10-08 08:17:00,4,14,8,2025-10-08,B025
R008_down_T002,R008_down,S005,2025-10-08 07:59:00,2025-10-08 08:00:00,8,13,-2,2025-10-08,B022
R008_down_T002,R008_down,S059,2025-10-08 08:08:00,2025-10-08 08:11:00,4,10,0,2025-10-08,B022
R008_down_T002,R008_down,S042,2025-10-08 08:15:00,2025-10-08 08:16:00,7,15,-2,2025-10-08,B022
R008_down_T002,R008_down,S046,2025-10-08 08:19:00,2025-10-08 08:22:00,5,19,-2,2025-10-08,B022
R008_down_T002,R008_down,S048,2025-10-08 08:32:00,2025-10-08 08:33:00,8,19,5,2025-10-08,B022
R008_down_T002,R008_down,S017,2025-10-08 08:32:00,2025-10-08 08:35:00,3,13,0,2025-10-08,B022
R008_down_T002,R008_down,S004,2025-10-08 08:43:00,2025-10-08 08:44:00,5,19,3,2025-10-08,B022
R008_down_T002,R008_down,S052,2025-10-08 08:47:00,2025-10-08 08:49:00,5,12,1,2025-10-08,B022
R008_down_T002,R008_down,S031,2025-10-08 08:59:00,2025-10-08 09:02:00,5,22,8,2025-10-08,B022
R008_down_T002,R008_down,S040,2025-10-08 09:01:00,2025-10-08 09:03:00,5,9,1,2025-10-08,B022
R008_down_T002,R008_down,S039,2025-10-08 09:13:00,2025-10-08 09:14:00,4,11,5,2025-10-08,B022
R008_down_T002,R008_down,S038,2025-10-08 09:16:00,2025-10-08 09:17:00,4,17,1,2025-10-08,B022
R008_down_T002,R008_down,S006,2025-10-08 09:21:00,2025-10-08 09:24:00,5,18,-1,2025-10-08,B022
R008_down_T002,R008_down,S047,2025-10-08 09:35:00,2025-10-08 09:37:00,5,18,7,2025-10-08,B022
R008_down_T002,R008_down,S007,2025-10-08 09:37:00,2025-10-08 09:39:00,10,9,4,2025-10-08,B022
R008_down_T002,R008_down,S009,2025-10-08 09:38:00,2025-10-08 09:41:00,7,16,-1,2025-10-08,B022
R008_down_T002,R008_down,S011,2025-10-08 09:53:00,2025-10-08 09:54:00,6,11,5,2025-10-08,B022
R008_down_T003,R008_down,S005,2025-10-08 08:17:00,2025-10-08 08:18:00,11,8,-1,2025-10-08,B009
R008_down_T003,R008_down,S059,2025-10-08 08:24:00,2025-10-08 08:26:00,12,17,-1,2025-10-08,B009
R008_down_T003,R008_down,S042,2025-10-08 08:30:00,2025-10-08 08:32:00,10,19,-2,2025-10-08,B009
R008_down_T003,R008_down,S046,2025-10-08 08:44:00,2025-10-08 08:45:00,7,17,5,2025-10-08,B009
R008_down_T003,R008_down,S048,2025-10-08 08:42:00,2025-10-08 08:43:00,8,13,-1,2025-10-08,B009
R008_down_T003,R008_down,S017,2025-10-08 08:50:00,2025-10-08 08:53:00,11,10,0,2025-10-08,B009
R008_down_T003,R008_down,S004,2025-10-08 09:03:00,2025-10-08 09:05:00,1,2,5,2025-10-08,B009
R008_down_T003,R008_down,S052,2025-10-08 09:10:00,2025-10-08 09:11:00,4,8,5,2025-10-08,B009
R008_down_T003,R008_down,S031,2025-10-08 09:11:00,2025-10-08 09:13:00,5,7,0,2025-10-08,B009
R008_down_T003,R008_down,S040,2025-10-08 09:23:00,2025-10-08 09:24:00,0,12,6,2025-10-08,B009
R008_down_T003,R008_down,S039,2025-10-08 09:20:00,2025-10-08 09:21:00,12,17,-1,2025-10-08,B009
R008_down_T003,R008_down,S038,2025-10-08 09:34:00,2025-10-08 09:36:00,7,3,6,2025-10-08,B009
R008_down_T003,R008_down,S006,2025-10-08 09:35:00,2025-10-08 09:37:00,11,17,2,2025-10-08,B009
R008_down_T003,R008_down,S047,2025-10-08 09:46:00,2025-10-08 09:48:00,6,21,6,2025-10-08,B009
R008_down_T003,R008_down,S007,2025-10-08 09:46:00,2025-10-08 09:49:00,3,10,1,2025-10-08,B009
R008_down_T003,R008_down,S009,2025-10-08 09:51:00,2025-10-08 09:52:00,0,15,-1,2025-10-08,B009
R008_down_T003,R008_down,S011,2025-10-08 09:58:00,2025-10-08 10:00:00,7,11,-1,2025-10-08,B009
R008_down_T004,R008_down,S005,2025-10-08 08:45:00,2025-10-08 08:46:00,8,15,6,2025-10-08,B005
R008_down_T004,R008_down,S059,2025-10-08 08:45:00,2025-10-08 08:48:00,3,0,-1,2025-10-08,B005
R008_down_T004,R008_down,S042,2025-10-08 09:02:00,2025-10-08 09:03:00,3,14,7,2025-10-08,B005
R008_down_T004,R008_down,S046,2025-10-08 09:08:00,2025-10-08 09:11:00,8,21,6,2025-10-08,B005
R008_down_T004,R008_down,S048,2025-10-08 09:15:00,2025-10-08 09:16:00,8,17,7,2025-10-08,B005
R008_down_T004,R008_down,S017,2025-10-08 09:15:00,2025-10-08 09:16:00,10,12,0,2025-10-08,B005
R008_down_T004,R008_down,S004,2025-10-08 09:29:00,2025-10-08 09:30:00,3,18,8,2025-10-08,B005
R008_down_T004,R008_down,S052,2025-10-08 09:27:00,2025-10-08 09:28:00,6,16,0,2025-10-08,B005
R008_down_T004,R008_down,S031,2025-10-08 09:36:00,2025-10-08 09:37:00,8,22,2,2025-10-08,B005
R008_down_T004,R008_down,S040,2025-10-08 09:40:00,2025-10-08 09:42:00,11,12,1,2025-10-08,B005
R008_down_T004,R008_down,S039,2025-10-08 09:50:00,2025-10-08 09:53:00,7,14,3,2025-10-08,B005
R008_down_T004,R008_down,S038,2025-10-08 09:55:00,2025-10-08 09:57:00,4,15,-1,2025-10-08,B005
R008_down_T004,R008_down,S006,2025-10-08 10:01:00,2025-10-08 10:02:00,8,17,0,2025-10-08,B005
R008_down_T004,R008_down,S047,2025-10-08 10:05:00,2025-10-08 10:06:00,5,15,0,2025-10-08,B005
R008_down_T004,R008_down,S007,2025-10-08 10:17:00,2025-10-08 10:20:00,6,16,8,2025-10-08,B005
R008_down_T004,R008_down,S009,2025-10-08 10:16:00,2025-10-08 10:19:00,5,6,1,2025-10-08,B005
R008_down_T004,R008_down,S011,2025-10-08 10:24:00,2025-10-08 10:27:00,7,14,3,2025-10-08,B005
R008_down_T005,R008_down,S005,2025-10-08 10:21:00,2025-10-08 10:22:00,3,15,2,2025-10-08,B003
R008_down_T005,R008_down,S059,2025-10-08 10:25:00,2025-10-08 10:27:00,9,14,-1,2025-10-08,B003
R008_down_T005,R008_down,S042,2025-10-08 10:32:00,2025-10-08 10:33:00,7,11,1,2025-10-08,B003
R008_down_T005,R008_down,S046,2025-10-08 10:44:00,2025-10-08 10:45:00,11,16,8,2025-10-08,B003
R008_down_T005,R008_down,S048,2025-10-08 10:41:00,2025-10-08 10:44:00,10,16,-1,2025-10-08,B003
R008_down_T005,R008_down,S017,2025-10-08 10:51:00,2025-10-08 10:53:00,6,15,0,2025-10-08,B003
R008_down_T005,R008_down,S004,2025-10-08 11:01:00,2025-10-08 11:02:00,3,27,4,2025-10-08,B003
R008_down_T005,R008_down,S052,2025-10-08 11:02:00,2025-10-08 11:03:00,12,8,0,2025-10-08,B003
R008_down_T005,R008_down,S031,2025-10-08 11:08:00,2025-10-08 11:11:00,5,13,1,2025-10-08,B003
R008_down_T005,R008_down,S040,2025-10-08 11:22:00,2025-10-08 11:24:00,7,10,6,2025-10-08,B003
R008_down_T005,R008_down,S039,2025-10-08 11:29:00,2025-10-08 11:31:00,10,5,7,2025-10-08,B003
R008_down_T005,R008_down,S038,2025-10-08 11:27:00,2025-10-08 11:28:00,13,4,0,2025-10-08,B003
R008_down_T005,R008_down,S006,2025-10-08 11:33:00,2025-10-08 11:34:00,6,1,1,2025-10-08,B003
R008_down_T005,R008_down,S047,2025-10-08 11:37:00,2025-10-08 11:40:00,11,9,1,2025-10-08,B003
R008_down_T005,R008_down,S007,2025-10-08 11:44:00,2025-10-08 11:46:00,6,6,0,2025-10-08,B003
R008_down_T005,R008_down,S009,2025-10-08 11:55:00,2025-10-08 11:58:00,3,13,6,2025-10-08,B003
R008_down_T005,R008_down,S011,2025-10-08 11:57:00,2025-10-08 12:00:00,11,8,-1,2025-10-08,B003
R008_down_T006,R008_down,S005,2025-10-08 10:36:00,2025-10-08 10:39:00,0,16,1,2025-10-08,B002
R008_down_T006,R008_down,S059,2025-10-08 10:48:00,2025-10-08 10:50:00,6,20,6,2025-10-08,B002
R008_down_T006,R008_down,S042,2025-10-08 10:53:00,2025-10-08 10:56:00,5,6,5,2025-10-08,B002
R008_down_T006,R008_down,S046,2025-10-08 10:57:00,2025-10-08 10:59:00,2,15,1,2025-10-08,B002
R008_down_T006,R008_down,S048,2025-10-08 11:01:00,2025-10-08 11:04:00,11,3,-1,2025-10-08,B002
R008_down_T006,R008_down,S017,2025-10-08 11:09:00,2025-10-08 11:12:00,9,7,-1,2025-10-08,B002
R008_down_T006,R008_down,S004,2025-10-08 11:20:00,2025-10-08 11:23:00,5,7,2,2025-10-08,B002
R008_down_T006,R008_down,S052,2025-10-08 11:34:00,2025-10-08 11:35:00,7,6,8,2025-10-08,B002
R008_down_T006,R008_down,S031,2025-10-08 11:31:00,2025-10-08 11:34:00,9,3,-2,2025-10-08,B002
R008_down_T006,R008_down,S040,2025-10-08 11:46:00,2025-10-08 11:48:00,5,4,6,2025-10-08,B002
R008_down_T006,R008_down,S039,2025-10-08 11:46:00,2025-10-08 11:49:00,7,7,0,2025-10-08,B002
R008_down_T006,R008_down,S038,2025-10-08 11:52:00,2025-10-08 11:54:00,8,11,-1,2025-10-08,B002
R008_down_T006,R008_down,S006,2025-10-08 12:07:00,2025-10-08 12:10:00,3,11,7,2025-10-08,B002
R008_down_T006,R008_down,S047,2025-10-08 12:16:00,2025-10-08 12:19:00,9,4,8,2025-10-08,B002
R008_down_T006,R008_down,S007,2025-10-08 12:15:00,2025-10-08 12:16:00,9,0,-2,2025-10-08,B002
R008_down_T006,R008_down,S009,2025-10-08 12:24:00,2025-10-08 12:27:00,6,10,3,2025-10-08,B002
R008_down_T006,R008_down,S011,2025-10-08 12:33:00,2025-10-08 12:34:00,5,6,5,2025-10-08,B002
R008_down_T007,R008_down,S005,2025-10-08 12:34:00,2025-10-08 12:37:00,0,3,5,2025-10-08,B020
R008_down_T007,R008_down,S059,2025-10-08 12:41:00,2025-10-08 12:42:00,8,2,6,2025-10-08,B020
R008_down_T007,R008_down,S042,2025-10-08 12:40:00,2025-10-08 12:41:00,5,7,-2,2025-10-08,B020
R008_down_T007,R008_down,S046,2025-10-08 12:49:00,2025-10-08 12:52:00,9,10,3,2025-10-08,B020
R008_down_T007,R008_down,S048,2025-10-08 13:00:00,2025-10-08 13:01:00,7,0,6,2025-10-08,B020
R008_down_T007,R008_down,S017,2025-10-08 13:06:00,2025-10-08 13:08:00,8,4,8,2025-10-08,B020
R008_down_T007,R008_down,S004,2025-10-08 13:11:00,2025-10-08 13:14:00,3,6,7,2025-10-08,B020
R008_down_T007,R008_down,S052,2025-10-08 13:17:00,2025-10-08 13:20:00,5,3,7,2025-10-08,B020
R008_down_T007,R008_down,S031,2025-10-08 13:20:00,2025-10-08 13:21:00,6,3,3,2025-10-08,B020
R008_down_T007,R008_down,S040,2025-10-08 13:20:00,2025-10-08 13:22:00,2,5,-2,2025-10-08,B020
R008_down_T007,R008_down,S039,2025-10-08 13:29:00,2025-10-08 13:30:00,10,1,0,2025-10-08,B020
R008_down_T007,R008_down,S038,2025-10-08 13:36:00,2025-10-08 13:39:00,2,1,0,2025-10-08,B020
R008_down_T007,R008_down,S006,2025-10-08 13:49:00,2025-10-08 13:51:00,6,2,7,2025-10-08,B020
R008_down_T007,R008_down,S047,2025-10-08 13:48:00,2025-10-08 13:51:00,11,4,0,2025-10-08,B020
R008_down_T007,R008_down,S007,2025-10-08 13:57:00,2025-10-08 13:59:00,9,8,1,2025-10-08,B020
R008_down_T007,R008_down,S009,2025-10-08 14:06:00,2025-10-08 14:09:00,5,1,3,2025-10-08,B020
R008_down_T007,R008_down,S011,2025-10-08 14:18:00,2025-10-08 14:19:00,2,4,6,2025-10-08,B020
R008_down_T008,R008_down,S005,2025-10-08 13:11:00,2025-10-08 13:14:00,6,6,7,2025-10-08,B021
R008_down_T008,R008_down,S059,2025-10-08 13:15:00,2025-10-08 13:18:00,8,8,4,2025-10-08,B021
R008_down_T008,R008_down,S042,2025-10-08 13:21:00,2025-10-08 13:23:00,9,1,4,2025-10-08,B021
R008_down_T008,R008_down,S046,2025-10-08 13:21:00,2025-10-08 13:22:00,4,7,-2,2025-10-08,B021
R008_down_T008,R008_down,S048,2025-10-08 13:30:00,2025-10-08 13:32:00,1,8,2,2025-10-08,B021
R008_down_T008,R008_down,S017,2025-10-08 13:43:00,2025-10-08 13:46:00,12,7,8,2025-10-08,B021
R008_down_T008,R008_down,S004,2025-10-08 13:49:00,2025-10-08 13:50:00,1,6,8,2025-10-08,B021
R008_down_T008,R008_down,S052,2025-10-08 13:48:00,2025-10-08 13:49:00,6,5,0,2025-10-08,B021
R008_down_T008,R008_down,S031,2025-10-08 13:57:00,2025-10-08 13:59:00,6,8,5,2025-10-08,B021
R008_down_T008,R008_down,S040,2025-10-08 14:04:00,2025-10-08 14:06:00,2,7,5,2025-10-08,B021
R008_down_T008,R008_down,S039,2025-10-08 14:08:00,2025-10-08 14:10:00,8,4,2,2025-10-08,B021
R008_down_T008,R008_down,S038,2025-10-08 14:11:00,2025-10-08 14:14:00,5,7,-2,2025-10-08,B021
R008_down_T008,R008_down,S006,2025-10-08 14:25:00,2025-10-08 14:28:00,10,11,4,2025-10-08,B021
R008_down_T008,R008_down,S047,2025-10-08 14:33:00,2025-10-08 14:36:00,11,7,4,2025-10-08,B021
R008_down_T008,R008_down,S007,2025-10-08 14:43:00,2025-10-08 14:45:00,12,5,7,2025-10-08,B021
R008_down_T008,R008_down,S009,2025-10-08 14:45:00,2025-10-08 14:48:00,15,0,4,2025-10-08,B021
R008_down_T008,R008_down,S011,2025-10-08 14:53:00,2025-10-08 14:56:00,8,12,4,2025-10-08,B021
R008_down_T009,R008_down,S005,2025-10-08 14:48:00,2025-10-08 14:51:00,9,8,8,2025-10-08,B024
R008_down_T009,R008_down,S059,2025-10-08 14:55:00,2025-10-08 14:58:00,3,8,6,2025-10-08,B024
R008_down_T009,R008_down,S042,2025-10-08 15:00:00,2025-10-08 15:03:00,12,8,2,2025-10-08,B024
R008_down_T009,R008_down,S046,2025-10-08 15:10:00,2025-10-08 15:12:00,5,7,6,2025-10-08,B024
R008_down_T009,R008_down,S048,2025-10-08 15:10:00,2025-10-08 15:12:00,5,4,-2,2025-10-08,B024
R008_down_T009,R008_down,S017,2025-10-08 15:19:00,2025-10-08 15:21:00,9,7,2,2025-10-08,B024
R008_down_T009,R008_down,S004,2025-10-08 15:30:00,2025-10-08 15:32:00,3,7,6,2025-10-08,B024
R008_down_T009,R008_down,S052,2025-10-08 15:32:00,2025-10-08 15:33:00,9,3,2,2025-10-08,B024
R008_down_T009,R008_down,S031,2025-10-08 15:44:00,2025-10-08 15:47:00,5,4,7,2025-10-08,B024
R008_down_T009,R008_down,S040,2025-10-08 15:52:00,2025-10-08 15:54:00,10,4,8,2025-10-08,B024
R008_down_T009,R008_down,S039,2025-10-08 15:59:00,2025-10-08 16:01:00,8,7,7,2025-10-08,B024
R008_down_T009,R008_down,S038,2025-10-08 15:58:00,2025-10-08 16:01:00,7,5,-1,2025-10-08,B024
R008_down_T009,R008_down,S006,2025-10-08 16:10:00,2025-10-08 16:12:00,8,8,5,2025-10-08,B024
R008_down_T009,R008_down,S047,2025-10-08 16:14:00,2025-10-08 16:15:00,8,7,4,2025-10-08,B024
R008_down_T009,R008_down,S007,2025-10-08 16:16:00,2025-10-08 16:17:00,9,3,0,2025-10-08,B024
R008_down_T009,R008_down,S009,2025-10-08 16:26:00,2025-10-08 16:28:00,5,3,6,2025-10-08,B024
R008_down_T009,R008_down,S011,2025-10-08 16:30:00,2025-10-08 16:33:00,4,5,5,2025-10-08,B024
R008_down_T010,R008_down,S005,2025-10-08 16:21:00,2025-10-08 16:24:00,9,8,4,2025-10-08,B024
R008_down_T010,R008_down,S059,2025-10-08 16:31:00,2025-10-08 16:34:00,5,10,7,2025-10-08,B024
R008_down_T010,R008_down,S042,2025-10-08 16:31:00,2025-10-08 16:32:00,9,8,-1,2025-10-08,B024
R008_down_T010,R008_down,S046,2025-10-08 16:42:00,2025-10-08 16:43:00,10,9,4,2025-10-08,B024
R008_down_T010,R008_down,S048,2025-10-08 16:46:00,2025-10-08 16:48:00,7,6,4,2025-10-08,B024
R008_down_T010,R008_down,S017,2025-10-08 16:55:00,2025-10-08 16:56:00,8,4,6,2025-10-08,B024
R008_down_T010,R008_down,S004,2025-10-08 17:02:00,2025-10-08 17:04:00,7,4,7,2025-10-08,B024
R008_down_T010,R008_down,S052,2025-10-08 17:05:00,2025-10-08 17:07:00,24,8,2,2025-10-08,B024
R008_down_T010,R008_down,S031,2025-10-08 17:13:00,2025-10-08 17:16:00,18,5,5,2025-10-08,B024
R008_down_T010,R008_down,S040,2025-10-08 17:16:00,2025-10-08 17:17:00,12,3,-1,2025-10-08,B024
R008_down_T010,R008_down,S039,2025-10-08 17:25:00,2025-10-08 17:27:00,13,2,3,2025-10-08,B024
R008_down_T010,R008_down,S038,2025-10-08 17:30:00,2025-10-08 17:33:00,17,6,1,2025-10-08,B024
R008_down_T010,R008_down,S006,2025-10-08 17:41:00,2025-10-08 17:44:00,18,6,6,2025-10-08,B024
R008_down_T010,R008_down,S047,2025-10-08 17:47:00,2025-10-08 17:50:00,14,0,3,2025-10-08,B024
R008_down_T010,R008_down,S007,2025-10-08 18:00:00,2025-10-08 18:03:00,17,5,7,2025-10-08,B024
R008_down_T010,R008_down,S009,2025-10-08 18:04:00,2025-10-08 18:07:00,14,11,2,2025-10-08,B024
R008_down_T010,R008_down,S011,2025-10-08 18:10:00,2025-10-08 18:12:00,18,9,1,2025-10-08,B024
R008_down_T011,R008_down,S005,2025-10-08 17:17:00,2025-10-08 17:18:00,12,7,3,2025-10-08,B022
R008_down_T011,R008_down,S059,2025-10-08 17:25:00,2025-10-08 17:28:00,6,8,6,2025-10-08,B022
R008_down_T011,R008_down,S042,2025-10-08 17:33:00,2025-10-08 17:34:00,17,4,5,2025-10-08,B022
R008_down_T011,R008_down,S046,2025-10-08 17:38:00,2025-10-08 17:39:00,9,6,3,2025-10-08,B022
R008_down_T011,R008_down,S048,2025-10-08 17:44:00,2025-10-08 17:46:00,22,0,4,2025-10-08,B022
R008_down_T011,R008_down,S017,2025-10-08 17:45:00,2025-10-08 17:47:00,15,5,0,2025-10-08,B022
R008_down_T011,R008_down,S004,2025-10-08 17:52:00,2025-10-08 17:55:00,19,5,2,2025-10-08,B022
R008_down_T011,R008_down,S052,2025-10-08 17:59:00,2025-10-08 18:00:00,18,12,1,2025-10-08,B022
R008_down_T011,R008_down,S031,2025-10-08 18:01:00,2025-10-08 18:03:00,22,9,-2,2025-10-08,B022
R008_down_T011,R008_down,S040,2025-10-08 18:15:00,2025-10-08 18:17:00,20,5,5,2025-10-08,B022
R008_down_T011,R008_down,S039,2025-10-08 18:18:00,2025-10-08 18:20:00,8,7,0,2025-10-08,B022
R008_down_T011,R008_down,S038,2025-10-08 18:34:00,2025-10-08 18:37:00,15,5,8,2025-10-08,B022
R008_down_T011,R008_down,S006,2025-10-08 18:32:00,2025-10-08 18:33:00,9,4,0,2025-10-08,B022
R008_down_T011,R008_down,S047,2025-10-08 18:45:00,2025-10-08 18:48:00,14,13,6,2025-10-08,B022
R008_down_T011,R008_down,S007,2025-10-08 18:49:00,2025-10-08 18:50:00,8,4,2,2025-10-08,B022
R008_down_T011,R008_down,S009,2025-10-08 18:55:00,2025-10-08 18:58:00,13,7,4,2025-10-08,B022
R008_down_T011,R008_down,S011,2025-10-08 18:59:00,2025-10-08 19:02:00,17,6,0,2025-10-08,B022
R008_down_T012,R008_down,S005,2025-10-08 17:37:00,2025-10-08 17:40:00,8,5,3,2025-10-08,B006
R008_down_T012,R008_down,S059,2025-10-08 17:41:00,2025-10-08 17:42:00,12,2,-1,2025-10-08,B006
R008_down_T012,R008_down,S042,2025-10-08 17:49:00,2025-10-08 17:52:00,7,1,0,2025-10-08,B006
R008_down_T012,R008_down,S046,2025-10-08 18:02:00,2025-10-08 18:04:00,8,6,7,2025-10-08,B006
R008_down_T012,R008_down,S048,2025-10-08 18:04:00,2025-10-08 18:06:00,13,4,4,2025-10-08,B006
R008_down_T012,R008_down,S017,2025-10-08 18:06:00,2025-10-08 18:09:00,2,5,1,2025-10-08,B006
R008_down_T012,R008_down,S004,2025-10-08 18:20:00,2025-10-08 18:21:00,1,5,6,2025-10-08,B006
R008_down_T012,R008_down,S052,2025-10-08 18:27:00,2025-10-08 18:29:00,21,6,8,2025-10-08,B006
R008_down_T012,R008_down,S031,2025-10-08 18:25:00,2025-10-08 18:27:00,13,2,-1,2025-10-08,B006
R008_down_T012,R008_down,S040,2025-10-08 18:30:00,2025-10-08 18:32:00,13,6,-2,2025-10-08,B006
R008_down_T012,R008_down,S039,2025-10-08 18:46:00,2025-10-08 18:49:00,4,4,8,2025-10-08,B006
R008_down_T012,R008_down,S038,2025-10-08 18:52:00,2025-10-08 18:54:00,6,3,8,2025-10-08,B006
R008_down_T012,R008_down,S006,2025-10-08 18:55:00,2025-10-08 18:57:00,11,3,6,2025-10-08,B006
R008_down_T012,R008_down,S047,2025-10-08 19:01:00,2025-10-08 19:04:00,6,5,4,2025-10-08,B006
R008_down_T012,R008_down,S007,2025-10-08 19:12:00,2025-10-08 19:15:00,4,3,7,2025-10-08,B006
R008_down_T012,R008_down,S009,2025-10-08 19:12:00,2025-10-08 19:13:00,18,5,0,2025-10-08,B006
R008_down_T012,R008_down,S011,2025-10-08 19:20:00,2025-10-08 19:22:00,11,4,3,2025-10-08,B006
R008_down_T013,R008_down,S005,2025-10-08 19:34:00,2025-10-08 19:35:00,18,8,1,2025-10-08,B021
R008_down_T013,R008_down,S059,2025-10-08 19:44:00,2025-10-08 19:45:00,12,5,4,2025-10-08,B021
R008_down_T013,R008_down,S042,2025-10-08 19:43:00,2025-10-08 19:46:00,16,5,-2,2025-10-08,B021
R008_down_T013,R008_down,S046,2025-10-08 19:52:00,2025-10-08 19:53:00,15,5,0,2025-10-08,B021
R008_down_T013,R008_down,S048,2025-10-08 20:05:00,2025-10-08 20:07:00,15,6,8,2025-10-08,B021
R008_down_T013,R008_down,S017,2025-10-08 20:08:00,2025-10-08 20:11:00,17,11,5,2025-10-08,B021
R008_down_T013,R008_down,S004,2025-10-08 20:12:00,2025-10-08 20:15:00,10,12,3,2025-10-08,B021
R008_down_T013,R008_down,S052,2025-10-08 20:20:00,2025-10-08 20:21:00,18,12,2,2025-10-08,B021
R008_down_T013,R008_down,S031,2025-10-08 20:26:00,2025-10-08 20:29:00,17,7,2,2025-10-08,B021
R008_down_T013,R008_down,S040,2025-10-08 20:41:00,2025-10-08 20:42:00,21,10,8,2025-10-08,B021
R008_down_T013,R008_down,S039,2025-10-08 20:41:00,2025-10-08 20:43:00,9,7,1,2025-10-08,B021
R008_down_T013,R008_down,S038,2025-10-08 20:53:00,2025-10-08 20:56:00,15,10,6,2025-10-08,B021
R008_down_T013,R008_down,S006,2025-10-08 21:02:00,2025-10-08 21:03:00,8,4,6,2025-10-08,B021
R008_down_T013,R008_down,S047,2025-10-08 21:05:00,2025-10-08 21:06:00,14,4,3,2025-10-08,B021
R008_down_T013,R008_down,S007,2025-10-08 21:15:00,2025-10-08 21:18:00,16,1,7,2025-10-08,B021
R008_down_T013,R008_down,S009,2025-10-08 21:22:00,2025-10-08 21:23:00,15,6,6,2025-10-08,B021
R008_down_T013,R008_down,S011,2025-10-08 21:22:00,2025-10-08 21:25:00,17,9,-1,2025-10-08,B021
R008_down_T014,R008_down,S005,2025-10-08 20:33:00,2025-10-08 20:36:00,6,8,7,2025-10-08,B025
R008_down_T014,R008_down,S059,2025-10-08 20:40:00,2025-10-08 20:43:00,20,6,8,2025-10-08,B025
R008_down_T014,R008_down,S042,2025-10-08 20:45:00,2025-10-08 20:48:00,20,11,6,2025-10-08,B025
R008_down_T014,R008_down,S046,2025-10-08 20:48:00,2025-10-08 20:51:00,16,5,3,2025-10-08,B025
R008_down_T014,R008_down,S048,2025-10-08 20:59:00,2025-10-08 21:01:00,4,7,8,2025-10-08,B025
R008_down_T014,R008_down,S017,2025-10-08 21:04:00,2025-10-08 21:07:00,12,1,5,2025-10-08,B025
R008_down_T014,R008_down,S004,2025-10-08 21:06:00,2025-10-08 21:09:00,16,5,-2,2025-10-08,B025
R008_down_T014,R008_down,S052,2025-10-08 21:18:00,2025-10-08 21:19:00,16,2,2,2025-10-08,B025
R008_down_T014,R008_down,S031,2025-10-08 21:26:00,2025-10-08 21:28:00,19,3,5,2025-10-08,B025
R008_down_T014,R008_down,S040,2025-10-08 21:32:00,2025-10-08 21:33:00,18,10,4,2025-10-08,B025
R008_down_T014,R008_down,S039,2025-10-08 21:38:00,2025-10-08 21:41:00,7,11,4,2025-10-08,B025
R008_down_T014,R008_down,S038,2025-10-08 21:47:00,2025-10-08 21:48:00,18,5,6,2025-10-08,B025
R008_down_T014,R008_down,S006,2025-10-08 21:54:00,2025-10-08 21:57:00,24,2,8,2025-10-08,B025
R008_down_T014,R008_down,S047,2025-10-08 21:55:00,2025-10-08 21:56:00,19,3,1,2025-10-08,B025
R008_down_T014,R008_down,S007,2025-10-08 22:06:00,2025-10-08 22:09:00,13,5,6,2025-10-08,B025
R008_down_T014,R008_down,S009,2025-10-08 22:08:00,2025-10-08 22:09:00,15,6,2,2025-10-08,B025
R008_down_T014,R008_down,S011,2025-10-08 22:11:00,2025-10-08 22:12:00,8,6,1,2025-10-08,B025
R008_down_T015,R008_down,S005,2025-10-08 20:50:00,2025-10-08 20:51:00,13,11,-2,2025-10-08,B021
R008_down_T015,R008_down,S059,2025-10-08 20:59:00,2025-10-08 21:00:00,9,5,1,2025-10-08,B021
R008_down_T015,R008_down,S042,2025-10-08 21:06:00,2025-10-08 21:09:00,13,4,2,2025-10-08,B021
R008_down_T015,R008_down,S046,2025-10-08 21:16:00,2025-10-08 21:17:00,6,4,4,2025-10-08,B021
R008_down_T015,R008_down,S048,2025-10-08 21:17:00,2025-10-08 21:19:00,20,9,-1,2025-10-08,B021
R008_down_T015,R008_down,S017,2025-10-08 21:29:00,2025-10-08 21:31:00,11,5,4,2025-10-08,B021
R008_down_T015,R008_down,S004,2025-10-08 21:36:00,2025-10-08 21:37:00,18,6,3,2025-10-08,B021
R008_down_T015,R008_down,S052,2025-10-08 21:37:00,2025-10-08 21:38:00,18,5,-2,2025-10-08,B021
R008_down_T015,R008_down,S031,2025-10-08 21:51:00,2025-10-08 21:52:00,12,8,7,2025-10-08,B021
R008_down_T015,R008_down,S040,2025-10-08 21:54:00,2025-10-08 21:55:00,8,10,3,2025-10-08,B021
R008_down_T015,R008_down,S039,2025-10-08 22:01:00,2025-10-08 22:04:00,30,1,6,2025-10-08,B021
R008_down_T015,R008_down,S038,2025-10-08 22:09:00,2025-10-08 22:10:00,9,6,6,2025-10-08,B021
R008_down_T015,R008_down,S006,2025-10-08 22:16:00,2025-10-08 22:19:00,12,5,7,2025-10-08,B021
R008_down_T015,R008_down,S047,2025-10-08 22:20:00,2025-10-08 22:23:00,14,3,4,2025-10-08,B021
R008_down_T015,R008_down,S007,2025-10-08 22:30:00,2025-10-08 22:31:00,13,6,5,2025-10-08,B021
R008_down_T015,R008_down,S009,2025-10-08 22:31:00,2025-10-08 22:32:00,17,5,-1,2025-10-08,B021
R008_down_T015,R008_down,S011,2025-10-08 22:39:00,2025-10-08 22:42:00,15,6,0,2025-10-08,B021
R008_down_T016,R008_down,S005,2025-10-08 21:40:00,2025-10-08 21:42:00,18,10,8,2025-10-08,B004
R008_down_T016,R008_down,S059,2025-10-08 21:45:00,2025-10-08 21:47:00,12,9,6,2025-10-08,B004
R008_down_T016,R008_down,S042,2025-10-08 21:45:00,2025-10-08 21:48:00,13,3,1,2025-10-08,B004
R008_down_T016,R008_down,S046,2025-10-08 21:59:00,2025-10-08 22:01:00,23,7,6,2025-10-08,B004
R008_down_T016,R008_down,S048,2025-10-08 21:56:00,2025-10-08 21:58:00,9,2,-2,2025-10-08,B004
R008_down_T016,R008_down,S017,2025-10-08 22:10:00,2025-10-08 22:13:00,19,7,4,2025-10-08,B004
R008_down_T016,R008_down,S004,2025-10-08 22:13:00,2025-10-08 22:15:00,18,6,-1,2025-10-08,B004
R008_down_T016,R008_down,S052,2025-10-08 22:22:00,2025-10-08 22:23:00,23,3,3,2025-10-08,B004
R008_down_T016,R008_down,S031,2025-10-08 22:24:00,2025-10-08 22:26:00,14,12,-2,2025-10-08,B004
R008_down_T016,R008_down,S040,2025-10-08 22:40:00,2025-10-08 22:41:00,14,1,7,2025-10-08,B004
R008_down_T016,R008_down,S039,2025-10-08 22:45:00,2025-10-08 22:46:00,13,1,6,2025-10-08,B004
R008_down_T016,R008_down,S038,2025-10-08 22:54:00,2025-10-08 22:57:00,13,10,8,2025-10-08,B004
R008_down_T016,R008_down,S006,2025-10-08 23:03:00,2025-10-08 23:04:00,5,8,8,2025-10-08,B004
R008_down_T016,R008_down,S047,2025-10-08 22:58:00,2025-10-08 22:59:00,9,0,-2,2025-10-08,B004
R008_down_T016,R008_down,S007,2025-10-08 23:05:00,2025-10-08 23:07:00,11,9,0,2025-10-08,B004
R008_down_T016,R008_down,S009,2025-10-08 23:09:00,2025-10-08 23:11:00,14,9,-2,2025-10-08,B004
R008_down_T016,R008_down,S011,2025-10-08 23:19:00,2025-10-08 23:21:00,1,6,2,2025-10-08,B004
R008_down_T017,R008_down,S005,2025-10-08 22:00:00,2025-10-08 22:02:00,24,8,4,2025-10-08,B004
R008_down_T017,R008_down,S059,2025-10-08 22:08:00,2025-10-08 22:10:00,17,3,6,2025-10-08,B004
R008_down_T017,R008_down,S042,2025-10-08 22:12:00,2025-10-08 22:14:00,12,8,4,2025-10-08,B004
R008_down_T017,R008_down,S046,2025-10-08 22:14:00,2025-10-08 22:15:00,15,8,-1,2025-10-08,B004
R008_down_T017,R008_down,S048,2025-10-08 22:23:00,2025-10-08 22:26:00,14,7,4,2025-10-08,B004
R008_down_T017,R008_down,S017,2025-10-08 22:30:00,2025-10-08 22:31:00,3,7,2,2025-10-08,B004
R008_down_T017,R008_down,S004,2025-10-08 22:41:00,2025-10-08 22:43:00,5,4,6,2025-10-08,B004
R008_down_T017,R008_down,S052,2025-10-08 22:41:00,2025-10-08 22:44:00,5,8,0,2025-10-08,B004
R008_down_T017,R008_down,S031,2025-10-08 22:56:00,2025-10-08 22:59:00,10,10,7,2025-10-08,B004
R008_down_T017,R008_down,S040,2025-10-08 23:04:00,2025-10-08 23:07:00,20,5,6,2025-10-08,B004
R008_down_T017,R008_down,S039,2025-10-08 23:11:00,2025-10-08 23:14:00,4,6,5,2025-10-08,B004
R008_down_T017,R008_down,S038,2025-10-08 23:19:00,2025-10-08 23:20:00,11,5,7,2025-10-08,B004
R008_down_T017,R008_down,S006,2025-10-08 23:16:00,2025-10-08 23:19:00,11,11,-2,2025-10-08,B004
R008_down_T017,R008_down,S047,2025-10-08 23:33:00,2025-10-08 23:36:00,6,2,7,2025-10-08,B004
R008_down_T017,R008_down,S007,2025-10-08 23:30:00,2025-10-08 23:31:00,13,7,-2,2025-10-08,B004
R008_down_T017,R008_down,S009,2025-10-08 23:42:00,2025-10-08 23:43:00,8,6,6,2025-10-08,B004
R008_down_T017,R008_down,S011,2025-10-08 23:49:00,2025-10-08 23:50:00,12,1,7,2025-10-08,B004
R008_down_T018,R008_down,S005,2025-10-08 22:25:00,2025-10-08 22:28:00,13,3,5,2025-10-08,B017
R008_down_T018,R008_down,S059,2025-10-08 22:28:00,2025-10-08 22:31:00,9,10,-1,2025-10-08,B017
R008_down_T018,R008_down,S042,2025-10-08 22:38:00,2025-10-08 22:41:00,15,2,1,2025-10-08,B017
R008_down_T018,R008_down,S046,2025-10-08 22:51:00,2025-10-08 22:53:00,15,0,6,2025-10-08,B017
R008_down_T018,R008_down,S048,2025-10-08 23:01:00,2025-10-08 23:02:00,12,5,8,2025-10-08,B017
R008_down_T018,R008_down,S017,2025-10-08 22:55:00,2025-10-08 22:56:00,15,5,-2,2025-10-08,B017
R008_down_T018,R008_down,S004,2025-10-08 23:07:00,2025-10-08 23:09:00,3,4,3,2025-10-08,B017
R008_down_T018,R008_down,S052,2025-10-08 23:10:00,2025-10-08 23:12:00,9,5,-1,2025-10-08,B017
R008_down_T018,R008_down,S031,2025-10-08 23:22:00,2025-10-08 23:23:00,8,1,3,2025-10-08,B017
R008_down_T018,R008_down,S040,2025-10-08 23:28:00,2025-10-08 23:30:00,12,8,2,2025-10-08,B017
R008_down_T018,R008_down,S039,2025-10-08 23:38:00,2025-10-08 23:41:00,2,6,6,2025-10-08,B017
R008_down_T018,R008_down,S038,2025-10-08 23:44:00,2025-10-08 23:47:00,12,3,3,2025-10-08,B017
R008_down_T018,R008_down,S006,2025-10-08 23:51:00,2025-10-08 23:53:00,8,1,1,2025-10-08,B017
R008_down_T018,R008_down,S047,2025-10-08 23:58:00,2025-10-09 00:01:00,10,8,1,2025-10-08,B017
R008_down_T018,R008_down,S007,2025-10-09 00:09:00,2025-10-09 00:11:00,5,8,5,2025-10-08,B017
R008_down_T018,R008_down,S009,2025-10-09 00:18:00,2025-10-09 00:20:00,13,1,6,2025-10-08,B017
R008_down_T018,R008_down,S011,2025-10-09 00:21:00,2025-10-09 00:22:00,5,3,2,2025-10-08,B017
R008_down_T019,R008_down,S005,2025-10-08 22:54:00,2025-10-08 22:57:00,16,4,5,2025-10-08,B025
R008_down_T019,R008_down,S059,2025-10-08 22:55:00,2025-10-08 22:58:00,14,5,0,2025-10-08,B025
R008_down_T019,R008_down,S042,2025-10-08 23:06:00,2025-10-08 23:07:00,3,6,4,2025-10-08,B025
R008_down_T019,R008_down,S046,2025-10-08 23:16:00,2025-10-08 23:19:00,5,7,8,2025-10-08,B025
R008_down_T019,R008_down,S048,2025-10-08 23:17:00,2025-10-08 23:20:00,1,1,2,2025-10-08,B025
R008_down_T019,R008_down,S017,2025-10-08 23:28:00,2025-10-08 23:31:00,8,12,4,2025-10-08,B025
R008_down_T019,R008_down,S004,2025-10-08 23:33:00,2025-10-08 23:34:00,10,3,0,2025-10-08,B025
R008_down_T019,R008_down,S052,2025-10-08 23:44:00,2025-10-08 23:46:00,8,14,4,2025-10-08,B025
R008_down_T019,R008_down,S031,2025-10-08 23:50:00,2025-10-08 23:53:00,8,10,4,2025-10-08,B025
R008_down_T019,R008_down,S040,2025-10-08 23:57:00,2025-10-08 23:59:00,7,10,5,2025-10-08,B025
R008_down_T019,R008_down,S039,2025-10-08 23:58:00,2025-10-09 00:00:00,11,2,-2,2025-10-08,B025
R008_down_T019,R008_down,S038,2025-10-09 00:04:00,2025-10-09 00:07:00,8,3,-2,2025-10-08,B025
R008_down_T019,R008_down,S006,2025-10-09 00:15:00,2025-10-09 00:18:00,7,9,0,2025-10-08,B025
R008_down_T019,R008_down,S047,2025-10-09 00:25:00,2025-10-09 00:27:00,3,5,2,2025-10-08,B025
R008_down_T019,R008_down,S007,2025-10-09 00:31:00,2025-10-09 00:34:00,6,4,0,2025-10-08,B025
R008_down_T019,R008_down,S009,2025-10-09 00:41:00,2025-10-09 00:43:00,5,2,3,2025-10-08,B025
R008_down_T019,R008_down,S011,2025-10-09 00:50:00,2025-10-09 00:53:00,9,4,7,2025-10-08,B025
