trip_id,route_id,stop_id,observed_arrival,observed_departure,boarding_in,boarding_out,delay_mins,date,assigned_bus,total_boarding,bus_capacity,over_capacity_flag
R001_T001,R001,['S032',2025-10-08 05:28:00,2025-10-08 05:33:00,9,0,-2,2025-10-08,BUS_001,18,50,False
R001_T001,R001,'S001',2025-10-08 05:39:00,2025-10-08 05:42:00,5,2,1,2025-10-08,BUS_001,18,50,False
R001_T001,R001,'S049',2025-10-08 05:47:00,2025-10-08 05:52:00,4,2,2,2025-10-08,BUS_001,18,50,False
R001_T001,R001,'S006',2025-10-08 05:52:00,2025-10-08 05:57:00,0,2,-1,2025-10-08,BUS_001,18,50,False
R001_T001,R001,'S053',2025-10-08 06:04:00,2025-10-08 06:09:00,0,3,3,2025-10-08,BUS_001,18,50,False
R001_T001,R001,'S015',2025-10-08 06:14:00,2025-10-08 06:19:00,0,1,5,2025-10-08,BUS_001,18,50,False
R001_T001,R001,'S025',2025-10-08 06:19:00,2025-10-08 06:21:00,0,1,2,2025-10-08,BUS_001,18,50,False
R001_T001,R001,'S038',2025-10-08 06:29:00,2025-10-08 06:32:00,0,0,6,2025-10-08,BUS_001,18,50,False
R001_T001,R001,'S017',2025-10-08 06:29:00,2025-10-08 06:31:00,0,2,0,2025-10-08,BUS_001,18,50,False
R001_T001,R001,'S036',2025-10-08 06:36:00,2025-10-08 06:37:00,0,0,1,2025-10-08,BUS_001,18,50,False
R001_T001,R001,'S035',2025-10-08 06:43:00,2025-10-08 06:47:00,0,0,2,2025-10-08,BUS_001,18,50,False
R001_T001,R001,'S034',2025-10-08 06:51:00,2025-10-08 06:54:00,0,1,2,2025-10-08,BUS_001,18,50,False
R001_T001,R001,'S050',2025-10-08 06:56:00,2025-10-08 06:59:00,0,0,0,2025-10-08,BUS_001,18,50,False
R001_T001,R001,'S048',2025-10-08 07:07:00,2025-10-08 07:09:00,0,1,4,2025-10-08,BUS_001,18,50,False
R001_T001,R001,'S016',2025-10-08 07:17:00,2025-10-08 07:20:00,0,2,7,2025-10-08,BUS_001,18,50,False
R001_T001,R001,'S012',2025-10-08 07:18:00,2025-10-08 07:21:00,0,0,2,2025-10-08,BUS_001,18,50,False
R001_T001,R001,'S052'],2025-10-08 07:24:00,2025-10-08 07:27:00,0,0,1,2025-10-08,BUS_001,18,50,False
R001_T002,R001,['S032',2025-10-08 06:01:00,2025-10-08 06:06:00,10,0,1,2025-10-08,BUS_009,18,50,False
R001_T002,R001,'S001',2025-10-08 06:10:00,2025-10-08 06:12:00,8,1,2,2025-10-08,BUS_009,18,50,False
R001_T002,R001,'S049',2025-10-08 06:14:00,2025-10-08 06:17:00,0,1,-1,2025-10-08,BUS_009,18,50,False
R001_T002,R001,'S006',2025-10-08 06:22:00,2025-10-08 06:26:00,0,1,1,2025-10-08,BUS_009,18,50,False
R001_T002,R001,'S053',2025-10-08 06:31:00,2025-10-08 06:34:00,0,3,2,2025-10-08,BUS_009,18,50,False
R001_T002,R001,'S015',2025-10-08 06:37:00,2025-10-08 06:39:00,0,0,2,2025-10-08,BUS_009,18,50,False
R001_T002,R001,'S025',2025-10-08 06:41:00,2025-10-08 06:45:00,0,2,-1,2025-10-08,BUS_009,18,50,False
R001_T002,R001,'S038',2025-10-08 06:56:00,2025-10-08 07:01:00,0,3,6,2025-10-08,BUS_009,18,50,False
R001_T002,R001,'S017',2025-10-08 06:59:00,2025-10-08 07:04:00,0,3,1,2025-10-08,BUS_009,18,50,False
R001_T002,R001,'S036',2025-10-08 07:19:00,2025-10-08 07:22:00,0,0,13,2025-10-08,BUS_009,18,50,False
R001_T002,R001,'S035',2025-10-08 07:15:00,2025-10-08 07:19:00,0,1,1,2025-10-08,BUS_009,18,50,False
R001_T002,R001,'S034',2025-10-08 07:21:00,2025-10-08 07:25:00,0,1,0,2025-10-08,BUS_009,18,50,False
R001_T002,R001,'S050',2025-10-08 07:35:00,2025-10-08 07:39:00,0,0,6,2025-10-08,BUS_009,18,50,False
R001_T002,R001,'S048',2025-10-08 07:45:00,2025-10-08 07:49:00,0,0,8,2025-10-08,BUS_009,18,50,False
R001_T002,R001,'S016',2025-10-08 07:51:00,2025-10-08 07:53:00,0,1,6,2025-10-08,BUS_009,18,50,False
R001_T002,R001,'S012',2025-10-08 07:53:00,2025-10-08 07:55:00,0,0,2,2025-10-08,BUS_009,18,50,False
R001_T002,R001,'S052'],2025-10-08 07:57:00,2025-10-08 08:02:00,0,1,0,2025-10-08,BUS_009,18,50,False
R001_T003,R001,['S032',2025-10-08 06:49:00,2025-10-08 06:51:00,6,0,4,2025-10-08,BUS_020,18,50,False
R001_T003,R001,'S001',2025-10-08 07:01:00,2025-10-08 07:04:00,6,2,9,2025-10-08,BUS_020,18,50,False
R001_T003,R001,'S049',2025-10-08 07:01:00,2025-10-08 07:03:00,4,1,3,2025-10-08,BUS_020,18,50,False
R001_T003,R001,'S006',2025-10-08 07:08:00,2025-10-08 07:09:00,0,4,3,2025-10-08,BUS_020,18,50,False
R001_T003,R001,'S053',2025-10-08 07:11:00,2025-10-08 07:14:00,2,1,0,2025-10-08,BUS_020,18,50,False
R001_T003,R001,'S015',2025-10-08 07:36:00,2025-10-08 07:40:00,0,1,17,2025-10-08,BUS_020,18,50,False
R001_T003,R001,'S025',2025-10-08 07:30:00,2025-10-08 07:34:00,0,1,3,2025-10-08,BUS_020,18,50,False
R001_T003,R001,'S038',2025-10-08 07:36:00,2025-10-08 07:37:00,0,0,1,2025-10-08,BUS_020,18,50,False
R001_T003,R001,'S017',2025-10-08 07:51:00,2025-10-08 07:54:00,0,1,10,2025-10-08,BUS_020,18,50,False
R001_T003,R001,'S036',2025-10-08 07:53:00,2025-10-08 07:54:00,0,1,5,2025-10-08,BUS_020,18,50,False
R001_T003,R001,'S035',2025-10-08 08:00:00,2025-10-08 08:03:00,0,2,6,2025-10-08,BUS_020,18,50,False
R001_T003,R001,'S034',2025-10-08 08:05:00,2025-10-08 08:10:00,0,2,3,2025-10-08,BUS_020,18,50,False
R001_T003,R001,'S050',2025-10-08 08:16:00,2025-10-08 08:19:00,0,0,6,2025-10-08,BUS_020,18,50,False
R001_T003,R001,'S048',2025-10-08 08:18:00,2025-10-08 08:20:00,0,0,0,2025-10-08,BUS_020,18,50,False
R001_T003,R001,'S016',2025-10-08 08:29:00,2025-10-08 08:31:00,0,0,5,2025-10-08,BUS_020,18,50,False
R001_T003,R001,'S012',2025-10-08 08:36:00,2025-10-08 08:39:00,0,0,5,2025-10-08,BUS_020,18,50,False
R001_T003,R001,'S052'],2025-10-08 08:39:00,2025-10-08 08:42:00,0,1,0,2025-10-08,BUS_020,18,50,False
R001_T004,R001,['S032',2025-10-08 07:34:00,2025-10-08 07:37:00,9,0,4,2025-10-08,BUS_002,18,50,False
R001_T004,R001,'S001',2025-10-08 07:43:00,2025-10-08 07:46:00,5,1,5,2025-10-08,BUS_002,18,50,False
R001_T004,R001,'S049',2025-10-08 07:46:00,2025-10-08 07:48:00,4,2,1,2025-10-08,BUS_002,18,50,False
R001_T004,R001,'S006',2025-10-08 07:55:00,2025-10-08 07:56:00,0,0,3,2025-10-08,BUS_002,18,50,False
R001_T004,R001,'S053',2025-10-08 08:04:00,2025-10-08 08:09:00,0,2,6,2025-10-08,BUS_002,18,50,False
R001_T004,R001,'S015',2025-10-08 08:06:00,2025-10-08 08:07:00,0,3,0,2025-10-08,BUS_002,18,50,False
R001_T004,R001,'S025',2025-10-08 08:16:00,2025-10-08 08:18:00,0,4,4,2025-10-08,BUS_002,18,50,False
R001_T004,R001,'S038',2025-10-08 08:19:00,2025-10-08 08:24:00,0,1,1,2025-10-08,BUS_002,18,50,False
R001_T004,R001,'S017',2025-10-08 08:31:00,2025-10-08 08:36:00,0,0,5,2025-10-08,BUS_002,18,50,False
R001_T004,R001,'S036',2025-10-08 08:43:00,2025-10-08 08:45:00,0,0,9,2025-10-08,BUS_002,18,50,False
R001_T004,R001,'S035',2025-10-08 08:43:00,2025-10-08 08:45:00,0,1,3,2025-10-08,BUS_002,18,50,False
R001_T004,R001,'S034',2025-10-08 08:52:00,2025-10-08 08:54:00,0,0,5,2025-10-08,BUS_002,18,50,False
R001_T004,R001,'S050',2025-10-08 08:53:00,2025-10-08 08:56:00,0,0,0,2025-10-08,BUS_002,18,50,False
R001_T004,R001,'S048',2025-10-08 09:05:00,2025-10-08 09:09:00,0,2,4,2025-10-08,BUS_002,18,50,False
R001_T004,R001,'S016',2025-10-08 09:22:00,2025-10-08 09:23:00,0,1,13,2025-10-08,BUS_002,18,50,False
R001_T004,R001,'S012',2025-10-08 09:26:00,2025-10-08 09:29:00,0,0,11,2025-10-08,BUS_002,18,50,False
R001_T004,R001,'S052'],2025-10-08 09:30:00,2025-10-08 09:31:00,0,1,8,2025-10-08,BUS_002,18,50,False
R001_T005,R001,['S032',2025-10-08 08:22:00,2025-10-08 08:26:00,8,0,7,2025-10-08,BUS_009,18,50,False
R001_T005,R001,'S001',2025-10-08 08:27:00,2025-10-08 08:31:00,8,2,5,2025-10-08,BUS_009,18,50,False
R001_T005,R001,'S049',2025-10-08 08:41:00,2025-10-08 08:43:00,2,0,11,2025-10-08,BUS_009,18,50,False
R001_T005,R001,'S006',2025-10-08 08:42:00,2025-10-08 08:46:00,0,2,6,2025-10-08,BUS_009,18,50,False
R001_T005,R001,'S053',2025-10-08 08:47:00,2025-10-08 08:49:00,0,3,4,2025-10-08,BUS_009,18,50,False
R001_T005,R001,'S015',2025-10-08 08:52:00,2025-10-08 08:56:00,0,0,3,2025-10-08,BUS_009,18,50,False
R001_T005,R001,'S025',2025-10-08 09:02:00,2025-10-08 09:04:00,0,1,6,2025-10-08,BUS_009,18,50,False
R001_T005,R001,'S038',2025-10-08 09:07:00,2025-10-08 09:10:00,0,0,4,2025-10-08,BUS_009,18,50,False
R001_T005,R001,'S017',2025-10-08 09:15:00,2025-10-08 09:18:00,0,2,4,2025-10-08,BUS_009,18,50,False
R001_T005,R001,'S036',2025-10-08 09:23:00,2025-10-08 09:28:00,0,2,6,2025-10-08,BUS_009,18,50,False
R001_T005,R001,'S035',2025-10-08 09:27:00,2025-10-08 09:30:00,0,1,2,2025-10-08,BUS_009,18,50,False
R001_T005,R001,'S034',2025-10-08 09:34:00,2025-10-08 09:36:00,0,0,1,2025-10-08,BUS_009,18,50,False
R001_T005,R001,'S050',2025-10-08 09:41:00,2025-10-08 09:45:00,0,3,1,2025-10-08,BUS_009,18,50,False
R001_T005,R001,'S048',2025-10-08 09:57:00,2025-10-08 10:00:00,0,0,10,2025-10-08,BUS_009,18,50,False
R001_T005,R001,'S016',2025-10-08 09:58:00,2025-10-08 10:01:00,0,1,3,2025-10-08,BUS_009,18,50,False
R001_T005,R001,'S012',2025-10-08 10:03:00,2025-10-08 10:06:00,0,0,0,2025-10-08,BUS_009,18,50,False
R001_T005,R001,'S052'],2025-10-08 10:10:00,2025-10-08 10:12:00,0,1,1,2025-10-08,BUS_009,18,50,False
R001_T006,R001,['S032',2025-10-08 09:32:00,2025-10-08 09:36:00,11,0,2,2025-10-08,BUS_004,18,50,False
R001_T006,R001,'S001',2025-10-08 09:47:00,2025-10-08 09:50:00,1,1,10,2025-10-08,BUS_004,18,50,False
R001_T006,R001,'S049',2025-10-08 09:47:00,2025-10-08 09:49:00,6,2,4,2025-10-08,BUS_004,18,50,False
R001_T006,R001,'S006',2025-10-08 09:53:00,2025-10-08 09:58:00,0,3,3,2025-10-08,BUS_004,18,50,False
R001_T006,R001,'S053',2025-10-08 10:08:00,2025-10-08 10:12:00,0,1,10,2025-10-08,BUS_004,18,50,False
R001_T006,R001,'S015',2025-10-08 10:06:00,2025-10-08 10:09:00,0,3,1,2025-10-08,BUS_004,18,50,False
R001_T006,R001,'S025',2025-10-08 10:20:00,2025-10-08 10:25:00,0,1,9,2025-10-08,BUS_004,18,50,False
R001_T006,R001,'S038',2025-10-08 10:26:00,2025-10-08 10:29:00,0,4,7,2025-10-08,BUS_004,18,50,False
R001_T006,R001,'S017',2025-10-08 10:28:00,2025-10-08 10:32:00,0,0,2,2025-10-08,BUS_004,18,50,False
R001_T006,R001,'S036',2025-10-08 10:37:00,2025-10-08 10:39:00,0,0,4,2025-10-08,BUS_004,18,50,False
R001_T006,R001,'S035',2025-10-08 10:43:00,2025-10-08 10:44:00,0,0,3,2025-10-08,BUS_004,18,50,False
R001_T006,R001,'S034',2025-10-08 10:50:00,2025-10-08 10:51:00,0,0,4,2025-10-08,BUS_004,18,50,False
R001_T006,R001,'S050',2025-10-08 10:59:00,2025-10-08 11:04:00,0,1,7,2025-10-08,BUS_004,18,50,False
R001_T006,R001,'S048',2025-10-08 11:02:00,2025-10-08 11:06:00,0,0,2,2025-10-08,BUS_004,18,50,False
R001_T006,R001,'S016',2025-10-08 11:10:00,2025-10-08 11:14:00,0,1,3,2025-10-08,BUS_004,18,50,False
R001_T006,R001,'S012',2025-10-08 11:13:00,2025-10-08 11:17:00,0,0,-2,2025-10-08,BUS_004,18,50,False
R001_T006,R001,'S052'],2025-10-08 11:20:00,2025-10-08 11:23:00,0,0,-2,2025-10-08,BUS_004,18,50,False
R001_T007,R001,['S032',2025-10-08 11:26:00,2025-10-08 11:31:00,11,0,-4,2025-10-08,BUS_005,18,50,False
R001_T007,R001,'S001',2025-10-08 11:36:00,2025-10-08 11:40:00,7,1,0,2025-10-08,BUS_005,18,50,False
R001_T007,R001,'S049',2025-10-08 11:50:00,2025-10-08 11:54:00,0,0,6,2025-10-08,BUS_005,18,50,False
R001_T007,R001,'S006',2025-10-08 11:54:00,2025-10-08 11:58:00,0,3,3,2025-10-08,BUS_005,18,50,False
R001_T007,R001,'S053',2025-10-08 11:58:00,2025-10-08 12:01:00,0,4,0,2025-10-08,BUS_005,18,50,False
R001_T007,R001,'S015',2025-10-08 12:02:00,2025-10-08 12:07:00,0,0,-3,2025-10-08,BUS_005,18,50,False
R001_T007,R001,'S025',2025-10-08 12:14:00,2025-10-08 12:17:00,0,0,2,2025-10-08,BUS_005,18,50,False
R001_T007,R001,'S038',2025-10-08 12:18:00,2025-10-08 12:22:00,0,1,0,2025-10-08,BUS_005,18,50,False
R001_T007,R001,'S017',2025-10-08 12:24:00,2025-10-08 12:29:00,0,2,-2,2025-10-08,BUS_005,18,50,False
R001_T007,R001,'S036',2025-10-08 12:35:00,2025-10-08 12:36:00,0,0,1,2025-10-08,BUS_005,18,50,False
R001_T007,R001,'S035',2025-10-08 12:40:00,2025-10-08 12:43:00,0,0,0,2025-10-08,BUS_005,18,50,False
R001_T007,R001,'S034',2025-10-08 12:45:00,2025-10-08 12:48:00,0,1,-1,2025-10-08,BUS_005,18,50,False
R001_T007,R001,'S050',2025-10-08 12:54:00,2025-10-08 12:59:00,0,2,1,2025-10-08,BUS_005,18,50,False
R001_T007,R001,'S048',2025-10-08 13:02:00,2025-10-08 13:03:00,0,0,1,2025-10-08,BUS_005,18,50,False
R001_T007,R001,'S016',2025-10-08 13:08:00,2025-10-08 13:13:00,0,0,1,2025-10-08,BUS_005,18,50,False
R001_T007,R001,'S012',2025-10-08 13:17:00,2025-10-08 13:19:00,0,1,2,2025-10-08,BUS_005,18,50,False
R001_T007,R001,'S052'],2025-10-08 13:22:00,2025-10-08 13:27:00,0,0,0,2025-10-08,BUS_005,18,50,False
R001_T008,R001,['S032',2025-10-08 13:30:00,2025-10-08 13:32:00,7,0,0,2025-10-08,BUS_001,18,50,False
R001_T008,R001,'S001',2025-10-08 13:40:00,2025-10-08 13:42:00,11,0,3,2025-10-08,BUS_001,18,50,False
R001_T008,R001,'S049',2025-10-08 13:49:00,2025-10-08 13:53:00,0,1,6,2025-10-08,BUS_001,18,50,False
R001_T008,R001,'S006',2025-10-08 13:51:00,2025-10-08 13:54:00,0,2,0,2025-10-08,BUS_001,18,50,False
R001_T008,R001,'S053',2025-10-08 14:00:00,2025-10-08 14:05:00,0,1,1,2025-10-08,BUS_001,18,50,False
R001_T008,R001,'S015',2025-10-08 14:08:00,2025-10-08 14:09:00,0,2,1,2025-10-08,BUS_001,18,50,False
R001_T008,R001,'S025',2025-10-08 14:17:00,2025-10-08 14:22:00,0,2,4,2025-10-08,BUS_001,18,50,False
R001_T008,R001,'S038',2025-10-08 14:21:00,2025-10-08 14:23:00,0,1,0,2025-10-08,BUS_001,18,50,False
R001_T008,R001,'S017',2025-10-08 14:30:00,2025-10-08 14:32:00,0,0,2,2025-10-08,BUS_001,18,50,False
R001_T008,R001,'S036',2025-10-08 14:38:00,2025-10-08 14:42:00,0,0,4,2025-10-08,BUS_001,18,50,False
R001_T008,R001,'S035',2025-10-08 14:37:00,2025-10-08 14:44:00,0,0,-4,2025-10-08,BUS_001,18,50,False
R001_T008,R001,'S034',2025-10-08 14:50:00,2025-10-08 14:52:00,0,0,1,2025-10-08,BUS_001,18,50,False
R001_T008,R001,'S050',2025-10-08 14:53:00,2025-10-08 14:58:00,0,4,-2,2025-10-08,BUS_001,18,50,False
R001_T008,R001,'S048',2025-10-08 15:06:00,2025-10-08 15:11:00,0,0,3,2025-10-08,BUS_001,18,50,False
R001_T008,R001,'S016',2025-10-08 15:10:00,2025-10-08 15:15:00,0,0,-1,2025-10-08,BUS_001,18,50,False
R001_T008,R001,'S012',2025-10-08 15:23:00,2025-10-08 15:26:00,0,0,4,2025-10-08,BUS_001,18,50,False
R001_T008,R001,'S052'],2025-10-08 15:25:00,2025-10-08 15:29:00,0,1,0,2025-10-08,BUS_001,18,50,False
R001_T009,R001,['S032',2025-10-08 15:32:00,2025-10-08 15:34:00,9,0,2,2025-10-08,BUS_002,18,50,False
R001_T009,R001,'S001',2025-10-08 15:31:00,2025-10-08 15:39:00,6,0,-6,2025-10-08,BUS_002,18,50,False
R001_T009,R001,'S049',2025-10-08 15:44:00,2025-10-08 15:48:00,3,0,0,2025-10-08,BUS_002,18,50,False
R001_T009,R001,'S006',2025-10-08 15:56:00,2025-10-08 15:59:00,0,6,5,2025-10-08,BUS_002,18,50,False
R001_T009,R001,'S053',2025-10-08 16:00:00,2025-10-08 16:03:00,0,1,1,2025-10-08,BUS_002,18,50,False
R001_T009,R001,'S015',2025-10-08 16:05:00,2025-10-08 16:09:00,0,2,0,2025-10-08,BUS_002,18,50,False
R001_T009,R001,'S025',2025-10-08 16:16:00,2025-10-08 16:18:00,0,2,4,2025-10-08,BUS_002,18,50,False
R001_T009,R001,'S038',2025-10-08 16:18:00,2025-10-08 16:20:00,0,0,0,2025-10-08,BUS_002,18,50,False
R001_T009,R001,'S017',2025-10-08 16:26:00,2025-10-08 16:30:00,0,2,1,2025-10-08,BUS_002,18,50,False
R001_T009,R001,'S036',2025-10-08 16:32:00,2025-10-08 16:34:00,0,1,0,2025-10-08,BUS_002,18,50,False
R001_T009,R001,'S035',2025-10-08 16:40:00,2025-10-08 16:41:00,0,0,2,2025-10-08,BUS_002,18,50,False
R001_T009,R001,'S034',2025-10-08 16:50:00,2025-10-08 16:53:00,0,3,6,2025-10-08,BUS_002,18,50,False
R001_T009,R001,'S050',2025-10-08 16:45:00,2025-10-08 16:51:00,0,0,-5,2025-10-08,BUS_002,18,50,False
R001_T009,R001,'S048',2025-10-08 16:54:00,2025-10-08 16:58:00,0,0,-2,2025-10-08,BUS_002,18,50,False
R001_T009,R001,'S016',2025-10-08 17:07:00,2025-10-08 17:11:00,0,0,4,2025-10-08,BUS_002,18,50,False
R001_T009,R001,'S012',2025-10-08 17:12:00,2025-10-08 17:14:00,0,0,1,2025-10-08,BUS_002,18,50,False
R001_T009,R001,'S052'],2025-10-08 17:21:00,2025-10-08 17:22:00,0,0,4,2025-10-08,BUS_002,18,50,False
R001_T010,R001,['S032',2025-10-08 17:31:00,2025-10-08 17:34:00,11,0,1,2025-10-08,BUS_007,18,50,False
R001_T010,R001,'S001',2025-10-08 17:41:00,2025-10-08 17:44:00,6,0,3,2025-10-08,BUS_007,18,50,False
R001_T010,R001,'S049',2025-10-08 17:54:00,2025-10-08 17:56:00,1,1,8,2025-10-08,BUS_007,18,50,False
R001_T010,R001,'S006',2025-10-08 17:57:00,2025-10-08 18:01:00,0,3,4,2025-10-08,BUS_007,18,50,False
R001_T010,R001,'S053',2025-10-08 18:01:00,2025-10-08 18:04:00,0,2,1,2025-10-08,BUS_007,18,50,False
R001_T010,R001,'S015',2025-10-08 18:18:00,2025-10-08 18:20:00,0,2,11,2025-10-08,BUS_007,18,50,False
R001_T010,R001,'S025',2025-10-08 18:18:00,2025-10-08 18:20:00,0,3,5,2025-10-08,BUS_007,18,50,False
R001_T010,R001,'S038',2025-10-08 18:20:00,2025-10-08 18:21:00,0,1,0,2025-10-08,BUS_007,18,50,False
R001_T010,R001,'S017',2025-10-08 18:29:00,2025-10-08 18:32:00,0,1,3,2025-10-08,BUS_007,18,50,False
R001_T010,R001,'S036',2025-10-08 18:38:00,2025-10-08 18:39:00,0,0,5,2025-10-08,BUS_007,18,50,False
R001_T010,R001,'S035',2025-10-08 18:39:00,2025-10-08 18:44:00,0,0,0,2025-10-08,BUS_007,18,50,False
R001_T010,R001,'S034',2025-10-08 18:49:00,2025-10-08 18:52:00,0,1,2,2025-10-08,BUS_007,18,50,False
R001_T010,R001,'S050',2025-10-08 18:59:00,2025-10-08 19:04:00,0,1,5,2025-10-08,BUS_007,18,50,False
R001_T010,R001,'S048',2025-10-08 19:02:00,2025-10-08 19:05:00,0,0,0,2025-10-08,BUS_007,18,50,False
R001_T010,R001,'S016',2025-10-08 19:09:00,2025-10-08 19:12:00,0,0,0,2025-10-08,BUS_007,18,50,False
R001_T010,R001,'S012',2025-10-08 19:19:00,2025-10-08 19:21:00,0,1,3,2025-10-08,BUS_007,18,50,False
R001_T010,R001,'S052'],2025-10-08 19:30:00,2025-10-08 19:32:00,0,0,7,2025-10-08,BUS_007,18,50,False
R001_T011,R001,['S032',2025-10-08 19:03:00,2025-10-08 19:07:00,9,0,3,2025-10-08,BUS_001,18,50,False
R001_T011,R001,'S001',2025-10-08 19:12:00,2025-10-08 19:16:00,7,2,5,2025-10-08,BUS_001,18,50,False
R001_T011,R001,'S049',2025-10-08 19:18:00,2025-10-08 19:19:00,2,2,3,2025-10-08,BUS_001,18,50,False
R001_T011,R001,'S006',2025-10-08 19:33:00,2025-10-08 19:34:00,0,2,12,2025-10-08,BUS_001,18,50,False
R001_T011,R001,'S053',2025-10-08 19:33:00,2025-10-08 19:36:00,0,2,6,2025-10-08,BUS_001,18,50,False
R001_T011,R001,'S015',2025-10-08 19:35:00,2025-10-08 19:37:00,0,1,1,2025-10-08,BUS_001,18,50,False
R001_T011,R001,'S025',2025-10-08 19:45:00,2025-10-08 19:50:00,0,2,4,2025-10-08,BUS_001,18,50,False
R001_T011,R001,'S038',2025-10-08 19:57:00,2025-10-08 19:59:00,0,0,8,2025-10-08,BUS_001,18,50,False
R001_T011,R001,'S017',2025-10-08 19:58:00,2025-10-08 20:03:00,0,1,2,2025-10-08,BUS_001,18,50,False
R001_T011,R001,'S036',2025-10-08 20:10:00,2025-10-08 20:12:00,0,0,6,2025-10-08,BUS_001,18,50,False
R001_T011,R001,'S035',2025-10-08 20:18:00,2025-10-08 20:19:00,0,1,7,2025-10-08,BUS_001,18,50,False
R001_T011,R001,'S034',2025-10-08 20:24:00,2025-10-08 20:28:00,0,0,7,2025-10-08,BUS_001,18,50,False
R001_T011,R001,'S050',2025-10-08 20:25:00,2025-10-08 20:29:00,0,0,1,2025-10-08,BUS_001,18,50,False
R001_T011,R001,'S048',2025-10-08 20:34:00,2025-10-08 20:35:00,0,0,2,2025-10-08,BUS_001,18,50,False
R001_T011,R001,'S016',2025-10-08 20:40:00,2025-10-08 20:41:00,0,0,2,2025-10-08,BUS_001,18,50,False
R001_T011,R001,'S012',2025-10-08 20:49:00,2025-10-08 20:53:00,0,0,5,2025-10-08,BUS_001,18,50,False
R001_T011,R001,'S052'],2025-10-08 20:52:00,2025-10-08 20:55:00,0,1,1,2025-10-08,BUS_001,18,50,False
R001_T012,R001,['S032',2025-10-08 21:10:00,2025-10-08 21:12:00,9,0,10,2025-10-08,BUS_003,18,50,False
R001_T012,R001,'S001',2025-10-08 21:11:00,2025-10-08 21:13:00,4,2,5,2025-10-08,BUS_003,18,50,False
R001_T012,R001,'S049',2025-10-08 21:16:00,2025-10-08 21:19:00,5,3,3,2025-10-08,BUS_003,18,50,False
R001_T012,R001,'S006',2025-10-08 21:26:00,2025-10-08 21:27:00,0,1,7,2025-10-08,BUS_003,18,50,False
R001_T012,R001,'S053',2025-10-08 21:29:00,2025-10-08 21:31:00,0,1,4,2025-10-08,BUS_003,18,50,False
R001_T012,R001,'S015',2025-10-08 21:31:00,2025-10-08 21:35:00,0,3,-1,2025-10-08,BUS_003,18,50,False
R001_T012,R001,'S025',2025-10-08 21:39:00,2025-10-08 21:43:00,0,1,-1,2025-10-08,BUS_003,18,50,False
R001_T012,R001,'S038',2025-10-08 21:54:00,2025-10-08 21:56:00,0,1,6,2025-10-08,BUS_003,18,50,False
R001_T012,R001,'S017',2025-10-08 22:03:00,2025-10-08 22:06:00,0,1,9,2025-10-08,BUS_003,18,50,False
R001_T012,R001,'S036',2025-10-08 22:02:00,2025-10-08 22:07:00,0,1,0,2025-10-08,BUS_003,18,50,False
R001_T012,R001,'S035',2025-10-08 22:10:00,2025-10-08 22:14:00,0,1,0,2025-10-08,BUS_003,18,50,False
R001_T012,R001,'S034',2025-10-08 22:14:00,2025-10-08 22:19:00,0,2,-3,2025-10-08,BUS_003,18,50,False
R001_T012,R001,'S050',2025-10-08 22:24:00,2025-10-08 22:27:00,0,0,0,2025-10-08,BUS_003,18,50,False
R001_T012,R001,'S048',2025-10-08 22:30:00,2025-10-08 22:34:00,0,0,-1,2025-10-08,BUS_003,18,50,False
R001_T012,R001,'S016',2025-10-08 22:42:00,2025-10-08 22:45:00,0,0,3,2025-10-08,BUS_003,18,50,False
R001_T012,R001,'S012',2025-10-08 22:47:00,2025-10-08 22:50:00,0,0,1,2025-10-08,BUS_003,18,50,False
R001_T012,R001,'S052'],2025-10-08 22:55:00,2025-10-08 22:58:00,0,0,3,2025-10-08,BUS_003,18,50,False
R002_T001,R002,['S039',2025-10-08 05:30:00,2025-10-08 05:34:00,2,0,0,2025-10-08,BUS_002,12,50,False
R002_T001,R002,'S026',2025-10-08 05:44:00,2025-10-08 05:48:00,2,0,6,2025-10-08,BUS_002,12,50,False
R002_T001,R002,'S019',2025-10-08 05:44:00,2025-10-08 05:46:00,0,1,-1,2025-10-08,BUS_002,12,50,False
R002_T001,R002,'S058',2025-10-08 05:47:00,2025-10-08 05:54:00,3,1,-4,2025-10-08,BUS_002,12,50,False
R002_T001,R002,'S030',2025-10-08 06:07:00,2025-10-08 06:08:00,1,1,8,2025-10-08,BUS_002,12,50,False
R002_T001,R002,'S002',2025-10-08 06:09:00,2025-10-08 06:11:00,1,0,4,2025-10-08,BUS_002,12,50,False
R002_T001,R002,'S031',2025-10-08 06:11:00,2025-10-08 06:15:00,0,0,-1,2025-10-08,BUS_002,12,50,False
R002_T001,R002,'S003',2025-10-08 06:13:00,2025-10-08 06:21:00,0,2,-6,2025-10-08,BUS_002,12,50,False
R002_T001,R002,'S021',2025-10-08 06:28:00,2025-10-08 06:32:00,2,1,2,2025-10-08,BUS_002,12,50,False
R002_T001,R002,'S012',2025-10-08 06:36:00,2025-10-08 06:39:00,1,0,2,2025-10-08,BUS_002,12,50,False
R002_T001,R002,'S043',2025-10-08 06:43:00,2025-10-08 06:46:00,0,2,2,2025-10-08,BUS_002,12,50,False
R002_T001,R002,'S020',2025-10-08 06:46:00,2025-10-08 06:52:00,0,1,-3,2025-10-08,BUS_002,12,50,False
R002_T001,R002,'S044'],2025-10-08 06:58:00,2025-10-08 06:59:00,0,1,1,2025-10-08,BUS_002,12,50,False
R002_T002,R002,['S039',2025-10-08 06:00:00,2025-10-08 06:04:00,0,0,0,2025-10-08,BUS_010,12,50,False
R002_T002,R002,'S026',2025-10-08 06:06:00,2025-10-08 06:09:00,3,0,-1,2025-10-08,BUS_010,12,50,False
R002_T002,R002,'S019',2025-10-08 06:11:00,2025-10-08 06:16:00,0,1,-3,2025-10-08,BUS_010,12,50,False
R002_T002,R002,'S058',2025-10-08 06:21:00,2025-10-08 06:23:00,0,0,0,2025-10-08,BUS_010,12,50,False
R002_T002,R002,'S030',2025-10-08 06:26:00,2025-10-08 06:31:00,2,1,-2,2025-10-08,BUS_010,12,50,False
R002_T002,R002,'S002',2025-10-08 06:35:00,2025-10-08 06:39:00,3,1,-1,2025-10-08,BUS_010,12,50,False
R002_T002,R002,'S031',2025-10-08 06:44:00,2025-10-08 06:49:00,4,0,1,2025-10-08,BUS_010,12,50,False
R002_T002,R002,'S003',2025-10-08 06:54:00,2025-10-08 06:58:00,0,3,3,2025-10-08,BUS_010,12,50,False
R002_T002,R002,'S021',2025-10-08 06:54:00,2025-10-08 06:59:00,0,1,-4,2025-10-08,BUS_010,12,50,False
R002_T002,R002,'S012',2025-10-08 07:10:00,2025-10-08 07:13:00,0,0,6,2025-10-08,BUS_010,12,50,False
R002_T002,R002,'S043',2025-10-08 07:06:00,2025-10-08 07:13:00,0,0,-4,2025-10-08,BUS_010,12,50,False
R002_T002,R002,'S020',2025-10-08 07:26:00,2025-10-08 07:29:00,0,1,8,2025-10-08,BUS_010,12,50,False
R002_T002,R002,'S044'],2025-10-08 07:28:00,2025-10-08 07:31:00,0,0,2,2025-10-08,BUS_010,12,50,False
R002_T003,R002,['S039',2025-10-08 06:30:00,2025-10-08 06:31:00,3,0,0,2025-10-08,BUS_017,12,50,False
R002_T003,R002,'S026',2025-10-08 06:40:00,2025-10-08 06:43:00,4,1,4,2025-10-08,BUS_017,12,50,False
R002_T003,R002,'S019',2025-10-08 06:42:00,2025-10-08 06:46:00,0,0,0,2025-10-08,BUS_017,12,50,False
R002_T003,R002,'S058',2025-10-08 06:52:00,2025-10-08 06:56:00,3,0,3,2025-10-08,BUS_017,12,50,False
R002_T003,R002,'S030',2025-10-08 07:00:00,2025-10-08 07:02:00,0,1,4,2025-10-08,BUS_017,12,50,False
R002_T003,R002,'S002',2025-10-08 07:04:00,2025-10-08 07:08:00,1,0,2,2025-10-08,BUS_017,12,50,False
R002_T003,R002,'S031',2025-10-08 07:10:00,2025-10-08 07:13:00,1,3,1,2025-10-08,BUS_017,12,50,False
R002_T003,R002,'S003',2025-10-08 07:17:00,2025-10-08 07:18:00,0,0,0,2025-10-08,BUS_017,12,50,False
R002_T003,R002,'S021',2025-10-08 07:27:00,2025-10-08 07:29:00,0,0,4,2025-10-08,BUS_017,12,50,False
R002_T003,R002,'S012',2025-10-08 07:29:00,2025-10-08 07:31:00,0,1,0,2025-10-08,BUS_017,12,50,False
R002_T003,R002,'S043',2025-10-08 07:40:00,2025-10-08 07:44:00,0,1,4,2025-10-08,BUS_017,12,50,False
R002_T003,R002,'S020',2025-10-08 07:49:00,2025-10-08 07:51:00,0,0,5,2025-10-08,BUS_017,12,50,False
R002_T003,R002,'S044'],2025-10-08 08:01:00,2025-10-08 08:04:00,0,1,10,2025-10-08,BUS_017,12,50,False
R002_T004,R002,['S039',2025-10-08 07:08:00,2025-10-08 07:10:00,3,0,8,2025-10-08,BUS_023,12,50,False
R002_T004,R002,'S026',2025-10-08 07:08:00,2025-10-08 07:12:00,5,1,2,2025-10-08,BUS_023,12,50,False
R002_T004,R002,'S019',2025-10-08 07:19:00,2025-10-08 07:21:00,2,2,5,2025-10-08,BUS_023,12,50,False
R002_T004,R002,'S058',2025-10-08 07:25:00,2025-10-08 07:27:00,0,0,5,2025-10-08,BUS_023,12,50,False
R002_T004,R002,'S030',2025-10-08 07:36:00,2025-10-08 07:39:00,0,1,9,2025-10-08,BUS_023,12,50,False
R002_T004,R002,'S002',2025-10-08 07:41:00,2025-10-08 07:44:00,1,0,7,2025-10-08,BUS_023,12,50,False
R002_T004,R002,'S031',2025-10-08 07:45:00,2025-10-08 07:47:00,1,1,5,2025-10-08,BUS_023,12,50,False
R002_T004,R002,'S003',2025-10-08 07:54:00,2025-10-08 07:58:00,0,2,7,2025-10-08,BUS_023,12,50,False
R002_T004,R002,'S021',2025-10-08 08:01:00,2025-10-08 08:06:00,0,3,6,2025-10-08,BUS_023,12,50,False
R002_T004,R002,'S012',2025-10-08 08:03:00,2025-10-08 08:06:00,0,0,0,2025-10-08,BUS_023,12,50,False
R002_T004,R002,'S043',2025-10-08 08:13:00,2025-10-08 08:16:00,0,0,4,2025-10-08,BUS_023,12,50,False
R002_T004,R002,'S020',2025-10-08 08:24:00,2025-10-08 08:27:00,0,1,8,2025-10-08,BUS_023,12,50,False
R002_T004,R002,'S044'],2025-10-08 08:27:00,2025-10-08 08:31:00,0,1,5,2025-10-08,BUS_023,12,50,False
R002_T005,R002,['S039',2025-10-08 07:37:00,2025-10-08 07:40:00,6,0,7,2025-10-08,BUS_004,12,50,False
R002_T005,R002,'S026',2025-10-08 07:34:00,2025-10-08 07:38:00,6,0,-2,2025-10-08,BUS_004,12,50,False
R002_T005,R002,'S019',2025-10-08 07:43:00,2025-10-08 07:46:00,0,1,0,2025-10-08,BUS_004,12,50,False
R002_T005,R002,'S058',2025-10-08 07:55:00,2025-10-08 07:57:00,0,2,6,2025-10-08,BUS_004,12,50,False
R002_T005,R002,'S030',2025-10-08 07:58:00,2025-10-08 08:00:00,0,4,2,2025-10-08,BUS_004,12,50,False
R002_T005,R002,'S002',2025-10-08 08:03:00,2025-10-08 08:05:00,0,2,1,2025-10-08,BUS_004,12,50,False
R002_T005,R002,'S031',2025-10-08 08:14:00,2025-10-08 08:18:00,0,0,5,2025-10-08,BUS_004,12,50,False
R002_T005,R002,'S003',2025-10-08 08:19:00,2025-10-08 08:24:00,0,0,3,2025-10-08,BUS_004,12,50,False
R002_T005,R002,'S021',2025-10-08 08:28:00,2025-10-08 08:30:00,0,0,4,2025-10-08,BUS_004,12,50,False
R002_T005,R002,'S012',2025-10-08 08:32:00,2025-10-08 08:34:00,0,0,1,2025-10-08,BUS_004,12,50,False
R002_T005,R002,'S043',2025-10-08 08:46:00,2025-10-08 08:48:00,0,1,8,2025-10-08,BUS_004,12,50,False
R002_T005,R002,'S020',2025-10-08 08:48:00,2025-10-08 08:51:00,0,1,3,2025-10-08,BUS_004,12,50,False
R002_T005,R002,'S044'],2025-10-08 08:55:00,2025-10-08 08:57:00,0,0,4,2025-10-08,BUS_004,12,50,False
R002_T006,R002,['S039',2025-10-08 08:03:00,2025-10-08 08:06:00,6,0,3,2025-10-08,BUS_001,12,50,False
R002_T006,R002,'S026',2025-10-08 08:05:00,2025-10-08 08:07:00,1,2,-1,2025-10-08,BUS_001,12,50,False
R002_T006,R002,'S019',2025-10-08 08:16:00,2025-10-08 08:21:00,2,1,4,2025-10-08,BUS_001,12,50,False
R002_T006,R002,'S058',2025-10-08 08:24:00,2025-10-08 08:27:00,0,0,4,2025-10-08,BUS_001,12,50,False
R002_T006,R002,'S030',2025-10-08 08:29:00,2025-10-08 08:33:00,1,2,1,2025-10-08,BUS_001,12,50,False
R002_T006,R002,'S002',2025-10-08 08:41:00,2025-10-08 08:42:00,1,0,5,2025-10-08,BUS_001,12,50,False
R002_T006,R002,'S031',2025-10-08 08:45:00,2025-10-08 08:47:00,0,0,3,2025-10-08,BUS_001,12,50,False
R002_T006,R002,'S003',2025-10-08 08:48:00,2025-10-08 08:53:00,0,1,0,2025-10-08,BUS_001,12,50,False
R002_T006,R002,'S021',2025-10-08 09:04:00,2025-10-08 09:07:00,0,2,8,2025-10-08,BUS_001,12,50,False
R002_T006,R002,'S012',2025-10-08 09:09:00,2025-10-08 09:12:00,1,0,7,2025-10-08,BUS_001,12,50,False
R002_T006,R002,'S043',2025-10-08 09:13:00,2025-10-08 09:16:00,0,1,4,2025-10-08,BUS_001,12,50,False
R002_T006,R002,'S020',2025-10-08 09:17:00,2025-10-08 09:20:00,0,0,0,2025-10-08,BUS_001,12,50,False
R002_T006,R002,'S044'],2025-10-08 09:28:00,2025-10-08 09:29:00,0,0,4,2025-10-08,BUS_001,12,50,False
R002_T007,R002,['S039',2025-10-08 08:41:00,2025-10-08 08:46:00,3,0,11,2025-10-08,BUS_016,12,50,False
R002_T007,R002,'S026',2025-10-08 08:41:00,2025-10-08 08:44:00,3,1,3,2025-10-08,BUS_016,12,50,False
R002_T007,R002,'S019',2025-10-08 08:50:00,2025-10-08 08:54:00,2,0,4,2025-10-08,BUS_016,12,50,False
R002_T007,R002,'S058',2025-10-08 09:00:00,2025-10-08 09:03:00,1,0,6,2025-10-08,BUS_016,12,50,False
R002_T007,R002,'S030',2025-10-08 09:05:00,2025-10-08 09:08:00,2,0,3,2025-10-08,BUS_016,12,50,False
R002_T007,R002,'S002',2025-10-08 09:09:00,2025-10-08 09:14:00,1,3,1,2025-10-08,BUS_016,12,50,False
R002_T007,R002,'S031',2025-10-08 09:22:00,2025-10-08 09:25:00,0,1,6,2025-10-08,BUS_016,12,50,False
R002_T007,R002,'S003',2025-10-08 09:24:00,2025-10-08 09:28:00,0,0,2,2025-10-08,BUS_016,12,50,False
R002_T007,R002,'S021',2025-10-08 09:36:00,2025-10-08 09:39:00,0,2,6,2025-10-08,BUS_016,12,50,False
R002_T007,R002,'S012',2025-10-08 09:51:00,2025-10-08 09:55:00,0,1,13,2025-10-08,BUS_016,12,50,False
R002_T007,R002,'S043',2025-10-08 09:56:00,2025-10-08 09:57:00,0,0,10,2025-10-08,BUS_016,12,50,False
R002_T007,R002,'S020',2025-10-08 10:07:00,2025-10-08 10:09:00,0,0,15,2025-10-08,BUS_016,12,50,False
R002_T007,R002,'S044'],2025-10-08 09:59:00,2025-10-08 10:04:00,0,0,0,2025-10-08,BUS_016,12,50,False
R002_T008,R002,['S039',2025-10-08 09:34:00,2025-10-08 09:38:00,8,0,4,2025-10-08,BUS_005,12,50,False
R002_T008,R002,'S026',2025-10-08 09:43:00,2025-10-08 09:47:00,4,1,6,2025-10-08,BUS_005,12,50,False
R002_T008,R002,'S019',2025-10-08 09:52:00,2025-10-08 09:56:00,0,2,8,2025-10-08,BUS_005,12,50,False
R002_T008,R002,'S058',2025-10-08 10:01:00,2025-10-08 10:06:00,0,0,9,2025-10-08,BUS_005,12,50,False
R002_T008,R002,'S030',2025-10-08 10:04:00,2025-10-08 10:06:00,0,1,4,2025-10-08,BUS_005,12,50,False
R002_T008,R002,'S002',2025-10-08 10:10:00,2025-10-08 10:14:00,0,4,4,2025-10-08,BUS_005,12,50,False
R002_T008,R002,'S031',2025-10-08 10:21:00,2025-10-08 10:23:00,0,1,7,2025-10-08,BUS_005,12,50,False
R002_T008,R002,'S003',2025-10-08 10:29:00,2025-10-08 10:31:00,0,0,9,2025-10-08,BUS_005,12,50,False
R002_T008,R002,'S021',2025-10-08 10:31:00,2025-10-08 10:34:00,0,0,5,2025-10-08,BUS_005,12,50,False
R002_T008,R002,'S012',2025-10-08 10:37:00,2025-10-08 10:39:00,0,0,4,2025-10-08,BUS_005,12,50,False
R002_T008,R002,'S043',2025-10-08 10:46:00,2025-10-08 10:48:00,0,2,6,2025-10-08,BUS_005,12,50,False
R002_T008,R002,'S020',2025-10-08 10:45:00,2025-10-08 10:47:00,0,1,-1,2025-10-08,BUS_005,12,50,False
R002_T008,R002,'S044'],2025-10-08 11:00:00,2025-10-08 11:04:00,0,0,8,2025-10-08,BUS_005,12,50,False
R002_T009,R002,['S039',2025-10-08 10:59:00,2025-10-08 11:03:00,2,0,-1,2025-10-08,BUS_003,12,50,False
R002_T009,R002,'S026',2025-10-08 11:13:00,2025-10-08 11:17:00,3,1,6,2025-10-08,BUS_003,12,50,False
R002_T009,R002,'S019',2025-10-08 11:14:00,2025-10-08 11:17:00,0,1,-1,2025-10-08,BUS_003,12,50,False
R002_T009,R002,'S058',2025-10-08 11:22:00,2025-10-08 11:26:00,1,0,1,2025-10-08,BUS_003,12,50,False
R002_T009,R002,'S030',2025-10-08 11:34:00,2025-10-08 11:37:00,2,0,6,2025-10-08,BUS_003,12,50,False
R002_T009,R002,'S002',2025-10-08 11:34:00,2025-10-08 11:38:00,1,3,-1,2025-10-08,BUS_003,12,50,False
R002_T009,R002,'S031',2025-10-08 11:44:00,2025-10-08 11:47:00,3,0,1,2025-10-08,BUS_003,12,50,False
R002_T009,R002,'S003',2025-10-08 11:54:00,2025-10-08 11:57:00,0,0,3,2025-10-08,BUS_003,12,50,False
R002_T009,R002,'S021',2025-10-08 12:01:00,2025-10-08 12:02:00,0,0,3,2025-10-08,BUS_003,12,50,False
R002_T009,R002,'S012',2025-10-08 12:05:00,2025-10-08 12:08:00,0,3,1,2025-10-08,BUS_003,12,50,False
R002_T009,R002,'S043',2025-10-08 12:14:00,2025-10-08 12:16:00,0,0,2,2025-10-08,BUS_003,12,50,False
R002_T009,R002,'S020',2025-10-08 12:18:00,2025-10-08 12:21:00,0,1,0,2025-10-08,BUS_003,12,50,False
R002_T009,R002,'S044'],2025-10-08 12:33:00,2025-10-08 12:36:00,0,1,7,2025-10-08,BUS_003,12,50,False
R002_T010,R002,['S039',2025-10-08 12:30:00,2025-10-08 12:34:00,1,0,0,2025-10-08,BUS_011,12,50,False
R002_T010,R002,'S026',2025-10-08 12:38:00,2025-10-08 12:42:00,5,0,0,2025-10-08,BUS_011,12,50,False
R002_T010,R002,'S019',2025-10-08 12:47:00,2025-10-08 12:49:00,1,0,2,2025-10-08,BUS_011,12,50,False
R002_T010,R002,'S058',2025-10-08 12:46:00,2025-10-08 12:54:00,3,1,-6,2025-10-08,BUS_011,12,50,False
R002_T010,R002,'S030',2025-10-08 13:01:00,2025-10-08 13:04:00,0,3,2,2025-10-08,BUS_011,12,50,False
R002_T010,R002,'S002',2025-10-08 13:11:00,2025-10-08 13:15:00,0,0,5,2025-10-08,BUS_011,12,50,False
R002_T010,R002,'S031',2025-10-08 13:13:00,2025-10-08 13:16:00,2,1,-1,2025-10-08,BUS_011,12,50,False
R002_T010,R002,'S003',2025-10-08 13:24:00,2025-10-08 13:26:00,0,2,3,2025-10-08,BUS_011,12,50,False
R002_T010,R002,'S021',2025-10-08 13:27:00,2025-10-08 13:30:00,0,1,0,2025-10-08,BUS_011,12,50,False
R002_T010,R002,'S012',2025-10-08 13:35:00,2025-10-08 13:37:00,0,0,0,2025-10-08,BUS_011,12,50,False
R002_T010,R002,'S043',2025-10-08 13:36:00,2025-10-08 13:44:00,0,0,-5,2025-10-08,BUS_011,12,50,False
R002_T010,R002,'S020',2025-10-08 13:47:00,2025-10-08 13:50:00,0,1,-2,2025-10-08,BUS_011,12,50,False
R002_T010,R002,'S044'],2025-10-08 13:55:00,2025-10-08 13:57:00,0,0,0,2025-10-08,BUS_011,12,50,False
R002_T011,R002,['S039',2025-10-08 14:00:00,2025-10-08 14:04:00,6,0,0,2025-10-08,BUS_005,12,50,False
R002_T011,R002,'S026',2025-10-08 14:09:00,2025-10-08 14:14:00,6,2,1,2025-10-08,BUS_005,12,50,False
R002_T011,R002,'S019',2025-10-08 14:21:00,2025-10-08 14:24:00,0,1,5,2025-10-08,BUS_005,12,50,False
R002_T011,R002,'S058',2025-10-08 14:25:00,2025-10-08 14:28:00,0,3,1,2025-10-08,BUS_005,12,50,False
R002_T011,R002,'S030',2025-10-08 14:32:00,2025-10-08 14:34:00,0,2,2,2025-10-08,BUS_005,12,50,False
R002_T011,R002,'S002',2025-10-08 14:36:00,2025-10-08 14:40:00,0,0,0,2025-10-08,BUS_005,12,50,False
R002_T011,R002,'S031',2025-10-08 14:46:00,2025-10-08 14:50:00,0,1,2,2025-10-08,BUS_005,12,50,False
R002_T011,R002,'S003',2025-10-08 14:55:00,2025-10-08 14:58:00,0,0,3,2025-10-08,BUS_005,12,50,False
R002_T011,R002,'S021',2025-10-08 14:58:00,2025-10-08 15:02:00,0,0,0,2025-10-08,BUS_005,12,50,False
R002_T011,R002,'S012',2025-10-08 15:07:00,2025-10-08 15:11:00,0,0,2,2025-10-08,BUS_005,12,50,False
R002_T011,R002,'S043',2025-10-08 15:17:00,2025-10-08 15:18:00,0,0,5,2025-10-08,BUS_005,12,50,False
R002_T011,R002,'S020',2025-10-08 15:23:00,2025-10-08 15:28:00,0,0,5,2025-10-08,BUS_005,12,50,False
R002_T011,R002,'S044'],2025-10-08 15:29:00,2025-10-08 15:33:00,0,0,3,2025-10-08,BUS_005,12,50,False
R002_T012,R002,['S039',2025-10-08 15:29:00,2025-10-08 15:33:00,1,0,-1,2025-10-08,BUS_009,12,50,False
R002_T012,R002,'S026',2025-10-08 15:41:00,2025-10-08 15:43:00,5,0,4,2025-10-08,BUS_009,12,50,False
R002_T012,R002,'S019',2025-10-08 15:46:00,2025-10-08 15:49:00,2,0,2,2025-10-08,BUS_009,12,50,False
R002_T012,R002,'S058',2025-10-08 15:52:00,2025-10-08 15:57:00,0,2,0,2025-10-08,BUS_009,12,50,False
R002_T012,R002,'S030',2025-10-08 15:56:00,2025-10-08 16:02:00,0,1,-4,2025-10-08,BUS_009,12,50,False
R002_T012,R002,'S002',2025-10-08 16:07:00,2025-10-08 16:10:00,1,1,0,2025-10-08,BUS_009,12,50,False
R002_T012,R002,'S031',2025-10-08 16:09:00,2025-10-08 16:14:00,0,3,-4,2025-10-08,BUS_009,12,50,False
R002_T012,R002,'S003',2025-10-08 16:22:00,2025-10-08 16:27:00,2,0,3,2025-10-08,BUS_009,12,50,False
R002_T012,R002,'S021',2025-10-08 16:27:00,2025-10-08 16:32:00,1,0,0,2025-10-08,BUS_009,12,50,False
R002_T012,R002,'S012',2025-10-08 16:36:00,2025-10-08 16:38:00,0,0,1,2025-10-08,BUS_009,12,50,False
R002_T012,R002,'S043',2025-10-08 16:42:00,2025-10-08 16:46:00,0,1,1,2025-10-08,BUS_009,12,50,False
R002_T012,R002,'S020',2025-10-08 16:51:00,2025-10-08 16:55:00,0,1,3,2025-10-08,BUS_009,12,50,False
R002_T012,R002,'S044'],2025-10-08 16:55:00,2025-10-08 16:59:00,0,1,0,2025-10-08,BUS_009,12,50,False
R002_T013,R002,['S039',2025-10-08 17:02:00,2025-10-08 17:05:00,4,0,2,2025-10-08,BUS_004,12,50,False
R002_T013,R002,'S026',2025-10-08 17:14:00,2025-10-08 17:16:00,4,2,7,2025-10-08,BUS_004,12,50,False
R002_T013,R002,'S019',2025-10-08 17:18:00,2025-10-08 17:21:00,3,0,5,2025-10-08,BUS_004,12,50,False
R002_T013,R002,'S058',2025-10-08 17:27:00,2025-10-08 17:30:00,1,1,7,2025-10-08,BUS_004,12,50,False
R002_T013,R002,'S030',2025-10-08 17:29:00,2025-10-08 17:33:00,0,1,1,2025-10-08,BUS_004,12,50,False
R002_T013,R002,'S002',2025-10-08 17:39:00,2025-10-08 17:44:00,0,2,4,2025-10-08,BUS_004,12,50,False
R002_T013,R002,'S031',2025-10-08 17:47:00,2025-10-08 17:51:00,0,1,4,2025-10-08,BUS_004,12,50,False
R002_T013,R002,'S003',2025-10-08 17:49:00,2025-10-08 17:51:00,0,2,-1,2025-10-08,BUS_004,12,50,False
R002_T013,R002,'S021',2025-10-08 17:56:00,2025-10-08 18:00:00,0,2,0,2025-10-08,BUS_004,12,50,False
R002_T013,R002,'S012',2025-10-08 18:13:00,2025-10-08 18:14:00,0,0,9,2025-10-08,BUS_004,12,50,False
R002_T013,R002,'S043',2025-10-08 18:11:00,2025-10-08 18:12:00,0,0,1,2025-10-08,BUS_004,12,50,False
R002_T013,R002,'S020',2025-10-08 18:26:00,2025-10-08 18:28:00,0,0,10,2025-10-08,BUS_004,12,50,False
R002_T013,R002,'S044'],2025-10-08 18:29:00,2025-10-08 18:34:00,0,0,7,2025-10-08,BUS_004,12,50,False
R002_T014,R002,['S039',2025-10-08 18:12:00,2025-10-08 18:14:00,6,0,12,2025-10-08,BUS_002,12,50,False
R002_T014,R002,'S026',2025-10-08 18:15:00,2025-10-08 18:17:00,6,0,8,2025-10-08,BUS_002,12,50,False
R002_T014,R002,'S019',2025-10-08 18:15:00,2025-10-08 18:18:00,0,1,1,2025-10-08,BUS_002,12,50,False
R002_T014,R002,'S058',2025-10-08 18:24:00,2025-10-08 18:27:00,0,2,3,2025-10-08,BUS_002,12,50,False
R002_T014,R002,'S030',2025-10-08 18:29:00,2025-10-08 18:32:00,0,1,2,2025-10-08,BUS_002,12,50,False
R002_T014,R002,'S002',2025-10-08 18:39:00,2025-10-08 18:40:00,0,0,5,2025-10-08,BUS_002,12,50,False
R002_T014,R002,'S031',2025-10-08 18:47:00,2025-10-08 18:48:00,0,1,7,2025-10-08,BUS_002,12,50,False
R002_T014,R002,'S003',2025-10-08 18:47:00,2025-10-08 18:52:00,0,0,1,2025-10-08,BUS_002,12,50,False
R002_T014,R002,'S021',2025-10-08 19:00:00,2025-10-08 19:03:00,0,1,6,2025-10-08,BUS_002,12,50,False
R002_T014,R002,'S012',2025-10-08 19:04:00,2025-10-08 19:08:00,0,1,4,2025-10-08,BUS_002,12,50,False
R002_T014,R002,'S043',2025-10-08 19:07:00,2025-10-08 19:12:00,0,1,0,2025-10-08,BUS_002,12,50,False
R002_T014,R002,'S020',2025-10-08 19:17:00,2025-10-08 19:21:00,0,0,2,2025-10-08,BUS_002,12,50,False
R002_T014,R002,'S044'],2025-10-08 19:26:00,2025-10-08 19:29:00,0,1,3,2025-10-08,BUS_002,12,50,False
R002_T015,R002,['S039',2025-10-08 19:09:00,2025-10-08 19:14:00,4,0,9,2025-10-08,BUS_003,12,50,False
R002_T015,R002,'S026',2025-10-08 19:16:00,2025-10-08 19:17:00,7,1,8,2025-10-08,BUS_003,12,50,False
R002_T015,R002,'S019',2025-10-08 19:16:00,2025-10-08 19:21:00,0,1,2,2025-10-08,BUS_003,12,50,False
R002_T015,R002,'S058',2025-10-08 19:28:00,2025-10-08 19:33:00,0,3,6,2025-10-08,BUS_003,12,50,False
R002_T015,R002,'S030',2025-10-08 19:32:00,2025-10-08 19:36:00,1,1,2,2025-10-08,BUS_003,12,50,False
R002_T015,R002,'S002',2025-10-08 19:44:00,2025-10-08 19:47:00,0,0,6,2025-10-08,BUS_003,12,50,False
R002_T015,R002,'S031',2025-10-08 19:46:00,2025-10-08 19:47:00,0,2,2,2025-10-08,BUS_003,12,50,False
R002_T015,R002,'S003',2025-10-08 19:51:00,2025-10-08 19:56:00,0,0,1,2025-10-08,BUS_003,12,50,False
R002_T015,R002,'S021',2025-10-08 20:07:00,2025-10-08 20:08:00,0,1,9,2025-10-08,BUS_003,12,50,False
R002_T015,R002,'S012',2025-10-08 20:14:00,2025-10-08 20:15:00,0,0,10,2025-10-08,BUS_003,12,50,False
R002_T015,R002,'S043',2025-10-08 20:13:00,2025-10-08 20:14:00,0,1,3,2025-10-08,BUS_003,12,50,False
R002_T015,R002,'S020',2025-10-08 20:19:00,2025-10-08 20:22:00,0,1,3,2025-10-08,BUS_003,12,50,False
R002_T015,R002,'S044'],2025-10-08 20:29:00,2025-10-08 20:31:00,0,0,6,2025-10-08,BUS_003,12,50,False
R002_T016,R002,['S039',2025-10-08 20:03:00,2025-10-08 20:05:00,6,0,3,2025-10-08,BUS_002,12,50,False
R002_T016,R002,'S026',2025-10-08 20:13:00,2025-10-08 20:17:00,3,3,6,2025-10-08,BUS_002,12,50,False
R002_T016,R002,'S019',2025-10-08 20:16:00,2025-10-08 20:17:00,3,0,1,2025-10-08,BUS_002,12,50,False
R002_T016,R002,'S058',2025-10-08 20:27:00,2025-10-08 20:32:00,0,3,6,2025-10-08,BUS_002,12,50,False
R002_T016,R002,'S030',2025-10-08 20:30:00,2025-10-08 20:34:00,0,2,1,2025-10-08,BUS_002,12,50,False
R002_T016,R002,'S002',2025-10-08 20:45:00,2025-10-08 20:48:00,0,1,9,2025-10-08,BUS_002,12,50,False
R002_T016,R002,'S031',2025-10-08 20:44:00,2025-10-08 20:48:00,0,1,0,2025-10-08,BUS_002,12,50,False
R002_T016,R002,'S003',2025-10-08 20:59:00,2025-10-08 21:01:00,0,0,7,2025-10-08,BUS_002,12,50,False
R002_T016,R002,'S021',2025-10-08 21:02:00,2025-10-08 21:06:00,0,0,3,2025-10-08,BUS_002,12,50,False
R002_T016,R002,'S012',2025-10-08 21:17:00,2025-10-08 21:18:00,0,1,10,2025-10-08,BUS_002,12,50,False
R002_T016,R002,'S043',2025-10-08 21:14:00,2025-10-08 21:18:00,0,0,1,2025-10-08,BUS_002,12,50,False
R002_T016,R002,'S020',2025-10-08 21:24:00,2025-10-08 21:27:00,0,0,3,2025-10-08,BUS_002,12,50,False
R002_T016,R002,'S044'],2025-10-08 21:38:00,2025-10-08 21:41:00,0,0,9,2025-10-08,BUS_002,12,50,False
R002_T017,R002,['S039',2025-10-08 21:00:00,2025-10-08 21:03:00,7,0,0,2025-10-08,BUS_004,12,50,False
R002_T017,R002,'S026',2025-10-08 21:16:00,2025-10-08 21:19:00,5,1,10,2025-10-08,BUS_004,12,50,False
R002_T017,R002,'S019',2025-10-08 21:15:00,2025-10-08 21:17:00,0,1,3,2025-10-08,BUS_004,12,50,False
R002_T017,R002,'S058',2025-10-08 21:25:00,2025-10-08 21:27:00,0,1,7,2025-10-08,BUS_004,12,50,False
R002_T017,R002,'S030',2025-10-08 21:25:00,2025-10-08 21:27:00,0,1,1,2025-10-08,BUS_004,12,50,False
R002_T017,R002,'S002',2025-10-08 21:39:00,2025-10-08 21:42:00,0,0,8,2025-10-08,BUS_004,12,50,False
R002_T017,R002,'S031',2025-10-08 21:43:00,2025-10-08 21:45:00,0,0,6,2025-10-08,BUS_004,12,50,False
R002_T017,R002,'S003',2025-10-08 21:48:00,2025-10-08 21:53:00,0,1,5,2025-10-08,BUS_004,12,50,False
R002_T017,R002,'S021',2025-10-08 21:55:00,2025-10-08 21:57:00,0,2,4,2025-10-08,BUS_004,12,50,False
R002_T017,R002,'S012',2025-10-08 21:58:00,2025-10-08 22:01:00,0,0,1,2025-10-08,BUS_004,12,50,False
R002_T017,R002,'S043',2025-10-08 22:04:00,2025-10-08 22:09:00,0,0,0,2025-10-08,BUS_004,12,50,False
R002_T017,R002,'S020',2025-10-08 22:13:00,2025-10-08 22:17:00,0,0,1,2025-10-08,BUS_004,12,50,False
R002_T017,R002,'S044'],2025-10-08 22:22:00,2025-10-08 22:23:00,0,1,2,2025-10-08,BUS_004,12,50,False
R003_T001,R003,['S045',2025-10-08 05:30:00,2025-10-08 05:31:00,13,0,0,2025-10-08,BUS_003,25,50,False
R003_T001,R003,'S017',2025-10-08 05:40:00,2025-10-08 05:42:00,12,1,4,2025-10-08,BUS_003,25,50,False
R003_T001,R003,'S030',2025-10-08 05:46:00,2025-10-08 05:51:00,0,3,4,2025-10-08,BUS_003,25,50,False
R003_T001,R003,'S049',2025-10-08 05:49:00,2025-10-08 05:54:00,0,2,-1,2025-10-08,BUS_003,25,50,False
R003_T001,R003,'S031',2025-10-08 06:02:00,2025-10-08 06:05:00,0,4,4,2025-10-08,BUS_003,25,50,False
R003_T001,R003,'S023',2025-10-08 05:59:00,2025-10-08 06:07:00,0,2,-6,2025-10-08,BUS_003,25,50,False
R003_T001,R003,'S039',2025-10-08 06:11:00,2025-10-08 06:15:00,0,2,-1,2025-10-08,BUS_003,25,50,False
R003_T001,R003,'S016',2025-10-08 06:22:00,2025-10-08 06:26:00,0,1,2,2025-10-08,BUS_003,25,50,False
R003_T001,R003,'S036',2025-10-08 06:27:00,2025-10-08 06:30:00,0,1,0,2025-10-08,BUS_003,25,50,False
R003_T001,R003,'S040',2025-10-08 06:36:00,2025-10-08 06:39:00,0,1,3,2025-10-08,BUS_003,25,50,False
R003_T001,R003,'S006',2025-10-08 06:41:00,2025-10-08 06:44:00,0,2,2,2025-10-08,BUS_003,25,50,False
R003_T001,R003,'S004',2025-10-08 06:46:00,2025-10-08 06:48:00,0,0,0,2025-10-08,BUS_003,25,50,False
R003_T001,R003,'S003',2025-10-08 06:54:00,2025-10-08 06:56:00,0,1,1,2025-10-08,BUS_003,25,50,False
R003_T001,R003,'S001',2025-10-08 06:56:00,2025-10-08 07:01:00,0,2,-3,2025-10-08,BUS_003,25,50,False
R003_T001,R003,'S002',2025-10-08 07:06:00,2025-10-08 07:10:00,0,0,0,2025-10-08,BUS_003,25,50,False
R003_T001,R003,'S041',2025-10-08 07:17:00,2025-10-08 07:19:00,0,0,3,2025-10-08,BUS_003,25,50,False
R003_T001,R003,'S043',2025-10-08 07:34:00,2025-10-08 07:38:00,0,0,14,2025-10-08,BUS_003,25,50,False
R003_T001,R003,'S046',2025-10-08 07:36:00,2025-10-08 07:39:00,0,1,8,2025-10-08,BUS_003,25,50,False
R003_T001,R003,'S054'],2025-10-08 07:39:00,2025-10-08 07:40:00,0,0,3,2025-10-08,BUS_003,25,50,False
R003_T002,R003,['S045',2025-10-08 06:16:00,2025-10-08 06:18:00,12,0,1,2025-10-08,BUS_015,25,50,False
R003_T002,R003,'S017',2025-10-08 06:25:00,2025-10-08 06:28:00,12,3,3,2025-10-08,BUS_015,25,50,False
R003_T002,R003,'S030',2025-10-08 06:29:00,2025-10-08 06:32:00,1,4,1,2025-10-08,BUS_015,25,50,False
R003_T002,R003,'S049',2025-10-08 06:34:00,2025-10-08 06:37:00,0,2,-2,2025-10-08,BUS_015,25,50,False
R003_T002,R003,'S031',2025-10-08 06:41:00,2025-10-08 06:44:00,0,0,-1,2025-10-08,BUS_015,25,50,False
R003_T002,R003,'S023',2025-10-08 06:49:00,2025-10-08 06:52:00,0,1,0,2025-10-08,BUS_015,25,50,False
R003_T002,R003,'S039',2025-10-08 06:55:00,2025-10-08 06:58:00,0,1,-2,2025-10-08,BUS_015,25,50,False
R003_T002,R003,'S016',2025-10-08 07:04:00,2025-10-08 07:07:00,0,1,1,2025-10-08,BUS_015,25,50,False
R003_T002,R003,'S036',2025-10-08 07:16:00,2025-10-08 07:21:00,0,4,5,2025-10-08,BUS_015,25,50,False
R003_T002,R003,'S040',2025-10-08 07:24:00,2025-10-08 07:27:00,0,2,5,2025-10-08,BUS_015,25,50,False
R003_T002,R003,'S006',2025-10-08 07:33:00,2025-10-08 07:38:00,0,3,8,2025-10-08,BUS_015,25,50,False
R003_T002,R003,'S004',2025-10-08 07:45:00,2025-10-08 07:48:00,0,3,12,2025-10-08,BUS_015,25,50,False
R003_T002,R003,'S003',2025-10-08 07:41:00,2025-10-08 07:45:00,0,0,0,2025-10-08,BUS_015,25,50,False
R003_T002,R003,'S001',2025-10-08 07:54:00,2025-10-08 07:56:00,0,0,6,2025-10-08,BUS_015,25,50,False
R003_T002,R003,'S002',2025-10-08 07:54:00,2025-10-08 07:58:00,0,0,0,2025-10-08,BUS_015,25,50,False
R003_T002,R003,'S041',2025-10-08 08:02:00,2025-10-08 08:07:00,0,1,0,2025-10-08,BUS_015,25,50,False
R003_T002,R003,'S043',2025-10-08 08:14:00,2025-10-08 08:18:00,0,0,4,2025-10-08,BUS_015,25,50,False
R003_T002,R003,'S046',2025-10-08 08:23:00,2025-10-08 08:24:00,0,0,6,2025-10-08,BUS_015,25,50,False
R003_T002,R003,'S054'],2025-10-08 08:29:00,2025-10-08 08:31:00,0,0,6,2025-10-08,BUS_015,25,50,False
R003_T003,R003,['S045',2025-10-08 07:10:00,2025-10-08 07:15:00,9,0,10,2025-10-08,BUS_024,25,50,False
R003_T003,R003,'S017',2025-10-08 07:13:00,2025-10-08 07:15:00,15,4,5,2025-10-08,BUS_024,25,50,False
R003_T003,R003,'S030',2025-10-08 07:17:00,2025-10-08 07:21:00,1,2,3,2025-10-08,BUS_024,25,50,False
R003_T003,R003,'S049',2025-10-08 07:25:00,2025-10-08 07:29:00,0,3,4,2025-10-08,BUS_024,25,50,False
R003_T003,R003,'S031',2025-10-08 07:32:00,2025-10-08 07:33:00,0,4,3,2025-10-08,BUS_024,25,50,False
R003_T003,R003,'S023',2025-10-08 07:43:00,2025-10-08 07:46:00,0,0,8,2025-10-08,BUS_024,25,50,False
R003_T003,R003,'S039',2025-10-08 07:47:00,2025-10-08 07:49:00,0,0,4,2025-10-08,BUS_024,25,50,False
R003_T003,R003,'S016',2025-10-08 08:02:00,2025-10-08 08:04:00,0,1,12,2025-10-08,BUS_024,25,50,False
R003_T003,R003,'S036',2025-10-08 08:03:00,2025-10-08 08:08:00,0,0,7,2025-10-08,BUS_024,25,50,False
R003_T003,R003,'S040',2025-10-08 08:05:00,2025-10-08 08:10:00,0,0,1,2025-10-08,BUS_024,25,50,False
R003_T003,R003,'S006',2025-10-08 08:16:00,2025-10-08 08:21:00,0,2,4,2025-10-08,BUS_024,25,50,False
R003_T003,R003,'S004',2025-10-08 08:25:00,2025-10-08 08:29:00,0,0,5,2025-10-08,BUS_024,25,50,False
R003_T003,R003,'S003',2025-10-08 08:34:00,2025-10-08 08:38:00,0,2,6,2025-10-08,BUS_024,25,50,False
R003_T003,R003,'S001',2025-10-08 08:33:00,2025-10-08 08:38:00,0,2,-2,2025-10-08,BUS_024,25,50,False
R003_T003,R003,'S002',2025-10-08 08:46:00,2025-10-08 08:50:00,0,1,3,2025-10-08,BUS_024,25,50,False
R003_T003,R003,'S041',2025-10-08 08:55:00,2025-10-08 08:59:00,0,0,4,2025-10-08,BUS_024,25,50,False
R003_T003,R003,'S043',2025-10-08 09:00:00,2025-10-08 09:04:00,0,1,2,2025-10-08,BUS_024,25,50,False
R003_T003,R003,'S046',2025-10-08 09:11:00,2025-10-08 09:15:00,0,0,5,2025-10-08,BUS_024,25,50,False
R003_T003,R003,'S054'],2025-10-08 09:17:00,2025-10-08 09:21:00,0,0,4,2025-10-08,BUS_024,25,50,False
R003_T004,R003,['S045',2025-10-08 08:26:00,2025-10-08 08:29:00,12,0,11,2025-10-08,BUS_010,25,50,False
R003_T004,R003,'S017',2025-10-08 08:24:00,2025-10-08 08:25:00,8,2,1,2025-10-08,BUS_010,25,50,False
R003_T004,R003,'S030',2025-10-08 08:35:00,2025-10-08 08:38:00,5,2,6,2025-10-08,BUS_010,25,50,False
R003_T004,R003,'S049',2025-10-08 08:37:00,2025-10-08 08:40:00,0,4,2,2025-10-08,BUS_010,25,50,False
R003_T004,R003,'S031',2025-10-08 08:50:00,2025-10-08 08:53:00,0,2,7,2025-10-08,BUS_010,25,50,False
R003_T004,R003,'S023',2025-10-08 08:51:00,2025-10-08 08:54:00,0,3,2,2025-10-08,BUS_010,25,50,False
R003_T004,R003,'S039',2025-10-08 09:02:00,2025-10-08 09:04:00,0,2,5,2025-10-08,BUS_010,25,50,False
R003_T004,R003,'S016',2025-10-08 09:03:00,2025-10-08 09:06:00,0,1,0,2025-10-08,BUS_010,25,50,False
R003_T004,R003,'S036',2025-10-08 09:12:00,2025-10-08 09:15:00,0,2,3,2025-10-08,BUS_010,25,50,False
R003_T004,R003,'S040',2025-10-08 09:24:00,2025-10-08 09:28:00,0,1,8,2025-10-08,BUS_010,25,50,False
R003_T004,R003,'S006',2025-10-08 09:32:00,2025-10-08 09:36:00,0,0,9,2025-10-08,BUS_010,25,50,False
R003_T004,R003,'S004',2025-10-08 09:34:00,2025-10-08 09:38:00,0,0,3,2025-10-08,BUS_010,25,50,False
R003_T004,R003,'S003',2025-10-08 09:51:00,2025-10-08 09:54:00,0,0,12,2025-10-08,BUS_010,25,50,False
R003_T004,R003,'S001',2025-10-08 09:46:00,2025-10-08 09:50:00,0,0,0,2025-10-08,BUS_010,25,50,False
R003_T004,R003,'S002',2025-10-08 09:49:00,2025-10-08 09:54:00,0,1,-4,2025-10-08,BUS_010,25,50,False
R003_T004,R003,'S041',2025-10-08 10:01:00,2025-10-08 10:05:00,0,0,2,2025-10-08,BUS_010,25,50,False
R003_T004,R003,'S043',2025-10-08 10:11:00,2025-10-08 10:15:00,0,0,4,2025-10-08,BUS_010,25,50,False
R003_T004,R003,'S046',2025-10-08 10:16:00,2025-10-08 10:19:00,0,1,1,2025-10-08,BUS_010,25,50,False
R003_T004,R003,'S054'],2025-10-08 10:26:00,2025-10-08 10:28:00,0,1,5,2025-10-08,BUS_010,25,50,False
R003_T005,R003,['S045',2025-10-08 10:34:00,2025-10-08 10:36:00,9,0,4,2025-10-08,BUS_001,25,50,False
R003_T005,R003,'S017',2025-10-08 10:38:00,2025-10-08 10:42:00,10,0,1,2025-10-08,BUS_001,25,50,False
R003_T005,R003,'S030',2025-10-08 10:53:00,2025-10-08 10:55:00,6,4,8,2025-10-08,BUS_001,25,50,False
R003_T005,R003,'S049',2025-10-08 10:53:00,2025-10-08 10:57:00,0,5,2,2025-10-08,BUS_001,25,50,False
R003_T005,R003,'S031',2025-10-08 11:03:00,2025-10-08 11:08:00,0,3,4,2025-10-08,BUS_001,25,50,False
R003_T005,R003,'S023',2025-10-08 11:12:00,2025-10-08 11:15:00,0,3,5,2025-10-08,BUS_001,25,50,False
R003_T005,R003,'S039',2025-10-08 11:14:00,2025-10-08 11:17:00,0,1,-1,2025-10-08,BUS_001,25,50,False
R003_T005,R003,'S016',2025-10-08 11:25:00,2025-10-08 11:27:00,0,2,4,2025-10-08,BUS_001,25,50,False
R003_T005,R003,'S036',2025-10-08 11:29:00,2025-10-08 11:32:00,0,3,1,2025-10-08,BUS_001,25,50,False
R003_T005,R003,'S040',2025-10-08 11:39:00,2025-10-08 11:42:00,0,0,5,2025-10-08,BUS_001,25,50,False
R003_T005,R003,'S006',2025-10-08 11:42:00,2025-10-08 11:46:00,0,1,0,2025-10-08,BUS_001,25,50,False
R003_T005,R003,'S004',2025-10-08 11:47:00,2025-10-08 11:51:00,0,0,-3,2025-10-08,BUS_001,25,50,False
R003_T005,R003,'S003',2025-10-08 11:56:00,2025-10-08 12:00:00,0,1,0,2025-10-08,BUS_001,25,50,False
R003_T005,R003,'S001',2025-10-08 12:04:00,2025-10-08 12:07:00,0,1,1,2025-10-08,BUS_001,25,50,False
R003_T005,R003,'S002',2025-10-08 12:16:00,2025-10-08 12:20:00,0,0,6,2025-10-08,BUS_001,25,50,False
R003_T005,R003,'S041',2025-10-08 12:26:00,2025-10-08 12:30:00,0,0,8,2025-10-08,BUS_001,25,50,False
R003_T005,R003,'S043',2025-10-08 12:19:00,2025-10-08 12:27:00,0,0,-6,2025-10-08,BUS_001,25,50,False
R003_T005,R003,'S046',2025-10-08 12:33:00,2025-10-08 12:36:00,0,0,1,2025-10-08,BUS_001,25,50,False
R003_T005,R003,'S054'],2025-10-08 12:43:00,2025-10-08 12:44:00,0,0,5,2025-10-08,BUS_001,25,50,False
R003_T006,R003,['S045',2025-10-08 12:02:00,2025-10-08 12:07:00,7,0,2,2025-10-08,BUS_004,25,50,False
R003_T006,R003,'S017',2025-10-08 12:09:00,2025-10-08 12:12:00,13,0,1,2025-10-08,BUS_004,25,50,False
R003_T006,R003,'S030',2025-10-08 12:21:00,2025-10-08 12:24:00,5,4,5,2025-10-08,BUS_004,25,50,False
R003_T006,R003,'S049',2025-10-08 12:22:00,2025-10-08 12:25:00,0,4,0,2025-10-08,BUS_004,25,50,False
R003_T006,R003,'S031',2025-10-08 12:29:00,2025-10-08 12:32:00,0,2,-1,2025-10-08,BUS_004,25,50,False
R003_T006,R003,'S023',2025-10-08 12:39:00,2025-10-08 12:42:00,0,6,2,2025-10-08,BUS_004,25,50,False
R003_T006,R003,'S039',2025-10-08 12:40:00,2025-10-08 12:45:00,0,2,-3,2025-10-08,BUS_004,25,50,False
R003_T006,R003,'S016',2025-10-08 12:47:00,2025-10-08 12:53:00,0,1,-3,2025-10-08,BUS_004,25,50,False
R003_T006,R003,'S036',2025-10-08 13:00:00,2025-10-08 13:05:00,0,2,2,2025-10-08,BUS_004,25,50,False
R003_T006,R003,'S040',2025-10-08 13:09:00,2025-10-08 13:12:00,0,2,3,2025-10-08,BUS_004,25,50,False
R003_T006,R003,'S006',2025-10-08 13:13:00,2025-10-08 13:17:00,0,1,-1,2025-10-08,BUS_004,25,50,False
R003_T006,R003,'S004',2025-10-08 13:26:00,2025-10-08 13:27:00,0,0,4,2025-10-08,BUS_004,25,50,False
R003_T006,R003,'S003',2025-10-08 13:29:00,2025-10-08 13:32:00,0,0,1,2025-10-08,BUS_004,25,50,False
R003_T006,R003,'S001',2025-10-08 13:39:00,2025-10-08 13:44:00,0,0,3,2025-10-08,BUS_004,25,50,False
R003_T006,R003,'S002',2025-10-08 13:47:00,2025-10-08 13:51:00,0,0,3,2025-10-08,BUS_004,25,50,False
R003_T006,R003,'S041',2025-10-08 13:49:00,2025-10-08 13:52:00,0,0,-2,2025-10-08,BUS_004,25,50,False
R003_T006,R003,'S043',2025-10-08 14:00:00,2025-10-08 14:04:00,0,0,3,2025-10-08,BUS_004,25,50,False
R003_T006,R003,'S046',2025-10-08 14:03:00,2025-10-08 14:06:00,0,0,-1,2025-10-08,BUS_004,25,50,False
R003_T006,R003,'S054'],2025-10-08 14:16:00,2025-10-08 14:20:00,0,1,5,2025-10-08,BUS_004,25,50,False
R003_T007,R003,['S045',2025-10-08 14:25:00,2025-10-08 14:32:00,10,0,-5,2025-10-08,BUS_004,25,50,False
R003_T007,R003,'S017',2025-10-08 14:37:00,2025-10-08 14:40:00,8,2,0,2025-10-08,BUS_004,25,50,False
R003_T007,R003,'S030',2025-10-08 14:46:00,2025-10-08 14:51:00,7,1,1,2025-10-08,BUS_004,25,50,False
R003_T007,R003,'S049',2025-10-08 14:55:00,2025-10-08 14:57:00,0,2,2,2025-10-08,BUS_004,25,50,False
R003_T007,R003,'S031',2025-10-08 14:59:00,2025-10-08 15:03:00,0,3,0,2025-10-08,BUS_004,25,50,False
R003_T007,R003,'S023',2025-10-08 15:07:00,2025-10-08 15:08:00,0,4,0,2025-10-08,BUS_004,25,50,False
R003_T007,R003,'S039',2025-10-08 15:13:00,2025-10-08 15:16:00,0,2,0,2025-10-08,BUS_004,25,50,False
R003_T007,R003,'S016',2025-10-08 15:24:00,2025-10-08 15:26:00,0,1,5,2025-10-08,BUS_004,25,50,False
R003_T007,R003,'S036',2025-10-08 15:27:00,2025-10-08 15:31:00,0,0,1,2025-10-08,BUS_004,25,50,False
R003_T007,R003,'S040',2025-10-08 15:41:00,2025-10-08 15:44:00,0,2,7,2025-10-08,BUS_004,25,50,False
R003_T007,R003,'S006',2025-10-08 15:42:00,2025-10-08 15:45:00,0,1,0,2025-10-08,BUS_004,25,50,False
R003_T007,R003,'S004',2025-10-08 15:51:00,2025-10-08 15:55:00,0,0,1,2025-10-08,BUS_004,25,50,False
R003_T007,R003,'S003',2025-10-08 15:57:00,2025-10-08 16:02:00,0,1,-1,2025-10-08,BUS_004,25,50,False
R003_T007,R003,'S001',2025-10-08 16:07:00,2025-10-08 16:12:00,0,0,1,2025-10-08,BUS_004,25,50,False
R003_T007,R003,'S002',2025-10-08 16:20:00,2025-10-08 16:23:00,0,1,6,2025-10-08,BUS_004,25,50,False
R003_T007,R003,'S041',2025-10-08 16:25:00,2025-10-08 16:27:00,0,0,5,2025-10-08,BUS_004,25,50,False
R003_T007,R003,'S043',2025-10-08 16:27:00,2025-10-08 16:31:00,0,2,0,2025-10-08,BUS_004,25,50,False
R003_T007,R003,'S046',2025-10-08 16:32:00,2025-10-08 16:36:00,0,0,-2,2025-10-08,BUS_004,25,50,False
R003_T007,R003,'S054'],2025-10-08 16:47:00,2025-10-08 16:51:00,0,0,6,2025-10-08,BUS_004,25,50,False
R003_T008,R003,['S045',2025-10-08 16:31:00,2025-10-08 16:34:00,18,0,1,2025-10-08,BUS_001,25,50,False
R003_T008,R003,'S017',2025-10-08 16:36:00,2025-10-08 16:37:00,7,3,0,2025-10-08,BUS_001,25,50,False
R003_T008,R003,'S030',2025-10-08 16:45:00,2025-10-08 16:50:00,0,6,3,2025-10-08,BUS_001,25,50,False
R003_T008,R003,'S049',2025-10-08 16:50:00,2025-10-08 16:54:00,0,2,0,2025-10-08,BUS_001,25,50,False
R003_T008,R003,'S031',2025-10-08 16:58:00,2025-10-08 17:00:00,0,2,0,2025-10-08,BUS_001,25,50,False
R003_T008,R003,'S023',2025-10-08 17:10:00,2025-10-08 17:12:00,0,2,6,2025-10-08,BUS_001,25,50,False
R003_T008,R003,'S039',2025-10-08 17:11:00,2025-10-08 17:16:00,0,1,0,2025-10-08,BUS_001,25,50,False
R003_T008,R003,'S016',2025-10-08 17:24:00,2025-10-08 17:27:00,0,2,5,2025-10-08,BUS_001,25,50,False
R003_T008,R003,'S036',2025-10-08 17:28:00,2025-10-08 17:31:00,0,0,3,2025-10-08,BUS_001,25,50,False
R003_T008,R003,'S040',2025-10-08 17:33:00,2025-10-08 17:35:00,0,1,0,2025-10-08,BUS_001,25,50,False
R003_T008,R003,'S006',2025-10-08 17:45:00,2025-10-08 17:47:00,0,1,5,2025-10-08,BUS_001,25,50,False
R003_T008,R003,'S004',2025-10-08 17:49:00,2025-10-08 17:52:00,0,2,2,2025-10-08,BUS_001,25,50,False
R003_T008,R003,'S003',2025-10-08 18:06:00,2025-10-08 18:10:00,0,0,11,2025-10-08,BUS_001,25,50,False
R003_T008,R003,'S001',2025-10-08 18:07:00,2025-10-08 18:12:00,0,1,5,2025-10-08,BUS_001,25,50,False
R003_T008,R003,'S002',2025-10-08 18:17:00,2025-10-08 18:21:00,0,0,7,2025-10-08,BUS_001,25,50,False
R003_T008,R003,'S041',2025-10-08 18:22:00,2025-10-08 18:26:00,0,0,4,2025-10-08,BUS_001,25,50,False
R003_T008,R003,'S043',2025-10-08 18:28:00,2025-10-08 18:30:00,0,0,3,2025-10-08,BUS_001,25,50,False
R003_T008,R003,'S046',2025-10-08 18:35:00,2025-10-08 18:40:00,0,1,3,2025-10-08,BUS_001,25,50,False
R003_T008,R003,'S054'],2025-10-08 18:41:00,2025-10-08 18:45:00,0,0,1,2025-10-08,BUS_001,25,50,False
R003_T009,R003,['S045',2025-10-08 18:04:00,2025-10-08 18:05:00,6,0,4,2025-10-08,BUS_010,25,50,False
R003_T009,R003,'S017',2025-10-08 18:15:00,2025-10-08 18:16:00,12,0,9,2025-10-08,BUS_010,25,50,False
R003_T009,R003,'S030',2025-10-08 18:16:00,2025-10-08 18:20:00,7,5,4,2025-10-08,BUS_010,25,50,False
R003_T009,R003,'S049',2025-10-08 18:21:00,2025-10-08 18:23:00,0,1,1,2025-10-08,BUS_010,25,50,False
R003_T009,R003,'S031',2025-10-08 18:33:00,2025-10-08 18:36:00,0,4,7,2025-10-08,BUS_010,25,50,False
R003_T009,R003,'S023',2025-10-08 18:32:00,2025-10-08 18:34:00,0,3,-1,2025-10-08,BUS_010,25,50,False
R003_T009,R003,'S039',2025-10-08 18:47:00,2025-10-08 18:50:00,0,3,8,2025-10-08,BUS_010,25,50,False
R003_T009,R003,'S016',2025-10-08 18:51:00,2025-10-08 18:55:00,0,1,4,2025-10-08,BUS_010,25,50,False
R003_T009,R003,'S036',2025-10-08 19:00:00,2025-10-08 19:02:00,0,2,5,2025-10-08,BUS_010,25,50,False
R003_T009,R003,'S040',2025-10-08 19:10:00,2025-10-08 19:14:00,0,0,8,2025-10-08,BUS_010,25,50,False
R003_T009,R003,'S006',2025-10-08 19:10:00,2025-10-08 19:15:00,0,1,1,2025-10-08,BUS_010,25,50,False
R003_T009,R003,'S004',2025-10-08 19:30:00,2025-10-08 19:35:00,0,0,13,2025-10-08,BUS_010,25,50,False
R003_T009,R003,'S003',2025-10-08 19:25:00,2025-10-08 19:28:00,0,2,0,2025-10-08,BUS_010,25,50,False
R003_T009,R003,'S001',2025-10-08 19:34:00,2025-10-08 19:38:00,0,0,3,2025-10-08,BUS_010,25,50,False
R003_T009,R003,'S002',2025-10-08 19:41:00,2025-10-08 19:46:00,0,0,3,2025-10-08,BUS_010,25,50,False
R003_T009,R003,'S041',2025-10-08 19:51:00,2025-10-08 19:54:00,0,0,5,2025-10-08,BUS_010,25,50,False
R003_T009,R003,'S043',2025-10-08 20:00:00,2025-10-08 20:02:00,0,1,8,2025-10-08,BUS_010,25,50,False
R003_T009,R003,'S046',2025-10-08 20:10:00,2025-10-08 20:12:00,0,1,12,2025-10-08,BUS_010,25,50,False
R003_T009,R003,'S054'],2025-10-08 20:08:00,2025-10-08 20:13:00,0,0,4,2025-10-08,BUS_010,25,50,False
R003_T010,R003,['S045',2025-10-08 20:02:00,2025-10-08 20:05:00,6,0,2,2025-10-08,BUS_007,25,50,False
R003_T010,R003,'S017',2025-10-08 20:15:00,2025-10-08 20:19:00,10,1,7,2025-10-08,BUS_007,25,50,False
R003_T010,R003,'S030',2025-10-08 20:13:00,2025-10-08 20:17:00,7,3,-3,2025-10-08,BUS_007,25,50,False
R003_T010,R003,'S049',2025-10-08 20:24:00,2025-10-08 20:28:00,2,1,2,2025-10-08,BUS_007,25,50,False
R003_T010,R003,'S031',2025-10-08 20:28:00,2025-10-08 20:31:00,0,3,-1,2025-10-08,BUS_007,25,50,False
R003_T010,R003,'S023',2025-10-08 20:40:00,2025-10-08 20:43:00,0,2,4,2025-10-08,BUS_007,25,50,False
R003_T010,R003,'S039',2025-10-08 20:46:00,2025-10-08 20:48:00,0,1,4,2025-10-08,BUS_007,25,50,False
R003_T010,R003,'S016',2025-10-08 20:55:00,2025-10-08 20:58:00,0,2,7,2025-10-08,BUS_007,25,50,False
R003_T010,R003,'S036',2025-10-08 20:58:00,2025-10-08 21:00:00,0,1,2,2025-10-08,BUS_007,25,50,False
R003_T010,R003,'S040',2025-10-08 21:06:00,2025-10-08 21:09:00,0,0,3,2025-10-08,BUS_007,25,50,False
R003_T010,R003,'S006',2025-10-08 21:19:00,2025-10-08 21:21:00,0,0,9,2025-10-08,BUS_007,25,50,False
R003_T010,R003,'S004',2025-10-08 21:22:00,2025-10-08 21:27:00,0,2,6,2025-10-08,BUS_007,25,50,False
R003_T010,R003,'S003',2025-10-08 21:24:00,2025-10-08 21:27:00,0,2,0,2025-10-08,BUS_007,25,50,False
R003_T010,R003,'S001',2025-10-08 21:37:00,2025-10-08 21:41:00,0,3,5,2025-10-08,BUS_007,25,50,False
R003_T010,R003,'S002',2025-10-08 21:48:00,2025-10-08 21:51:00,0,0,9,2025-10-08,BUS_007,25,50,False
R003_T010,R003,'S041',2025-10-08 21:49:00,2025-10-08 21:53:00,0,0,3,2025-10-08,BUS_007,25,50,False
R003_T010,R003,'S043',2025-10-08 21:58:00,2025-10-08 22:01:00,0,0,5,2025-10-08,BUS_007,25,50,False
R003_T010,R003,'S046',2025-10-08 22:01:00,2025-10-08 22:03:00,0,1,0,2025-10-08,BUS_007,25,50,False
R003_T010,R003,'S054'],2025-10-08 22:11:00,2025-10-08 22:16:00,0,1,4,2025-10-08,BUS_007,25,50,False
R004_T001,R004,['S052',2025-10-08 05:31:00,2025-10-08 05:34:00,6,0,1,2025-10-08,BUS_004,18,50,False
R004_T001,R004,'S036',2025-10-08 05:31:00,2025-10-08 05:39:00,6,1,-7,2025-10-08,BUS_004,18,50,False
R004_T001,R004,'S050',2025-10-08 05:44:00,2025-10-08 05:47:00,5,3,0,2025-10-08,BUS_004,18,50,False
R004_T001,R004,'S016',2025-10-08 05:59:00,2025-10-08 06:01:00,1,2,8,2025-10-08,BUS_004,18,50,False
R004_T001,R004,'S007',2025-10-08 05:59:00,2025-10-08 06:02:00,0,5,1,2025-10-08,BUS_004,18,50,False
R004_T001,R004,'S039',2025-10-08 06:06:00,2025-10-08 06:08:00,0,0,0,2025-10-08,BUS_004,18,50,False
R004_T001,R004,'S060',2025-10-08 06:16:00,2025-10-08 06:19:00,0,0,3,2025-10-08,BUS_004,18,50,False
R004_T001,R004,'S049',2025-10-08 06:21:00,2025-10-08 06:23:00,0,0,0,2025-10-08,BUS_004,18,50,False
R004_T001,R004,'S024',2025-10-08 06:30:00,2025-10-08 06:33:00,0,1,2,2025-10-08,BUS_004,18,50,False
R004_T001,R004,'S053',2025-10-08 06:37:00,2025-10-08 06:38:00,0,0,1,2025-10-08,BUS_004,18,50,False
R004_T001,R004,'S058',2025-10-08 06:42:00,2025-10-08 06:46:00,0,1,0,2025-10-08,BUS_004,18,50,False
R004_T001,R004,'S015',2025-10-08 06:53:00,2025-10-08 06:56:00,0,2,3,2025-10-08,BUS_004,18,50,False
R004_T001,R004,'S040',2025-10-08 07:01:00,2025-10-08 07:06:00,0,1,3,2025-10-08,BUS_004,18,50,False
R004_T001,R004,'S021',2025-10-08 07:08:00,2025-10-08 07:12:00,0,0,2,2025-10-08,BUS_004,18,50,False
R004_T001,R004,'S010'],2025-10-08 07:21:00,2025-10-08 07:24:00,0,0,8,2025-10-08,BUS_004,18,50,False
R004_T002,R004,['S052',2025-10-08 06:02:00,2025-10-08 06:07:00,8,0,2,2025-10-08,BUS_011,18,50,False
R004_T002,R004,'S036',2025-10-08 06:10:00,2025-10-08 06:13:00,10,0,2,2025-10-08,BUS_011,18,50,False
R004_T002,R004,'S050',2025-10-08 06:16:00,2025-10-08 06:18:00,0,5,0,2025-10-08,BUS_011,18,50,False
R004_T002,R004,'S016',2025-10-08 06:24:00,2025-10-08 06:27:00,0,1,2,2025-10-08,BUS_011,18,50,False
R004_T002,R004,'S007',2025-10-08 06:29:00,2025-10-08 06:30:00,0,1,1,2025-10-08,BUS_011,18,50,False
R004_T002,R004,'S039',2025-10-08 06:32:00,2025-10-08 06:36:00,0,1,-2,2025-10-08,BUS_011,18,50,False
R004_T002,R004,'S060',2025-10-08 06:44:00,2025-10-08 06:48:00,0,0,3,2025-10-08,BUS_011,18,50,False
R004_T002,R004,'S049',2025-10-08 06:45:00,2025-10-08 06:52:00,0,1,-4,2025-10-08,BUS_011,18,50,False
R004_T002,R004,'S024',2025-10-08 07:02:00,2025-10-08 07:07:00,0,1,5,2025-10-08,BUS_011,18,50,False
R004_T002,R004,'S053',2025-10-08 07:01:00,2025-10-08 07:06:00,0,3,-4,2025-10-08,BUS_011,18,50,False
R004_T002,R004,'S058',2025-10-08 07:12:00,2025-10-08 07:15:00,0,0,1,2025-10-08,BUS_011,18,50,False
R004_T002,R004,'S015',2025-10-08 07:17:00,2025-10-08 07:19:00,0,0,0,2025-10-08,BUS_011,18,50,False
R004_T002,R004,'S040',2025-10-08 07:29:00,2025-10-08 07:31:00,0,1,6,2025-10-08,BUS_011,18,50,False
R004_T002,R004,'S021',2025-10-08 07:34:00,2025-10-08 07:36:00,0,0,4,2025-10-08,BUS_011,18,50,False
R004_T002,R004,'S010'],2025-10-08 07:37:00,2025-10-08 07:39:00,0,2,1,2025-10-08,BUS_011,18,50,False
R004_T003,R004,['S052',2025-10-08 06:45:00,2025-10-08 06:48:00,9,0,0,2025-10-08,BUS_021,18,50,False
R004_T003,R004,'S036',2025-10-08 06:51:00,2025-10-08 06:54:00,4,2,-2,2025-10-08,BUS_021,18,50,False
R004_T003,R004,'S050',2025-10-08 06:58:00,2025-10-08 07:01:00,2,1,-1,2025-10-08,BUS_021,18,50,False
R004_T003,R004,'S016',2025-10-08 07:07:00,2025-10-08 07:12:00,1,2,1,2025-10-08,BUS_021,18,50,False
R004_T003,R004,'S007',2025-10-08 07:21:00,2025-10-08 07:24:00,2,2,7,2025-10-08,BUS_021,18,50,False
R004_T003,R004,'S039',2025-10-08 07:22:00,2025-10-08 07:27:00,0,1,0,2025-10-08,BUS_021,18,50,False
R004_T003,R004,'S060',2025-10-08 07:31:00,2025-10-08 07:33:00,0,1,1,2025-10-08,BUS_021,18,50,False
R004_T003,R004,'S049',2025-10-08 07:44:00,2025-10-08 07:47:00,0,0,7,2025-10-08,BUS_021,18,50,False
R004_T003,R004,'S024',2025-10-08 07:55:00,2025-10-08 08:00:00,0,2,11,2025-10-08,BUS_021,18,50,False
R004_T003,R004,'S053',2025-10-08 07:50:00,2025-10-08 07:53:00,0,1,-2,2025-10-08,BUS_021,18,50,False
R004_T003,R004,'S058',2025-10-08 08:02:00,2025-10-08 08:03:00,0,1,4,2025-10-08,BUS_021,18,50,False
R004_T003,R004,'S015',2025-10-08 08:11:00,2025-10-08 08:12:00,0,0,7,2025-10-08,BUS_021,18,50,False
R004_T003,R004,'S040',2025-10-08 08:19:00,2025-10-08 08:22:00,0,3,9,2025-10-08,BUS_021,18,50,False
R004_T003,R004,'S021',2025-10-08 08:25:00,2025-10-08 08:26:00,0,0,8,2025-10-08,BUS_021,18,50,False
R004_T003,R004,'S010'],2025-10-08 08:26:00,2025-10-08 08:31:00,0,0,3,2025-10-08,BUS_021,18,50,False
R004_T004,R004,['S052',2025-10-08 07:36:00,2025-10-08 07:41:00,6,0,6,2025-10-08,BUS_005,18,50,False
R004_T004,R004,'S036',2025-10-08 07:39:00,2025-10-08 07:42:00,11,0,1,2025-10-08,BUS_005,18,50,False
R004_T004,R004,'S050',2025-10-08 07:51:00,2025-10-08 07:53:00,1,2,7,2025-10-08,BUS_005,18,50,False
R004_T004,R004,'S016',2025-10-08 07:53:00,2025-10-08 07:58:00,0,3,2,2025-10-08,BUS_005,18,50,False
R004_T004,R004,'S007',2025-10-08 07:59:00,2025-10-08 08:01:00,0,1,0,2025-10-08,BUS_005,18,50,False
R004_T004,R004,'S039',2025-10-08 08:09:00,2025-10-08 08:11:00,0,3,3,2025-10-08,BUS_005,18,50,False
R004_T004,R004,'S060',2025-10-08 08:19:00,2025-10-08 08:21:00,0,1,7,2025-10-08,BUS_005,18,50,False
R004_T004,R004,'S049',2025-10-08 08:24:00,2025-10-08 08:28:00,0,0,5,2025-10-08,BUS_005,18,50,False
R004_T004,R004,'S024',2025-10-08 08:33:00,2025-10-08 08:35:00,0,0,6,2025-10-08,BUS_005,18,50,False
R004_T004,R004,'S053',2025-10-08 08:37:00,2025-10-08 08:39:00,0,2,3,2025-10-08,BUS_005,18,50,False
R004_T004,R004,'S058',2025-10-08 08:45:00,2025-10-08 08:47:00,0,1,4,2025-10-08,BUS_005,18,50,False
R004_T004,R004,'S015',2025-10-08 08:50:00,2025-10-08 08:55:00,0,2,3,2025-10-08,BUS_005,18,50,False
R004_T004,R004,'S040',2025-10-08 09:05:00,2025-10-08 09:09:00,0,0,10,2025-10-08,BUS_005,18,50,False
R004_T004,R004,'S021',2025-10-08 09:03:00,2025-10-08 09:05:00,0,0,1,2025-10-08,BUS_005,18,50,False
R004_T004,R004,'S010'],2025-10-08 09:12:00,2025-10-08 09:17:00,0,0,3,2025-10-08,BUS_005,18,50,False
R004_T005,R004,['S052',2025-10-08 08:15:00,2025-10-08 08:19:00,6,0,0,2025-10-08,BUS_011,18,50,False
R004_T005,R004,'S036',2025-10-08 08:25:00,2025-10-08 08:28:00,7,1,3,2025-10-08,BUS_011,18,50,False
R004_T005,R004,'S050',2025-10-08 08:30:00,2025-10-08 08:33:00,5,1,2,2025-10-08,BUS_011,18,50,False
R004_T005,R004,'S016',2025-10-08 08:36:00,2025-10-08 08:40:00,0,2,1,2025-10-08,BUS_011,18,50,False
R004_T005,R004,'S007',2025-10-08 08:47:00,2025-10-08 08:50:00,0,4,4,2025-10-08,BUS_011,18,50,False
R004_T005,R004,'S039',2025-10-08 08:56:00,2025-10-08 09:00:00,0,0,6,2025-10-08,BUS_011,18,50,False
R004_T005,R004,'S060',2025-10-08 08:57:00,2025-10-08 08:59:00,0,0,0,2025-10-08,BUS_011,18,50,False
R004_T005,R004,'S049',2025-10-08 09:07:00,2025-10-08 09:10:00,0,1,3,2025-10-08,BUS_011,18,50,False
R004_T005,R004,'S024',2025-10-08 09:14:00,2025-10-08 09:17:00,0,0,3,2025-10-08,BUS_011,18,50,False
R004_T005,R004,'S053',2025-10-08 09:25:00,2025-10-08 09:28:00,0,2,7,2025-10-08,BUS_011,18,50,False
R004_T005,R004,'S058',2025-10-08 09:32:00,2025-10-08 09:35:00,0,2,8,2025-10-08,BUS_011,18,50,False
R004_T005,R004,'S015',2025-10-08 09:34:00,2025-10-08 09:37:00,0,2,4,2025-10-08,BUS_011,18,50,False
R004_T005,R004,'S040',2025-10-08 09:42:00,2025-10-08 09:47:00,0,1,4,2025-10-08,BUS_011,18,50,False
R004_T005,R004,'S021',2025-10-08 09:46:00,2025-10-08 09:48:00,0,1,0,2025-10-08,BUS_011,18,50,False
R004_T005,R004,'S010'],2025-10-08 10:00:00,2025-10-08 10:04:00,0,0,8,2025-10-08,BUS_011,18,50,False
R004_T006,R004,['S052',2025-10-08 09:36:00,2025-10-08 09:38:00,9,0,6,2025-10-08,BUS_007,18,50,False
R004_T006,R004,'S036',2025-10-08 09:37:00,2025-10-08 09:38:00,9,0,0,2025-10-08,BUS_007,18,50,False
R004_T006,R004,'S050',2025-10-08 09:46:00,2025-10-08 09:51:00,0,0,3,2025-10-08,BUS_007,18,50,False
R004_T006,R004,'S016',2025-10-08 09:51:00,2025-10-08 09:56:00,0,2,0,2025-10-08,BUS_007,18,50,False
R004_T006,R004,'S007',2025-10-08 10:03:00,2025-10-08 10:07:00,0,4,4,2025-10-08,BUS_007,18,50,False
R004_T006,R004,'S039',2025-10-08 10:13:00,2025-10-08 10:14:00,0,2,6,2025-10-08,BUS_007,18,50,False
R004_T006,R004,'S060',2025-10-08 10:16:00,2025-10-08 10:21:00,0,2,3,2025-10-08,BUS_007,18,50,False
R004_T006,R004,'S049',2025-10-08 10:22:00,2025-10-08 10:25:00,0,3,1,2025-10-08,BUS_007,18,50,False
R004_T006,R004,'S024',2025-10-08 10:32:00,2025-10-08 10:37:00,0,1,5,2025-10-08,BUS_007,18,50,False
R004_T006,R004,'S053',2025-10-08 10:37:00,2025-10-08 10:38:00,0,1,2,2025-10-08,BUS_007,18,50,False
R004_T006,R004,'S058',2025-10-08 10:43:00,2025-10-08 10:44:00,0,0,2,2025-10-08,BUS_007,18,50,False
R004_T006,R004,'S015',2025-10-08 10:52:00,2025-10-08 10:56:00,0,2,5,2025-10-08,BUS_007,18,50,False
R004_T006,R004,'S040',2025-10-08 10:55:00,2025-10-08 10:58:00,0,0,0,2025-10-08,BUS_007,18,50,False
R004_T006,R004,'S021',2025-10-08 11:06:00,2025-10-08 11:08:00,0,0,3,2025-10-08,BUS_007,18,50,False
R004_T006,R004,'S010'],2025-10-08 11:10:00,2025-10-08 11:12:00,0,0,0,2025-10-08,BUS_007,18,50,False
R004_T007,R004,['S052',2025-10-08 11:31:00,2025-10-08 11:33:00,6,0,1,2025-10-08,BUS_007,18,50,False
R004_T007,R004,'S036',2025-10-08 11:39:00,2025-10-08 11:43:00,6,1,2,2025-10-08,BUS_007,18,50,False
R004_T007,R004,'S050',2025-10-08 11:48:00,2025-10-08 11:52:00,5,1,3,2025-10-08,BUS_007,18,50,False
R004_T007,R004,'S016',2025-10-08 11:55:00,2025-10-08 11:59:00,1,1,3,2025-10-08,BUS_007,18,50,False
R004_T007,R004,'S007',2025-10-08 12:04:00,2025-10-08 12:09:00,0,2,5,2025-10-08,BUS_007,18,50,False
R004_T007,R004,'S039',2025-10-08 12:06:00,2025-10-08 12:11:00,0,0,-1,2025-10-08,BUS_007,18,50,False
R004_T007,R004,'S060',2025-10-08 12:15:00,2025-10-08 12:16:00,0,2,0,2025-10-08,BUS_007,18,50,False
R004_T007,R004,'S049',2025-10-08 12:22:00,2025-10-08 12:26:00,0,1,1,2025-10-08,BUS_007,18,50,False
R004_T007,R004,'S024',2025-10-08 12:33:00,2025-10-08 12:36:00,0,2,4,2025-10-08,BUS_007,18,50,False
R004_T007,R004,'S053',2025-10-08 12:38:00,2025-10-08 12:40:00,0,0,3,2025-10-08,BUS_007,18,50,False
R004_T007,R004,'S058',2025-10-08 12:42:00,2025-10-08 12:44:00,0,2,0,2025-10-08,BUS_007,18,50,False
R004_T007,R004,'S015',2025-10-08 12:46:00,2025-10-08 12:49:00,0,1,-2,2025-10-08,BUS_007,18,50,False
R004_T007,R004,'S040',2025-10-08 12:56:00,2025-10-08 13:00:00,0,1,2,2025-10-08,BUS_007,18,50,False
R004_T007,R004,'S021',2025-10-08 13:01:00,2025-10-08 13:03:00,0,0,-1,2025-10-08,BUS_007,18,50,False
R004_T007,R004,'S010'],2025-10-08 13:15:00,2025-10-08 13:17:00,0,1,7,2025-10-08,BUS_007,18,50,False
R004_T008,R004,['S052',2025-10-08 13:35:00,2025-10-08 13:38:00,7,0,5,2025-10-08,BUS_002,18,50,False
R004_T008,R004,'S036',2025-10-08 13:35:00,2025-10-08 13:37:00,6,1,-1,2025-10-08,BUS_002,18,50,False
R004_T008,R004,'S050',2025-10-08 13:44:00,2025-10-08 13:48:00,5,1,2,2025-10-08,BUS_002,18,50,False
R004_T008,R004,'S016',2025-10-08 13:53:00,2025-10-08 13:58:00,0,1,4,2025-10-08,BUS_002,18,50,False
R004_T008,R004,'S007',2025-10-08 13:59:00,2025-10-08 14:01:00,0,1,2,2025-10-08,BUS_002,18,50,False
R004_T008,R004,'S039',2025-10-08 14:06:00,2025-10-08 14:08:00,0,0,2,2025-10-08,BUS_002,18,50,False
R004_T008,R004,'S060',2025-10-08 14:13:00,2025-10-08 14:16:00,0,4,2,2025-10-08,BUS_002,18,50,False
R004_T008,R004,'S049',2025-10-08 14:19:00,2025-10-08 14:21:00,0,2,1,2025-10-08,BUS_002,18,50,False
R004_T008,R004,'S024',2025-10-08 14:28:00,2025-10-08 14:30:00,0,0,4,2025-10-08,BUS_002,18,50,False
R004_T008,R004,'S053',2025-10-08 14:30:00,2025-10-08 14:32:00,0,2,0,2025-10-08,BUS_002,18,50,False
R004_T008,R004,'S058',2025-10-08 14:37:00,2025-10-08 14:40:00,0,2,0,2025-10-08,BUS_002,18,50,False
R004_T008,R004,'S015',2025-10-08 14:47:00,2025-10-08 14:52:00,0,0,2,2025-10-08,BUS_002,18,50,False
R004_T008,R004,'S040',2025-10-08 14:56:00,2025-10-08 14:58:00,0,1,3,2025-10-08,BUS_002,18,50,False
R004_T008,R004,'S021',2025-10-08 15:02:00,2025-10-08 15:06:00,0,1,3,2025-10-08,BUS_002,18,50,False
R004_T008,R004,'S010'],2025-10-08 15:11:00,2025-10-08 15:13:00,0,0,4,2025-10-08,BUS_002,18,50,False
R004_T009,R004,['S052',2025-10-08 15:32:00,2025-10-08 15:35:00,6,0,2,2025-10-08,BUS_010,18,50,False
R004_T009,R004,'S036',2025-10-08 15:38:00,2025-10-08 15:42:00,6,3,1,2025-10-08,BUS_010,18,50,False
R004_T009,R004,'S050',2025-10-08 15:46:00,2025-10-08 15:48:00,6,1,2,2025-10-08,BUS_010,18,50,False
R004_T009,R004,'S016',2025-10-08 16:00:00,2025-10-08 16:04:00,0,2,9,2025-10-08,BUS_010,18,50,False
R004_T009,R004,'S007',2025-10-08 15:59:00,2025-10-08 16:04:00,0,5,1,2025-10-08,BUS_010,18,50,False
R004_T009,R004,'S039',2025-10-08 16:05:00,2025-10-08 16:09:00,0,1,-1,2025-10-08,BUS_010,18,50,False
R004_T009,R004,'S060',2025-10-08 16:18:00,2025-10-08 16:20:00,0,1,5,2025-10-08,BUS_010,18,50,False
R004_T009,R004,'S049',2025-10-08 16:21:00,2025-10-08 16:24:00,0,1,1,2025-10-08,BUS_010,18,50,False
R004_T009,R004,'S024',2025-10-08 16:26:00,2025-10-08 16:28:00,0,0,0,2025-10-08,BUS_010,18,50,False
R004_T009,R004,'S053',2025-10-08 16:33:00,2025-10-08 16:37:00,0,2,0,2025-10-08,BUS_010,18,50,False
R004_T009,R004,'S058',2025-10-08 16:43:00,2025-10-08 16:47:00,0,0,2,2025-10-08,BUS_010,18,50,False
R004_T009,R004,'S015',2025-10-08 16:47:00,2025-10-08 16:52:00,0,0,-1,2025-10-08,BUS_010,18,50,False
R004_T009,R004,'S040',2025-10-08 17:00:00,2025-10-08 17:04:00,0,1,4,2025-10-08,BUS_010,18,50,False
R004_T009,R004,'S021',2025-10-08 17:05:00,2025-10-08 17:09:00,0,0,2,2025-10-08,BUS_010,18,50,False
R004_T009,R004,'S010'],2025-10-08 17:12:00,2025-10-08 17:16:00,0,0,2,2025-10-08,BUS_010,18,50,False
R004_T010,R004,['S052',2025-10-08 17:37:00,2025-10-08 17:41:00,13,0,7,2025-10-08,BUS_008,18,50,False
R004_T010,R004,'S036',2025-10-08 17:41:00,2025-10-08 17:44:00,5,1,4,2025-10-08,BUS_008,18,50,False
R004_T010,R004,'S050',2025-10-08 17:48:00,2025-10-08 17:53:00,0,1,5,2025-10-08,BUS_008,18,50,False
R004_T010,R004,'S016',2025-10-08 17:59:00,2025-10-08 18:02:00,0,4,8,2025-10-08,BUS_008,18,50,False
R004_T010,R004,'S007',2025-10-08 17:58:00,2025-10-08 18:01:00,0,0,0,2025-10-08,BUS_008,18,50,False
R004_T010,R004,'S039',2025-10-08 18:15:00,2025-10-08 18:17:00,0,0,10,2025-10-08,BUS_008,18,50,False
R004_T010,R004,'S060',2025-10-08 18:17:00,2025-10-08 18:21:00,0,1,5,2025-10-08,BUS_008,18,50,False
R004_T010,R004,'S049',2025-10-08 18:33:00,2025-10-08 18:36:00,0,2,13,2025-10-08,BUS_008,18,50,False
R004_T010,R004,'S024',2025-10-08 18:32:00,2025-10-08 18:36:00,0,3,5,2025-10-08,BUS_008,18,50,False
R004_T010,R004,'S053',2025-10-08 18:37:00,2025-10-08 18:40:00,0,1,2,2025-10-08,BUS_008,18,50,False
R004_T010,R004,'S058',2025-10-08 18:44:00,2025-10-08 18:48:00,0,1,3,2025-10-08,BUS_008,18,50,False
R004_T010,R004,'S015',2025-10-08 18:52:00,2025-10-08 18:55:00,0,0,3,2025-10-08,BUS_008,18,50,False
R004_T010,R004,'S040',2025-10-08 18:57:00,2025-10-08 18:59:00,0,0,1,2025-10-08,BUS_008,18,50,False
R004_T010,R004,'S021',2025-10-08 19:11:00,2025-10-08 19:14:00,0,0,8,2025-10-08,BUS_008,18,50,False
R004_T010,R004,'S010'],2025-10-08 19:16:00,2025-10-08 19:20:00,0,0,5,2025-10-08,BUS_008,18,50,False
R004_T011,R004,['S052',2025-10-08 19:07:00,2025-10-08 19:08:00,5,0,7,2025-10-08,BUS_004,18,50,False
R004_T011,R004,'S036',2025-10-08 19:14:00,2025-10-08 19:16:00,5,0,8,2025-10-08,BUS_004,18,50,False
R004_T011,R004,'S050',2025-10-08 19:10:00,2025-10-08 19:13:00,7,4,-2,2025-10-08,BUS_004,18,50,False
R004_T011,R004,'S016',2025-10-08 19:23:00,2025-10-08 19:26:00,0,1,5,2025-10-08,BUS_004,18,50,False
R004_T011,R004,'S007',2025-10-08 19:25:00,2025-10-08 19:26:00,0,2,1,2025-10-08,BUS_004,18,50,False
R004_T011,R004,'S039',2025-10-08 19:31:00,2025-10-08 19:32:00,1,1,1,2025-10-08,BUS_004,18,50,False
R004_T011,R004,'S060',2025-10-08 19:38:00,2025-10-08 19:42:00,0,0,2,2025-10-08,BUS_004,18,50,False
R004_T011,R004,'S049',2025-10-08 19:43:00,2025-10-08 19:47:00,0,2,0,2025-10-08,BUS_004,18,50,False
R004_T011,R004,'S024',2025-10-08 19:53:00,2025-10-08 19:57:00,0,1,3,2025-10-08,BUS_004,18,50,False
R004_T011,R004,'S053',2025-10-08 19:58:00,2025-10-08 20:00:00,0,1,1,2025-10-08,BUS_004,18,50,False
R004_T011,R004,'S058',2025-10-08 20:14:00,2025-10-08 20:17:00,0,1,10,2025-10-08,BUS_004,18,50,False
R004_T011,R004,'S015',2025-10-08 20:13:00,2025-10-08 20:17:00,0,2,1,2025-10-08,BUS_004,18,50,False
R004_T011,R004,'S040',2025-10-08 20:25:00,2025-10-08 20:27:00,0,0,6,2025-10-08,BUS_004,18,50,False
R004_T011,R004,'S021',2025-10-08 20:29:00,2025-10-08 20:30:00,0,0,3,2025-10-08,BUS_004,18,50,False
R004_T011,R004,'S010'],2025-10-08 20:39:00,2025-10-08 20:40:00,0,1,7,2025-10-08,BUS_004,18,50,False
R004_T012,R004,['S052',2025-10-08 21:06:00,2025-10-08 21:08:00,6,0,6,2025-10-08,BUS_005,18,50,False
R004_T012,R004,'S036',2025-10-08 21:10:00,2025-10-08 21:12:00,8,1,3,2025-10-08,BUS_005,18,50,False
R004_T012,R004,'S050',2025-10-08 21:20:00,2025-10-08 21:25:00,4,1,6,2025-10-08,BUS_005,18,50,False
R004_T012,R004,'S016',2025-10-08 21:25:00,2025-10-08 21:28:00,0,2,3,2025-10-08,BUS_005,18,50,False
R004_T012,R004,'S007',2025-10-08 21:34:00,2025-10-08 21:38:00,0,2,4,2025-10-08,BUS_005,18,50,False
R004_T012,R004,'S039',2025-10-08 21:42:00,2025-10-08 21:45:00,0,2,5,2025-10-08,BUS_005,18,50,False
R004_T012,R004,'S060',2025-10-08 21:45:00,2025-10-08 21:49:00,0,0,2,2025-10-08,BUS_005,18,50,False
R004_T012,R004,'S049',2025-10-08 21:59:00,2025-10-08 22:01:00,0,0,8,2025-10-08,BUS_005,18,50,False
R004_T012,R004,'S024',2025-10-08 21:58:00,2025-10-08 22:01:00,0,1,0,2025-10-08,BUS_005,18,50,False
R004_T012,R004,'S053',2025-10-08 22:11:00,2025-10-08 22:15:00,0,1,5,2025-10-08,BUS_005,18,50,False
R004_T012,R004,'S058',2025-10-08 22:20:00,2025-10-08 22:25:00,0,1,6,2025-10-08,BUS_005,18,50,False
R004_T012,R004,'S015',2025-10-08 22:20:00,2025-10-08 22:24:00,0,1,-2,2025-10-08,BUS_005,18,50,False
R004_T012,R004,'S040',2025-10-08 22:33:00,2025-10-08 22:37:00,0,1,4,2025-10-08,BUS_005,18,50,False
R004_T012,R004,'S021',2025-10-08 22:37:00,2025-10-08 22:41:00,0,0,1,2025-10-08,BUS_005,18,50,False
R004_T012,R004,'S010'],2025-10-08 22:42:00,2025-10-08 22:44:00,0,1,-1,2025-10-08,BUS_005,18,50,False
R005_T001,R005,['S020',2025-10-08 05:33:00,2025-10-08 05:37:00,5,0,3,2025-10-08,BUS_005,18,50,False
R005_T001,R005,'S059',2025-10-08 05:39:00,2025-10-08 05:41:00,10,2,2,2025-10-08,BUS_005,18,50,False
R005_T001,R005,'S045',2025-10-08 05:43:00,2025-10-08 05:47:00,3,3,0,2025-10-08,BUS_005,18,50,False
R005_T001,R005,'S005',2025-10-08 05:49:00,2025-10-08 05:54:00,0,2,-2,2025-10-08,BUS_005,18,50,False
R005_T001,R005,'S028',2025-10-08 05:59:00,2025-10-08 06:01:00,0,2,0,2025-10-08,BUS_005,18,50,False
R005_T001,R005,'S035',2025-10-08 06:11:00,2025-10-08 06:14:00,0,2,5,2025-10-08,BUS_005,18,50,False
R005_T001,R005,'S009',2025-10-08 06:15:00,2025-10-08 06:16:00,0,0,2,2025-10-08,BUS_005,18,50,False
R005_T001,R005,'S002',2025-10-08 06:23:00,2025-10-08 06:25:00,0,1,4,2025-10-08,BUS_005,18,50,False
R005_T001,R005,'S033',2025-10-08 06:26:00,2025-10-08 06:29:00,0,0,0,2025-10-08,BUS_005,18,50,False
R005_T001,R005,'S013',2025-10-08 06:34:00,2025-10-08 06:38:00,0,1,0,2025-10-08,BUS_005,18,50,False
R005_T001,R005,'S012',2025-10-08 06:46:00,2025-10-08 06:48:00,0,1,4,2025-10-08,BUS_005,18,50,False
R005_T001,R005,'S043',2025-10-08 06:50:00,2025-10-08 06:51:00,0,0,1,2025-10-08,BUS_005,18,50,False
R005_T001,R005,'S056',2025-10-08 07:01:00,2025-10-08 07:03:00,0,0,6,2025-10-08,BUS_005,18,50,False
R005_T001,R005,'S021',2025-10-08 07:02:00,2025-10-08 07:05:00,0,1,1,2025-10-08,BUS_005,18,50,False
R005_T001,R005,'S060'],2025-10-08 07:16:00,2025-10-08 07:17:00,0,0,8,2025-10-08,BUS_005,18,50,False
R005_T002,R005,['S020',2025-10-08 06:00:00,2025-10-08 06:03:00,6,0,0,2025-10-08,BUS_012,18,50,False
R005_T002,R005,'S059',2025-10-08 06:03:00,2025-10-08 06:10:00,9,1,-4,2025-10-08,BUS_012,18,50,False
R005_T002,R005,'S045',2025-10-08 06:15:00,2025-10-08 06:17:00,3,1,0,2025-10-08,BUS_012,18,50,False
R005_T002,R005,'S005',2025-10-08 06:26:00,2025-10-08 06:30:00,0,2,4,2025-10-08,BUS_012,18,50,False
R005_T002,R005,'S028',2025-10-08 06:33:00,2025-10-08 06:35:00,0,1,3,2025-10-08,BUS_012,18,50,False
R005_T002,R005,'S035',2025-10-08 06:37:00,2025-10-08 06:38:00,0,1,1,2025-10-08,BUS_012,18,50,False
R005_T002,R005,'S009',2025-10-08 06:39:00,2025-10-08 06:45:00,0,1,-3,2025-10-08,BUS_012,18,50,False
R005_T002,R005,'S002',2025-10-08 06:50:00,2025-10-08 06:51:00,0,0,0,2025-10-08,BUS_012,18,50,False
R005_T002,R005,'S033',2025-10-08 06:55:00,2025-10-08 06:59:00,0,2,-1,2025-10-08,BUS_012,18,50,False
R005_T002,R005,'S013',2025-10-08 07:12:00,2025-10-08 07:15:00,0,1,8,2025-10-08,BUS_012,18,50,False
R005_T002,R005,'S012',2025-10-08 07:18:00,2025-10-08 07:23:00,0,3,7,2025-10-08,BUS_012,18,50,False
R005_T002,R005,'S043',2025-10-08 07:26:00,2025-10-08 07:29:00,0,0,7,2025-10-08,BUS_012,18,50,False
R005_T002,R005,'S056',2025-10-08 07:34:00,2025-10-08 07:35:00,0,0,9,2025-10-08,BUS_012,18,50,False
R005_T002,R005,'S021',2025-10-08 07:33:00,2025-10-08 07:38:00,0,2,2,2025-10-08,BUS_012,18,50,False
R005_T002,R005,'S060'],2025-10-08 07:46:00,2025-10-08 07:51:00,0,0,7,2025-10-08,BUS_012,18,50,False
R005_T003,R005,['S020',2025-10-08 06:46:00,2025-10-08 06:49:00,1,0,1,2025-10-08,BUS_022,18,50,False
R005_T003,R005,'S059',2025-10-08 06:57:00,2025-10-08 07:00:00,7,0,5,2025-10-08,BUS_022,18,50,False
R005_T003,R005,'S045',2025-10-08 07:03:00,2025-10-08 07:07:00,9,1,4,2025-10-08,BUS_022,18,50,False
R005_T003,R005,'S005',2025-10-08 07:07:00,2025-10-08 07:10:00,1,3,0,2025-10-08,BUS_022,18,50,False
R005_T003,R005,'S028',2025-10-08 07:22:00,2025-10-08 07:25:00,0,2,7,2025-10-08,BUS_022,18,50,False
R005_T003,R005,'S035',2025-10-08 07:30:00,2025-10-08 07:34:00,0,4,8,2025-10-08,BUS_022,18,50,False
R005_T003,R005,'S009',2025-10-08 07:33:00,2025-10-08 07:37:00,0,1,4,2025-10-08,BUS_022,18,50,False
R005_T003,R005,'S002',2025-10-08 07:37:00,2025-10-08 07:41:00,0,1,0,2025-10-08,BUS_022,18,50,False
R005_T003,R005,'S033',2025-10-08 07:50:00,2025-10-08 07:52:00,0,1,6,2025-10-08,BUS_022,18,50,False
R005_T003,R005,'S013',2025-10-08 08:05:00,2025-10-08 08:06:00,0,2,15,2025-10-08,BUS_022,18,50,False
R005_T003,R005,'S012',2025-10-08 07:59:00,2025-10-08 08:04:00,0,0,3,2025-10-08,BUS_022,18,50,False
R005_T003,R005,'S043',2025-10-08 08:10:00,2025-10-08 08:15:00,0,0,6,2025-10-08,BUS_022,18,50,False
R005_T003,R005,'S056',2025-10-08 08:20:00,2025-10-08 08:23:00,0,0,8,2025-10-08,BUS_022,18,50,False
R005_T003,R005,'S021',2025-10-08 08:22:00,2025-10-08 08:25:00,0,0,4,2025-10-08,BUS_022,18,50,False
R005_T003,R005,'S060'],2025-10-08 08:31:00,2025-10-08 08:34:00,0,1,5,2025-10-08,BUS_022,18,50,False
R005_T004,R005,['S020',2025-10-08 07:32:00,2025-10-08 07:33:00,9,0,2,2025-10-08,BUS_007,18,50,False
R005_T004,R005,'S059',2025-10-08 07:43:00,2025-10-08 07:46:00,6,0,7,2025-10-08,BUS_007,18,50,False
R005_T004,R005,'S045',2025-10-08 07:46:00,2025-10-08 07:49:00,3,3,2,2025-10-08,BUS_007,18,50,False
R005_T004,R005,'S005',2025-10-08 07:54:00,2025-10-08 07:56:00,0,0,4,2025-10-08,BUS_007,18,50,False
R005_T004,R005,'S028',2025-10-08 08:03:00,2025-10-08 08:06:00,0,2,6,2025-10-08,BUS_007,18,50,False
R005_T004,R005,'S035',2025-10-08 08:13:00,2025-10-08 08:16:00,0,3,10,2025-10-08,BUS_007,18,50,False
R005_T004,R005,'S009',2025-10-08 08:15:00,2025-10-08 08:18:00,0,0,4,2025-10-08,BUS_007,18,50,False
R005_T004,R005,'S002',2025-10-08 08:22:00,2025-10-08 08:26:00,0,1,3,2025-10-08,BUS_007,18,50,False
R005_T004,R005,'S033',2025-10-08 08:29:00,2025-10-08 08:32:00,0,0,2,2025-10-08,BUS_007,18,50,False
R005_T004,R005,'S013',2025-10-08 08:43:00,2025-10-08 08:45:00,0,3,9,2025-10-08,BUS_007,18,50,False
R005_T004,R005,'S012',2025-10-08 08:41:00,2025-10-08 08:46:00,0,2,0,2025-10-08,BUS_007,18,50,False
R005_T004,R005,'S043',2025-10-08 08:50:00,2025-10-08 08:53:00,0,2,1,2025-10-08,BUS_007,18,50,False
R005_T004,R005,'S056',2025-10-08 08:55:00,2025-10-08 08:57:00,0,1,0,2025-10-08,BUS_007,18,50,False
R005_T004,R005,'S021',2025-10-08 09:06:00,2025-10-08 09:09:00,0,0,5,2025-10-08,BUS_007,18,50,False
R005_T004,R005,'S060'],2025-10-08 09:11:00,2025-10-08 09:13:00,0,0,2,2025-10-08,BUS_007,18,50,False
R005_T005,R005,['S020',2025-10-08 08:15:00,2025-10-08 08:18:00,7,0,0,2025-10-08,BUS_012,18,50,False
R005_T005,R005,'S059',2025-10-08 08:21:00,2025-10-08 08:24:00,4,1,0,2025-10-08,BUS_012,18,50,False
R005_T005,R005,'S045',2025-10-08 08:37:00,2025-10-08 08:42:00,3,2,8,2025-10-08,BUS_012,18,50,False
R005_T005,R005,'S005',2025-10-08 08:45:00,2025-10-08 08:48:00,3,0,8,2025-10-08,BUS_012,18,50,False
R005_T005,R005,'S028',2025-10-08 08:52:00,2025-10-08 08:56:00,0,4,8,2025-10-08,BUS_012,18,50,False
R005_T005,R005,'S035',2025-10-08 08:53:00,2025-10-08 08:58:00,0,6,2,2025-10-08,BUS_012,18,50,False
R005_T005,R005,'S009',2025-10-08 09:07:00,2025-10-08 09:09:00,0,1,8,2025-10-08,BUS_012,18,50,False
R005_T005,R005,'S002',2025-10-08 09:08:00,2025-10-08 09:10:00,1,0,2,2025-10-08,BUS_012,18,50,False
R005_T005,R005,'S033',2025-10-08 09:15:00,2025-10-08 09:16:00,0,0,2,2025-10-08,BUS_012,18,50,False
R005_T005,R005,'S013',2025-10-08 09:26:00,2025-10-08 09:28:00,0,1,7,2025-10-08,BUS_012,18,50,False
R005_T005,R005,'S012',2025-10-08 09:34:00,2025-10-08 09:36:00,0,0,8,2025-10-08,BUS_012,18,50,False
R005_T005,R005,'S043',2025-10-08 09:36:00,2025-10-08 09:39:00,0,0,4,2025-10-08,BUS_012,18,50,False
R005_T005,R005,'S056',2025-10-08 09:41:00,2025-10-08 09:45:00,0,3,2,2025-10-08,BUS_012,18,50,False
R005_T005,R005,'S021',2025-10-08 09:50:00,2025-10-08 09:55:00,0,0,3,2025-10-08,BUS_012,18,50,False
R005_T005,R005,'S060'],2025-10-08 10:00:00,2025-10-08 10:01:00,0,0,5,2025-10-08,BUS_012,18,50,False
R005_T006,R005,['S020',2025-10-08 09:32:00,2025-10-08 09:36:00,8,0,2,2025-10-08,BUS_008,18,50,False
R005_T006,R005,'S059',2025-10-08 09:42:00,2025-10-08 09:46:00,7,0,4,2025-10-08,BUS_008,18,50,False
R005_T006,R005,'S045',2025-10-08 09:50:00,2025-10-08 09:54:00,3,2,4,2025-10-08,BUS_008,18,50,False
R005_T006,R005,'S005',2025-10-08 09:57:00,2025-10-08 10:00:00,0,3,4,2025-10-08,BUS_008,18,50,False
R005_T006,R005,'S028',2025-10-08 10:01:00,2025-10-08 10:03:00,0,0,0,2025-10-08,BUS_008,18,50,False
R005_T006,R005,'S035',2025-10-08 10:08:00,2025-10-08 10:12:00,0,3,1,2025-10-08,BUS_008,18,50,False
R005_T006,R005,'S009',2025-10-08 10:16:00,2025-10-08 10:17:00,0,4,2,2025-10-08,BUS_008,18,50,False
R005_T006,R005,'S002',2025-10-08 10:24:00,2025-10-08 10:26:00,0,0,4,2025-10-08,BUS_008,18,50,False
R005_T006,R005,'S033',2025-10-08 10:33:00,2025-10-08 10:36:00,0,2,6,2025-10-08,BUS_008,18,50,False
R005_T006,R005,'S013',2025-10-08 10:36:00,2025-10-08 10:39:00,0,0,3,2025-10-08,BUS_008,18,50,False
R005_T006,R005,'S012',2025-10-08 10:41:00,2025-10-08 10:45:00,0,0,0,2025-10-08,BUS_008,18,50,False
R005_T006,R005,'S043',2025-10-08 10:58:00,2025-10-08 11:02:00,0,0,10,2025-10-08,BUS_008,18,50,False
R005_T006,R005,'S056',2025-10-08 11:00:00,2025-10-08 11:02:00,0,0,4,2025-10-08,BUS_008,18,50,False
R005_T006,R005,'S021',2025-10-08 11:03:00,2025-10-08 11:07:00,0,1,0,2025-10-08,BUS_008,18,50,False
R005_T006,R005,'S060'],2025-10-08 11:09:00,2025-10-08 11:12:00,0,0,-1,2025-10-08,BUS_008,18,50,False
R005_T007,R005,['S020',2025-10-08 11:30:00,2025-10-08 11:34:00,7,0,0,2025-10-08,BUS_008,18,50,False
R005_T007,R005,'S059',2025-10-08 11:43:00,2025-10-08 11:46:00,11,1,5,2025-10-08,BUS_008,18,50,False
R005_T007,R005,'S045',2025-10-08 11:47:00,2025-10-08 11:50:00,0,2,3,2025-10-08,BUS_008,18,50,False
R005_T007,R005,'S005',2025-10-08 11:55:00,2025-10-08 11:59:00,0,2,3,2025-10-08,BUS_008,18,50,False
R005_T007,R005,'S028',2025-10-08 12:06:00,2025-10-08 12:08:00,0,2,7,2025-10-08,BUS_008,18,50,False
R005_T007,R005,'S035',2025-10-08 12:06:00,2025-10-08 12:10:00,0,2,0,2025-10-08,BUS_008,18,50,False
R005_T007,R005,'S009',2025-10-08 12:15:00,2025-10-08 12:18:00,0,2,2,2025-10-08,BUS_008,18,50,False
R005_T007,R005,'S002',2025-10-08 12:21:00,2025-10-08 12:25:00,0,1,0,2025-10-08,BUS_008,18,50,False
R005_T007,R005,'S033',2025-10-08 12:29:00,2025-10-08 12:33:00,0,0,0,2025-10-08,BUS_008,18,50,False
R005_T007,R005,'S013',2025-10-08 12:37:00,2025-10-08 12:40:00,0,0,0,2025-10-08,BUS_008,18,50,False
R005_T007,R005,'S012',2025-10-08 12:49:00,2025-10-08 12:51:00,0,1,4,2025-10-08,BUS_008,18,50,False
R005_T007,R005,'S043',2025-10-08 12:55:00,2025-10-08 13:00:00,0,0,4,2025-10-08,BUS_008,18,50,False
R005_T007,R005,'S056',2025-10-08 12:59:00,2025-10-08 13:04:00,0,1,0,2025-10-08,BUS_008,18,50,False
R005_T007,R005,'S021',2025-10-08 13:10:00,2025-10-08 13:12:00,0,0,3,2025-10-08,BUS_008,18,50,False
R005_T007,R005,'S060'],2025-10-08 13:14:00,2025-10-08 13:16:00,0,0,0,2025-10-08,BUS_008,18,50,False
R005_T008,R005,['S020',2025-10-08 13:27:00,2025-10-08 13:32:00,5,0,-3,2025-10-08,BUS_003,18,50,False
R005_T008,R005,'S059',2025-10-08 13:39:00,2025-10-08 13:44:00,6,0,2,2025-10-08,BUS_003,18,50,False
R005_T008,R005,'S045',2025-10-08 13:48:00,2025-10-08 13:53:00,7,0,3,2025-10-08,BUS_003,18,50,False
R005_T008,R005,'S005',2025-10-08 13:53:00,2025-10-08 13:56:00,0,3,0,2025-10-08,BUS_003,18,50,False
R005_T008,R005,'S028',2025-10-08 14:07:00,2025-10-08 14:11:00,0,2,8,2025-10-08,BUS_003,18,50,False
R005_T008,R005,'S035',2025-10-08 14:11:00,2025-10-08 14:15:00,0,1,4,2025-10-08,BUS_003,18,50,False
R005_T008,R005,'S009',2025-10-08 14:14:00,2025-10-08 14:19:00,0,2,-1,2025-10-08,BUS_003,18,50,False
R005_T008,R005,'S002',2025-10-08 14:23:00,2025-10-08 14:25:00,0,1,0,2025-10-08,BUS_003,18,50,False
R005_T008,R005,'S033',2025-10-08 14:33:00,2025-10-08 14:36:00,0,1,3,2025-10-08,BUS_003,18,50,False
R005_T008,R005,'S013',2025-10-08 14:40:00,2025-10-08 14:44:00,0,1,3,2025-10-08,BUS_003,18,50,False
R005_T008,R005,'S012',2025-10-08 14:44:00,2025-10-08 14:47:00,0,2,0,2025-10-08,BUS_003,18,50,False
R005_T008,R005,'S043',2025-10-08 14:48:00,2025-10-08 14:54:00,0,0,-3,2025-10-08,BUS_003,18,50,False
R005_T008,R005,'S056',2025-10-08 15:02:00,2025-10-08 15:05:00,0,1,3,2025-10-08,BUS_003,18,50,False
R005_T008,R005,'S021',2025-10-08 15:09:00,2025-10-08 15:14:00,0,0,3,2025-10-08,BUS_003,18,50,False
R005_T008,R005,'S060'],2025-10-08 15:17:00,2025-10-08 15:22:00,0,1,3,2025-10-08,BUS_003,18,50,False
R005_T009,R005,['S020',2025-10-08 15:31:00,2025-10-08 15:33:00,6,0,1,2025-10-08,BUS_011,18,50,False
R005_T009,R005,'S059',2025-10-08 15:39:00,2025-10-08 15:42:00,5,0,3,2025-10-08,BUS_011,18,50,False
R005_T009,R005,'S045',2025-10-08 15:45:00,2025-10-08 15:48:00,5,3,1,2025-10-08,BUS_011,18,50,False
R005_T009,R005,'S005',2025-10-08 15:53:00,2025-10-08 15:55:00,1,3,2,2025-10-08,BUS_011,18,50,False
R005_T009,R005,'S028',2025-10-08 16:00:00,2025-10-08 16:02:00,1,2,3,2025-10-08,BUS_011,18,50,False
R005_T009,R005,'S035',2025-10-08 16:03:00,2025-10-08 16:07:00,0,2,0,2025-10-08,BUS_011,18,50,False
R005_T009,R005,'S009',2025-10-08 16:12:00,2025-10-08 16:14:00,0,0,1,2025-10-08,BUS_011,18,50,False
R005_T009,R005,'S002',2025-10-08 16:20:00,2025-10-08 16:23:00,0,0,2,2025-10-08,BUS_011,18,50,False
R005_T009,R005,'S033',2025-10-08 16:28:00,2025-10-08 16:32:00,0,2,2,2025-10-08,BUS_011,18,50,False
R005_T009,R005,'S013',2025-10-08 16:33:00,2025-10-08 16:34:00,0,2,0,2025-10-08,BUS_011,18,50,False
R005_T009,R005,'S012',2025-10-08 16:47:00,2025-10-08 16:52:00,0,1,8,2025-10-08,BUS_011,18,50,False
R005_T009,R005,'S043',2025-10-08 16:50:00,2025-10-08 16:51:00,0,1,3,2025-10-08,BUS_011,18,50,False
R005_T009,R005,'S056',2025-10-08 16:49:00,2025-10-08 16:56:00,0,0,-4,2025-10-08,BUS_011,18,50,False
R005_T009,R005,'S021',2025-10-08 17:10:00,2025-10-08 17:14:00,0,0,9,2025-10-08,BUS_011,18,50,False
R005_T009,R005,'S060'],2025-10-08 17:05:00,2025-10-08 17:11:00,0,0,-3,2025-10-08,BUS_011,18,50,False
R005_T010,R005,['S020',2025-10-08 17:33:00,2025-10-08 17:37:00,7,0,3,2025-10-08,BUS_009,18,50,False
R005_T010,R005,'S059',2025-10-08 17:47:00,2025-10-08 17:50:00,8,2,9,2025-10-08,BUS_009,18,50,False
R005_T010,R005,'S045',2025-10-08 17:49:00,2025-10-08 17:54:00,3,1,5,2025-10-08,BUS_009,18,50,False
R005_T010,R005,'S005',2025-10-08 17:55:00,2025-10-08 17:58:00,0,4,3,2025-10-08,BUS_009,18,50,False
R005_T010,R005,'S028',2025-10-08 18:03:00,2025-10-08 18:05:00,0,1,5,2025-10-08,BUS_009,18,50,False
R005_T010,R005,'S035',2025-10-08 18:12:00,2025-10-08 18:15:00,0,3,7,2025-10-08,BUS_009,18,50,False
R005_T010,R005,'S009',2025-10-08 18:15:00,2025-10-08 18:18:00,0,1,4,2025-10-08,BUS_009,18,50,False
R005_T010,R005,'S002',2025-10-08 18:23:00,2025-10-08 18:24:00,0,2,4,2025-10-08,BUS_009,18,50,False
R005_T010,R005,'S033',2025-10-08 18:33:00,2025-10-08 18:34:00,0,0,8,2025-10-08,BUS_009,18,50,False
R005_T010,R005,'S013',2025-10-08 18:38:00,2025-10-08 18:40:00,0,0,7,2025-10-08,BUS_009,18,50,False
R005_T010,R005,'S012',2025-10-08 18:35:00,2025-10-08 18:39:00,0,0,-3,2025-10-08,BUS_009,18,50,False
R005_T010,R005,'S043',2025-10-08 18:48:00,2025-10-08 18:50:00,0,0,4,2025-10-08,BUS_009,18,50,False
R005_T010,R005,'S056',2025-10-08 18:53:00,2025-10-08 18:57:00,0,0,2,2025-10-08,BUS_009,18,50,False
R005_T010,R005,'S021',2025-10-08 19:04:00,2025-10-08 19:08:00,0,0,6,2025-10-08,BUS_009,18,50,False
R005_T010,R005,'S060'],2025-10-08 19:09:00,2025-10-08 19:13:00,0,0,3,2025-10-08,BUS_009,18,50,False
R005_T011,R005,['S020',2025-10-08 18:58:00,2025-10-08 19:02:00,8,0,-2,2025-10-08,BUS_005,18,50,False
R005_T011,R005,'S059',2025-10-08 19:10:00,2025-10-08 19:12:00,8,1,3,2025-10-08,BUS_005,18,50,False
R005_T011,R005,'S045',2025-10-08 19:10:00,2025-10-08 19:14:00,2,4,-3,2025-10-08,BUS_005,18,50,False
R005_T011,R005,'S005',2025-10-08 19:22:00,2025-10-08 19:27:00,0,4,3,2025-10-08,BUS_005,18,50,False
R005_T011,R005,'S028',2025-10-08 19:39:00,2025-10-08 19:44:00,0,0,12,2025-10-08,BUS_005,18,50,False
R005_T011,R005,'S035',2025-10-08 19:40:00,2025-10-08 19:44:00,0,0,5,2025-10-08,BUS_005,18,50,False
R005_T011,R005,'S009',2025-10-08 19:43:00,2025-10-08 19:47:00,0,0,1,2025-10-08,BUS_005,18,50,False
R005_T011,R005,'S002',2025-10-08 19:55:00,2025-10-08 19:58:00,0,3,6,2025-10-08,BUS_005,18,50,False
R005_T011,R005,'S033',2025-10-08 19:58:00,2025-10-08 20:02:00,0,3,1,2025-10-08,BUS_005,18,50,False
R005_T011,R005,'S013',2025-10-08 20:12:00,2025-10-08 20:17:00,0,0,8,2025-10-08,BUS_005,18,50,False
R005_T011,R005,'S012',2025-10-08 20:11:00,2025-10-08 20:14:00,0,0,-1,2025-10-08,BUS_005,18,50,False
R005_T011,R005,'S043',2025-10-08 20:21:00,2025-10-08 20:24:00,0,0,2,2025-10-08,BUS_005,18,50,False
R005_T011,R005,'S056',2025-10-08 20:28:00,2025-10-08 20:32:00,0,0,2,2025-10-08,BUS_005,18,50,False
R005_T011,R005,'S021',2025-10-08 20:39:00,2025-10-08 20:42:00,0,1,5,2025-10-08,BUS_005,18,50,False
R005_T011,R005,'S060'],2025-10-08 20:47:00,2025-10-08 20:51:00,0,0,6,2025-10-08,BUS_005,18,50,False
R005_T012,R005,['S020',2025-10-08 21:04:00,2025-10-08 21:07:00,11,0,4,2025-10-08,BUS_006,18,50,False
R005_T012,R005,'S059',2025-10-08 21:10:00,2025-10-08 21:12:00,7,2,2,2025-10-08,BUS_006,18,50,False
R005_T012,R005,'S045',2025-10-08 21:19:00,2025-10-08 21:22:00,0,4,5,2025-10-08,BUS_006,18,50,False
R005_T012,R005,'S005',2025-10-08 21:26:00,2025-10-08 21:28:00,0,0,4,2025-10-08,BUS_006,18,50,False
R005_T012,R005,'S028',2025-10-08 21:28:00,2025-10-08 21:32:00,0,3,0,2025-10-08,BUS_006,18,50,False
R005_T012,R005,'S035',2025-10-08 21:38:00,2025-10-08 21:42:00,0,1,3,2025-10-08,BUS_006,18,50,False
R005_T012,R005,'S009',2025-10-08 21:46:00,2025-10-08 21:49:00,0,2,3,2025-10-08,BUS_006,18,50,False
R005_T012,R005,'S002',2025-10-08 21:53:00,2025-10-08 21:56:00,0,2,4,2025-10-08,BUS_006,18,50,False
R005_T012,R005,'S033',2025-10-08 21:56:00,2025-10-08 21:57:00,0,1,1,2025-10-08,BUS_006,18,50,False
R005_T012,R005,'S013',2025-10-08 22:03:00,2025-10-08 22:06:00,0,1,2,2025-10-08,BUS_006,18,50,False
R005_T012,R005,'S012',2025-10-08 22:08:00,2025-10-08 22:13:00,0,1,0,2025-10-08,BUS_006,18,50,False
R005_T012,R005,'S043',2025-10-08 22:19:00,2025-10-08 22:20:00,0,0,3,2025-10-08,BUS_006,18,50,False
R005_T012,R005,'S056',2025-10-08 22:20:00,2025-10-08 22:24:00,0,0,-2,2025-10-08,BUS_006,18,50,False
R005_T012,R005,'S021',2025-10-08 22:29:00,2025-10-08 22:31:00,0,0,0,2025-10-08,BUS_006,18,50,False
R005_T012,R005,'S060'],2025-10-08 22:33:00,2025-10-08 22:36:00,0,0,-2,2025-10-08,BUS_006,18,50,False
R006_T001,R006,['S024',2025-10-08 05:34:00,2025-10-08 05:37:00,6,0,4,2025-10-08,BUS_006,25,50,False
R006_T001,R006,'S045',2025-10-08 05:39:00,2025-10-08 05:42:00,6,0,1,2025-10-08,BUS_006,25,50,False
R006_T001,R006,'S003',2025-10-08 05:46:00,2025-10-08 05:49:00,9,2,0,2025-10-08,BUS_006,25,50,False
R006_T001,R006,'S014',2025-10-08 05:59:00,2025-10-08 06:02:00,1,4,5,2025-10-08,BUS_006,25,50,False
R006_T001,R006,'S039',2025-10-08 06:02:00,2025-10-08 06:04:00,3,0,2,2025-10-08,BUS_006,25,50,False
R006_T001,R006,'S035',2025-10-08 06:12:00,2025-10-08 06:17:00,0,4,5,2025-10-08,BUS_006,25,50,False
R006_T001,R006,'S033',2025-10-08 06:15:00,2025-10-08 06:19:00,0,2,0,2025-10-08,BUS_006,25,50,False
R006_T001,R006,'S052',2025-10-08 06:25:00,2025-10-08 06:27:00,0,4,3,2025-10-08,BUS_006,25,50,False
R006_T001,R006,'S037',2025-10-08 06:28:00,2025-10-08 06:31:00,0,1,0,2025-10-08,BUS_006,25,50,False
R006_T001,R006,'S009',2025-10-08 06:39:00,2025-10-08 06:43:00,0,4,5,2025-10-08,BUS_006,25,50,False
R006_T001,R006,'S011',2025-10-08 06:42:00,2025-10-08 06:44:00,0,1,0,2025-10-08,BUS_006,25,50,False
R006_T001,R006,'S043',2025-10-08 06:47:00,2025-10-08 06:51:00,0,2,-1,2025-10-08,BUS_006,25,50,False
R006_T001,R006,'S018',2025-10-08 07:02:00,2025-10-08 07:06:00,0,0,6,2025-10-08,BUS_006,25,50,False
R006_T001,R006,'S016',2025-10-08 07:05:00,2025-10-08 07:08:00,0,0,2,2025-10-08,BUS_006,25,50,False
R006_T001,R006,'S046',2025-10-08 07:11:00,2025-10-08 07:15:00,0,0,1,2025-10-08,BUS_006,25,50,False
R006_T001,R006,'S005',2025-10-08 07:23:00,2025-10-08 07:27:00,0,0,5,2025-10-08,BUS_006,25,50,False
R006_T001,R006,'S058',2025-10-08 07:31:00,2025-10-08 07:33:00,0,0,5,2025-10-08,BUS_006,25,50,False
R006_T001,R006,'S015'],2025-10-08 07:33:00,2025-10-08 07:36:00,0,0,1,2025-10-08,BUS_006,25,50,False
R006_T002,R006,['S024',2025-10-08 06:13:00,2025-10-08 06:16:00,11,0,-2,2025-10-08,BUS_016,25,50,False
R006_T002,R006,'S045',2025-10-08 06:26:00,2025-10-08 06:29:00,14,3,5,2025-10-08,BUS_016,25,50,False
R006_T002,R006,'S003',2025-10-08 06:30:00,2025-10-08 06:33:00,0,1,2,2025-10-08,BUS_016,25,50,False
R006_T002,R006,'S014',2025-10-08 06:39:00,2025-10-08 06:43:00,0,4,3,2025-10-08,BUS_016,25,50,False
R006_T002,R006,'S039',2025-10-08 06:43:00,2025-10-08 06:45:00,0,5,-1,2025-10-08,BUS_016,25,50,False
R006_T002,R006,'S035',2025-10-08 06:47:00,2025-10-08 06:53:00,0,2,-3,2025-10-08,BUS_016,25,50,False
R006_T002,R006,'S033',2025-10-08 07:01:00,2025-10-08 07:02:00,0,1,3,2025-10-08,BUS_016,25,50,False
R006_T002,R006,'S052',2025-10-08 07:06:00,2025-10-08 07:08:00,0,2,2,2025-10-08,BUS_016,25,50,False
R006_T002,R006,'S037',2025-10-08 07:15:00,2025-10-08 07:17:00,0,2,4,2025-10-08,BUS_016,25,50,False
R006_T002,R006,'S009',2025-10-08 07:19:00,2025-10-08 07:22:00,0,0,1,2025-10-08,BUS_016,25,50,False
R006_T002,R006,'S011',2025-10-08 07:28:00,2025-10-08 07:32:00,0,0,3,2025-10-08,BUS_016,25,50,False
R006_T002,R006,'S043',2025-10-08 07:36:00,2025-10-08 07:39:00,0,0,4,2025-10-08,BUS_016,25,50,False
R006_T002,R006,'S018',2025-10-08 07:40:00,2025-10-08 07:41:00,0,1,2,2025-10-08,BUS_016,25,50,False
R006_T002,R006,'S016',2025-10-08 07:49:00,2025-10-08 07:53:00,0,1,5,2025-10-08,BUS_016,25,50,False
R006_T002,R006,'S046',2025-10-08 07:57:00,2025-10-08 07:58:00,0,2,6,2025-10-08,BUS_016,25,50,False
R006_T002,R006,'S005',2025-10-08 08:03:00,2025-10-08 08:06:00,0,0,6,2025-10-08,BUS_016,25,50,False
R006_T002,R006,'S058',2025-10-08 08:10:00,2025-10-08 08:14:00,0,0,5,2025-10-08,BUS_016,25,50,False
R006_T002,R006,'S015'],2025-10-08 08:12:00,2025-10-08 08:14:00,0,1,0,2025-10-08,BUS_016,25,50,False
R006_T003,R006,['S024',2025-10-08 07:04:00,2025-10-08 07:06:00,8,0,4,2025-10-08,BUS_025,25,50,False
R006_T003,R006,'S045',2025-10-08 07:09:00,2025-10-08 07:13:00,8,1,3,2025-10-08,BUS_025,25,50,False
R006_T003,R006,'S003',2025-10-08 07:19:00,2025-10-08 07:22:00,9,5,6,2025-10-08,BUS_025,25,50,False
R006_T003,R006,'S014',2025-10-08 07:21:00,2025-10-08 07:25:00,0,3,2,2025-10-08,BUS_025,25,50,False
R006_T003,R006,'S039',2025-10-08 07:25:00,2025-10-08 07:29:00,0,4,-1,2025-10-08,BUS_025,25,50,False
R006_T003,R006,'S035',2025-10-08 07:36:00,2025-10-08 07:38:00,0,1,2,2025-10-08,BUS_025,25,50,False
R006_T003,R006,'S033',2025-10-08 07:43:00,2025-10-08 07:46:00,0,4,3,2025-10-08,BUS_025,25,50,False
R006_T003,R006,'S052',2025-10-08 07:58:00,2025-10-08 08:01:00,0,2,10,2025-10-08,BUS_025,25,50,False
R006_T003,R006,'S037',2025-10-08 07:59:00,2025-10-08 08:02:00,0,1,4,2025-10-08,BUS_025,25,50,False
R006_T003,R006,'S009',2025-10-08 08:05:00,2025-10-08 08:07:00,0,0,4,2025-10-08,BUS_025,25,50,False
R006_T003,R006,'S011',2025-10-08 08:14:00,2025-10-08 08:17:00,0,0,7,2025-10-08,BUS_025,25,50,False
R006_T003,R006,'S043',2025-10-08 08:17:00,2025-10-08 08:22:00,0,1,3,2025-10-08,BUS_025,25,50,False
R006_T003,R006,'S018',2025-10-08 08:23:00,2025-10-08 08:26:00,0,1,1,2025-10-08,BUS_025,25,50,False
R006_T003,R006,'S016',2025-10-08 08:35:00,2025-10-08 08:37:00,0,1,7,2025-10-08,BUS_025,25,50,False
R006_T003,R006,'S046',2025-10-08 08:41:00,2025-10-08 08:44:00,0,0,7,2025-10-08,BUS_025,25,50,False
R006_T003,R006,'S005',2025-10-08 08:41:00,2025-10-08 08:42:00,0,1,1,2025-10-08,BUS_025,25,50,False
R006_T003,R006,'S058',2025-10-08 08:47:00,2025-10-08 08:51:00,0,0,1,2025-10-08,BUS_025,25,50,False
R006_T003,R006,'S015'],2025-10-08 08:58:00,2025-10-08 09:00:00,0,0,5,2025-10-08,BUS_025,25,50,False
R006_T004,R006,['S024',2025-10-08 08:15:00,2025-10-08 08:19:00,7,0,0,2025-10-08,BUS_013,25,50,False
R006_T004,R006,'S045',2025-10-08 08:27:00,2025-10-08 08:30:00,5,1,4,2025-10-08,BUS_013,25,50,False
R006_T004,R006,'S003',2025-10-08 08:30:00,2025-10-08 08:31:00,13,1,1,2025-10-08,BUS_013,25,50,False
R006_T004,R006,'S014',2025-10-08 08:39:00,2025-10-08 08:42:00,0,6,4,2025-10-08,BUS_013,25,50,False
R006_T004,R006,'S039',2025-10-08 08:43:00,2025-10-08 08:47:00,0,1,0,2025-10-08,BUS_013,25,50,False
R006_T004,R006,'S035',2025-10-08 09:02:00,2025-10-08 09:05:00,0,3,11,2025-10-08,BUS_013,25,50,False
R006_T004,R006,'S033',2025-10-08 09:03:00,2025-10-08 09:05:00,0,1,6,2025-10-08,BUS_013,25,50,False
R006_T004,R006,'S052',2025-10-08 09:08:00,2025-10-08 09:11:00,0,2,5,2025-10-08,BUS_013,25,50,False
R006_T004,R006,'S037',2025-10-08 09:18:00,2025-10-08 09:20:00,0,2,8,2025-10-08,BUS_013,25,50,False
R006_T004,R006,'S009',2025-10-08 09:17:00,2025-10-08 09:20:00,0,1,1,2025-10-08,BUS_013,25,50,False
R006_T004,R006,'S011',2025-10-08 09:30:00,2025-10-08 09:33:00,0,3,6,2025-10-08,BUS_013,25,50,False
R006_T004,R006,'S043',2025-10-08 09:31:00,2025-10-08 09:33:00,0,0,0,2025-10-08,BUS_013,25,50,False
R006_T004,R006,'S018',2025-10-08 09:45:00,2025-10-08 09:48:00,0,0,7,2025-10-08,BUS_013,25,50,False
R006_T004,R006,'S016',2025-10-08 09:49:00,2025-10-08 09:53:00,0,0,5,2025-10-08,BUS_013,25,50,False
R006_T004,R006,'S046',2025-10-08 09:54:00,2025-10-08 09:58:00,0,1,3,2025-10-08,BUS_013,25,50,False
R006_T004,R006,'S005',2025-10-08 10:03:00,2025-10-08 10:06:00,0,0,5,2025-10-08,BUS_013,25,50,False
R006_T004,R006,'S058',2025-10-08 10:04:00,2025-10-08 10:05:00,0,0,0,2025-10-08,BUS_013,25,50,False
R006_T004,R006,'S015'],2025-10-08 10:11:00,2025-10-08 10:14:00,0,2,1,2025-10-08,BUS_013,25,50,False
R006_T005,R006,['S024',2025-10-08 10:40:00,2025-10-08 10:43:00,9,0,10,2025-10-08,BUS_002,25,50,False
R006_T005,R006,'S045',2025-10-08 10:44:00,2025-10-08 10:46:00,7,0,6,2025-10-08,BUS_002,25,50,False
R006_T005,R006,'S003',2025-10-08 10:48:00,2025-10-08 10:49:00,6,2,3,2025-10-08,BUS_002,25,50,False
R006_T005,R006,'S014',2025-10-08 10:54:00,2025-10-08 10:55:00,2,5,3,2025-10-08,BUS_002,25,50,False
R006_T005,R006,'S039',2025-10-08 10:57:00,2025-10-08 11:00:00,1,4,0,2025-10-08,BUS_002,25,50,False
R006_T005,R006,'S035',2025-10-08 11:08:00,2025-10-08 11:12:00,0,1,3,2025-10-08,BUS_002,25,50,False
R006_T005,R006,'S033',2025-10-08 11:15:00,2025-10-08 11:17:00,0,1,2,2025-10-08,BUS_002,25,50,False
R006_T005,R006,'S052',2025-10-08 11:21:00,2025-10-08 11:22:00,0,2,1,2025-10-08,BUS_002,25,50,False
R006_T005,R006,'S037',2025-10-08 11:26:00,2025-10-08 11:27:00,0,2,0,2025-10-08,BUS_002,25,50,False
R006_T005,R006,'S009',2025-10-08 11:35:00,2025-10-08 11:38:00,0,1,3,2025-10-08,BUS_002,25,50,False
R006_T005,R006,'S011',2025-10-08 11:45:00,2025-10-08 11:47:00,0,0,5,2025-10-08,BUS_002,25,50,False
R006_T005,R006,'S043',2025-10-08 11:48:00,2025-10-08 11:51:00,0,1,1,2025-10-08,BUS_002,25,50,False
R006_T005,R006,'S018',2025-10-08 11:54:00,2025-10-08 11:57:00,0,2,0,2025-10-08,BUS_002,25,50,False
R006_T005,R006,'S016',2025-10-08 12:07:00,2025-10-08 12:09:00,0,1,6,2025-10-08,BUS_002,25,50,False
R006_T005,R006,'S046',2025-10-08 12:06:00,2025-10-08 12:10:00,0,0,-1,2025-10-08,BUS_002,25,50,False
R006_T005,R006,'S005',2025-10-08 12:15:00,2025-10-08 12:18:00,0,0,0,2025-10-08,BUS_002,25,50,False
R006_T005,R006,'S058',2025-10-08 12:22:00,2025-10-08 12:26:00,0,0,0,2025-10-08,BUS_002,25,50,False
R006_T005,R006,'S015'],2025-10-08 12:30:00,2025-10-08 12:33:00,0,0,0,2025-10-08,BUS_002,25,50,False
R006_T006,R006,['S024',2025-10-08 12:03:00,2025-10-08 12:06:00,7,0,3,2025-10-08,BUS_010,25,50,False
R006_T006,R006,'S045',2025-10-08 12:09:00,2025-10-08 12:14:00,10,1,1,2025-10-08,BUS_010,25,50,False
R006_T006,R006,'S003',2025-10-08 12:16:00,2025-10-08 12:20:00,6,3,0,2025-10-08,BUS_010,25,50,False
R006_T006,R006,'S014',2025-10-08 12:23:00,2025-10-08 12:26:00,1,3,-1,2025-10-08,BUS_010,25,50,False
R006_T006,R006,'S039',2025-10-08 12:36:00,2025-10-08 12:38:00,0,3,5,2025-10-08,BUS_010,25,50,False
R006_T006,R006,'S035',2025-10-08 12:36:00,2025-10-08 12:38:00,1,6,-1,2025-10-08,BUS_010,25,50,False
R006_T006,R006,'S033',2025-10-08 12:47:00,2025-10-08 12:49:00,0,0,4,2025-10-08,BUS_010,25,50,False
R006_T006,R006,'S052',2025-10-08 12:52:00,2025-10-08 12:53:00,0,2,2,2025-10-08,BUS_010,25,50,False
R006_T006,R006,'S037',2025-10-08 12:56:00,2025-10-08 12:57:00,0,1,0,2025-10-08,BUS_010,25,50,False
R006_T006,R006,'S009',2025-10-08 13:04:00,2025-10-08 13:08:00,0,2,2,2025-10-08,BUS_010,25,50,False
R006_T006,R006,'S011',2025-10-08 13:05:00,2025-10-08 13:12:00,0,0,-4,2025-10-08,BUS_010,25,50,False
R006_T006,R006,'S043',2025-10-08 13:23:00,2025-10-08 13:27:00,0,0,6,2025-10-08,BUS_010,25,50,False
R006_T006,R006,'S018',2025-10-08 13:23:00,2025-10-08 13:26:00,0,0,-2,2025-10-08,BUS_010,25,50,False
R006_T006,R006,'S016',2025-10-08 13:38:00,2025-10-08 13:40:00,0,2,7,2025-10-08,BUS_010,25,50,False
R006_T006,R006,'S046',2025-10-08 13:42:00,2025-10-08 13:47:00,0,0,4,2025-10-08,BUS_010,25,50,False
R006_T006,R006,'S005',2025-10-08 13:46:00,2025-10-08 13:49:00,0,1,0,2025-10-08,BUS_010,25,50,False
R006_T006,R006,'S058',2025-10-08 13:57:00,2025-10-08 14:02:00,0,0,3,2025-10-08,BUS_010,25,50,False
R006_T006,R006,'S015'],2025-10-08 14:04:00,2025-10-08 14:05:00,0,0,2,2025-10-08,BUS_010,25,50,False
R006_T007,R006,['S024',2025-10-08 14:32:00,2025-10-08 14:34:00,8,0,2,2025-10-08,BUS_008,25,50,False
R006_T007,R006,'S045',2025-10-08 14:37:00,2025-10-08 14:40:00,9,0,0,2025-10-08,BUS_008,25,50,False
R006_T007,R006,'S003',2025-10-08 14:44:00,2025-10-08 14:47:00,8,2,1,2025-10-08,BUS_008,25,50,False
R006_T007,R006,'S014',2025-10-08 14:49:00,2025-10-08 14:52:00,0,1,-1,2025-10-08,BUS_008,25,50,False
R006_T007,R006,'S039',2025-10-08 14:54:00,2025-10-08 14:59:00,0,3,-2,2025-10-08,BUS_008,25,50,False
R006_T007,R006,'S035',2025-10-08 15:06:00,2025-10-08 15:09:00,0,0,2,2025-10-08,BUS_008,25,50,False
R006_T007,R006,'S033',2025-10-08 15:15:00,2025-10-08 15:18:00,0,5,5,2025-10-08,BUS_008,25,50,False
R006_T007,R006,'S052',2025-10-08 15:21:00,2025-10-08 15:23:00,0,5,3,2025-10-08,BUS_008,25,50,False
R006_T007,R006,'S037',2025-10-08 15:25:00,2025-10-08 15:29:00,0,2,0,2025-10-08,BUS_008,25,50,False
R006_T007,R006,'S009',2025-10-08 15:33:00,2025-10-08 15:37:00,0,2,0,2025-10-08,BUS_008,25,50,False
R006_T007,R006,'S011',2025-10-08 15:38:00,2025-10-08 15:41:00,0,0,-2,2025-10-08,BUS_008,25,50,False
R006_T007,R006,'S043',2025-10-08 15:48:00,2025-10-08 15:52:00,0,0,2,2025-10-08,BUS_008,25,50,False
R006_T007,R006,'S018',2025-10-08 15:59:00,2025-10-08 16:02:00,0,1,6,2025-10-08,BUS_008,25,50,False
R006_T007,R006,'S016',2025-10-08 16:06:00,2025-10-08 16:09:00,0,1,5,2025-10-08,BUS_008,25,50,False
R006_T007,R006,'S046',2025-10-08 16:09:00,2025-10-08 16:14:00,0,1,0,2025-10-08,BUS_008,25,50,False
R006_T007,R006,'S005',2025-10-08 16:21:00,2025-10-08 16:23:00,0,1,4,2025-10-08,BUS_008,25,50,False
R006_T007,R006,'S058',2025-10-08 16:20:00,2025-10-08 16:27:00,0,0,-4,2025-10-08,BUS_008,25,50,False
R006_T007,R006,'S015'],2025-10-08 16:33:00,2025-10-08 16:35:00,0,0,1,2025-10-08,BUS_008,25,50,False
R006_T008,R006,['S024',2025-10-08 16:30:00,2025-10-08 16:33:00,13,0,0,2025-10-08,BUS_003,25,50,False
R006_T008,R006,'S045',2025-10-08 16:38:00,2025-10-08 16:41:00,9,1,2,2025-10-08,BUS_003,25,50,False
R006_T008,R006,'S003',2025-10-08 16:43:00,2025-10-08 16:46:00,3,3,0,2025-10-08,BUS_003,25,50,False
R006_T008,R006,'S014',2025-10-08 16:53:00,2025-10-08 16:56:00,0,3,4,2025-10-08,BUS_003,25,50,False
R006_T008,R006,'S039',2025-10-08 16:58:00,2025-10-08 17:01:00,0,3,1,2025-10-08,BUS_003,25,50,False
R006_T008,R006,'S035',2025-10-08 17:09:00,2025-10-08 17:14:00,0,1,6,2025-10-08,BUS_003,25,50,False
R006_T008,R006,'S033',2025-10-08 17:17:00,2025-10-08 17:20:00,0,2,6,2025-10-08,BUS_003,25,50,False
R006_T008,R006,'S052',2025-10-08 17:19:00,2025-10-08 17:21:00,0,1,2,2025-10-08,BUS_003,25,50,False
R006_T008,R006,'S037',2025-10-08 17:24:00,2025-10-08 17:28:00,0,1,0,2025-10-08,BUS_003,25,50,False
R006_T008,R006,'S009',2025-10-08 17:35:00,2025-10-08 17:38:00,0,1,4,2025-10-08,BUS_003,25,50,False
R006_T008,R006,'S011',2025-10-08 17:44:00,2025-10-08 17:48:00,0,0,5,2025-10-08,BUS_003,25,50,False
R006_T008,R006,'S043',2025-10-08 17:44:00,2025-10-08 17:47:00,0,1,-2,2025-10-08,BUS_003,25,50,False
R006_T008,R006,'S018',2025-10-08 17:52:00,2025-10-08 17:55:00,0,1,0,2025-10-08,BUS_003,25,50,False
R006_T008,R006,'S016',2025-10-08 18:08:00,2025-10-08 18:11:00,0,0,10,2025-10-08,BUS_003,25,50,False
R006_T008,R006,'S046',2025-10-08 18:05:00,2025-10-08 18:06:00,0,4,0,2025-10-08,BUS_003,25,50,False
R006_T008,R006,'S005',2025-10-08 18:13:00,2025-10-08 18:16:00,0,0,2,2025-10-08,BUS_003,25,50,False
R006_T008,R006,'S058',2025-10-08 18:18:00,2025-10-08 18:23:00,0,1,0,2025-10-08,BUS_003,25,50,False
R006_T008,R006,'S015'],2025-10-08 18:27:00,2025-10-08 18:30:00,0,0,1,2025-10-08,BUS_003,25,50,False
R006_T009,R006,['S024',2025-10-08 18:05:00,2025-10-08 18:06:00,9,0,5,2025-10-08,BUS_011,25,50,False
R006_T009,R006,'S045',2025-10-08 18:08:00,2025-10-08 18:11:00,6,1,2,2025-10-08,BUS_011,25,50,False
R006_T009,R006,'S003',2025-10-08 18:13:00,2025-10-08 18:15:00,9,2,1,2025-10-08,BUS_011,25,50,False
R006_T009,R006,'S014',2025-10-08 18:20:00,2025-10-08 18:23:00,1,3,1,2025-10-08,BUS_011,25,50,False
R006_T009,R006,'S039',2025-10-08 18:31:00,2025-10-08 18:32:00,0,3,6,2025-10-08,BUS_011,25,50,False
R006_T009,R006,'S035',2025-10-08 18:38:00,2025-10-08 18:40:00,0,0,7,2025-10-08,BUS_011,25,50,False
R006_T009,R006,'S033',2025-10-08 18:38:00,2025-10-08 18:41:00,0,1,1,2025-10-08,BUS_011,25,50,False
R006_T009,R006,'S052',2025-10-08 18:45:00,2025-10-08 18:46:00,0,2,0,2025-10-08,BUS_011,25,50,False
R006_T009,R006,'S037',2025-10-08 18:51:00,2025-10-08 18:53:00,0,1,0,2025-10-08,BUS_011,25,50,False
R006_T009,R006,'S009',2025-10-08 18:59:00,2025-10-08 19:02:00,0,3,2,2025-10-08,BUS_011,25,50,False
R006_T009,R006,'S011',2025-10-08 19:04:00,2025-10-08 19:06:00,0,0,0,2025-10-08,BUS_011,25,50,False
R006_T009,R006,'S043',2025-10-08 19:11:00,2025-10-08 19:14:00,0,0,0,2025-10-08,BUS_011,25,50,False
R006_T009,R006,'S018',2025-10-08 19:29:00,2025-10-08 19:33:00,0,1,10,2025-10-08,BUS_011,25,50,False
R006_T009,R006,'S016',2025-10-08 19:32:00,2025-10-08 19:37:00,0,4,5,2025-10-08,BUS_011,25,50,False
R006_T009,R006,'S046',2025-10-08 19:41:00,2025-10-08 19:43:00,0,1,6,2025-10-08,BUS_011,25,50,False
R006_T009,R006,'S005',2025-10-08 19:46:00,2025-10-08 19:49:00,0,0,5,2025-10-08,BUS_011,25,50,False
R006_T009,R006,'S058',2025-10-08 19:50:00,2025-10-08 19:52:00,0,0,2,2025-10-08,BUS_011,25,50,False
R006_T009,R006,'S015'],2025-10-08 19:55:00,2025-10-08 19:59:00,0,0,0,2025-10-08,BUS_011,25,50,False
R006_T010,R006,['S024',2025-10-08 20:00:00,2025-10-08 20:01:00,7,0,0,2025-10-08,BUS_008,25,50,False
R006_T010,R006,'S045',2025-10-08 20:12:00,2025-10-08 20:15:00,8,2,6,2025-10-08,BUS_008,25,50,False
R006_T010,R006,'S003',2025-10-08 20:16:00,2025-10-08 20:18:00,10,1,4,2025-10-08,BUS_008,25,50,False
R006_T010,R006,'S014',2025-10-08 20:23:00,2025-10-08 20:24:00,0,4,4,2025-10-08,BUS_008,25,50,False
R006_T010,R006,'S039',2025-10-08 20:33:00,2025-10-08 20:38:00,0,1,8,2025-10-08,BUS_008,25,50,False
R006_T010,R006,'S035',2025-10-08 20:39:00,2025-10-08 20:43:00,0,2,6,2025-10-08,BUS_008,25,50,False
R006_T010,R006,'S033',2025-10-08 20:46:00,2025-10-08 20:49:00,0,3,6,2025-10-08,BUS_008,25,50,False
R006_T010,R006,'S052',2025-10-08 20:50:00,2025-10-08 20:52:00,0,3,4,2025-10-08,BUS_008,25,50,False
R006_T010,R006,'S037',2025-10-08 20:59:00,2025-10-08 21:02:00,0,1,6,2025-10-08,BUS_008,25,50,False
R006_T010,R006,'S009',2025-10-08 21:09:00,2025-10-08 21:14:00,0,2,9,2025-10-08,BUS_008,25,50,False
R006_T010,R006,'S011',2025-10-08 21:04:00,2025-10-08 21:11:00,0,1,-4,2025-10-08,BUS_008,25,50,False
R006_T010,R006,'S043',2025-10-08 21:23:00,2025-10-08 21:24:00,0,0,7,2025-10-08,BUS_008,25,50,False
R006_T010,R006,'S018',2025-10-08 21:30:00,2025-10-08 21:32:00,0,2,8,2025-10-08,BUS_008,25,50,False
R006_T010,R006,'S016',2025-10-08 21:33:00,2025-10-08 21:35:00,0,0,5,2025-10-08,BUS_008,25,50,False
R006_T010,R006,'S046',2025-10-08 21:39:00,2025-10-08 21:43:00,0,1,4,2025-10-08,BUS_008,25,50,False
R006_T010,R006,'S005',2025-10-08 21:37:00,2025-10-08 21:44:00,0,0,-5,2025-10-08,BUS_008,25,50,False
R006_T010,R006,'S058',2025-10-08 21:51:00,2025-10-08 21:53:00,0,0,2,2025-10-08,BUS_008,25,50,False
R006_T010,R006,'S015'],2025-10-08 22:04:00,2025-10-08 22:05:00,0,1,8,2025-10-08,BUS_008,25,50,False
R007_T001,R007,['S060',2025-10-08 05:31:00,2025-10-08 05:35:00,3,0,1,2025-10-08,BUS_007,12,50,False
R007_T001,R007,'S037',2025-10-08 05:38:00,2025-10-08 05:40:00,3,0,0,2025-10-08,BUS_007,12,50,False
R007_T001,R007,'S038',2025-10-08 05:45:00,2025-10-08 05:48:00,1,1,0,2025-10-08,BUS_007,12,50,False
R007_T001,R007,'S011',2025-10-08 05:54:00,2025-10-08 05:59:00,2,0,1,2025-10-08,BUS_007,12,50,False
R007_T001,R007,'S050',2025-10-08 05:59:00,2025-10-08 06:02:00,1,1,-2,2025-10-08,BUS_007,12,50,False
R007_T001,R007,'S021',2025-10-08 06:09:00,2025-10-08 06:13:00,0,2,2,2025-10-08,BUS_007,12,50,False
R007_T001,R007,'S005',2025-10-08 06:22:00,2025-10-08 06:23:00,2,2,7,2025-10-08,BUS_007,12,50,False
R007_T001,R007,'S029',2025-10-08 06:22:00,2025-10-08 06:25:00,0,2,1,2025-10-08,BUS_007,12,50,False
R007_T001,R007,'S055',2025-10-08 06:28:00,2025-10-08 06:32:00,0,2,-1,2025-10-08,BUS_007,12,50,False
R007_T001,R007,'S018',2025-10-08 06:38:00,2025-10-08 06:39:00,0,0,2,2025-10-08,BUS_007,12,50,False
R007_T001,R007,'S022',2025-10-08 06:40:00,2025-10-08 06:45:00,0,1,-2,2025-10-08,BUS_007,12,50,False
R007_T001,R007,'S035',2025-10-08 06:51:00,2025-10-08 06:56:00,0,0,1,2025-10-08,BUS_007,12,50,False
R007_T001,R007,'S013',2025-10-08 07:00:00,2025-10-08 07:02:00,0,0,2,2025-10-08,BUS_007,12,50,False
R007_T001,R007,'S057'],2025-10-08 07:14:00,2025-10-08 07:17:00,0,0,9,2025-10-08,BUS_007,12,50,False
R007_T002,R007,['S060',2025-10-08 06:02:00,2025-10-08 06:06:00,6,0,2,2025-10-08,BUS_013,12,50,False
R007_T002,R007,'S037',2025-10-08 06:07:00,2025-10-08 06:11:00,4,1,-1,2025-10-08,BUS_013,12,50,False
R007_T002,R007,'S038',2025-10-08 06:17:00,2025-10-08 06:20:00,1,1,2,2025-10-08,BUS_013,12,50,False
R007_T002,R007,'S011',2025-10-08 06:25:00,2025-10-08 06:29:00,1,1,2,2025-10-08,BUS_013,12,50,False
R007_T002,R007,'S050',2025-10-08 06:33:00,2025-10-08 06:35:00,0,2,2,2025-10-08,BUS_013,12,50,False
R007_T002,R007,'S021',2025-10-08 06:41:00,2025-10-08 06:42:00,0,2,4,2025-10-08,BUS_013,12,50,False
R007_T002,R007,'S005',2025-10-08 06:49:00,2025-10-08 06:52:00,0,2,6,2025-10-08,BUS_013,12,50,False
R007_T002,R007,'S029',2025-10-08 06:48:00,2025-10-08 06:53:00,0,0,-2,2025-10-08,BUS_013,12,50,False
R007_T002,R007,'S055',2025-10-08 07:04:00,2025-10-08 07:08:00,0,0,6,2025-10-08,BUS_013,12,50,False
R007_T002,R007,'S018',2025-10-08 07:13:00,2025-10-08 07:16:00,0,0,8,2025-10-08,BUS_013,12,50,False
R007_T002,R007,'S022',2025-10-08 07:21:00,2025-10-08 07:25:00,0,0,9,2025-10-08,BUS_013,12,50,False
R007_T002,R007,'S035',2025-10-08 07:28:00,2025-10-08 07:29:00,0,0,8,2025-10-08,BUS_013,12,50,False
R007_T002,R007,'S013',2025-10-08 07:26:00,2025-10-08 07:29:00,0,1,0,2025-10-08,BUS_013,12,50,False
R007_T002,R007,'S057'],2025-10-08 07:42:00,2025-10-08 07:47:00,0,1,10,2025-10-08,BUS_013,12,50,False
R007_T003,R007,['S060',2025-10-08 06:30:00,2025-10-08 06:32:00,5,0,0,2025-10-08,BUS_018,12,50,False
R007_T003,R007,'S037',2025-10-08 06:39:00,2025-10-08 06:42:00,2,1,3,2025-10-08,BUS_018,12,50,False
R007_T003,R007,'S038',2025-10-08 06:43:00,2025-10-08 06:47:00,0,0,0,2025-10-08,BUS_018,12,50,False
R007_T003,R007,'S011',2025-10-08 06:54:00,2025-10-08 06:58:00,0,0,3,2025-10-08,BUS_018,12,50,False
R007_T003,R007,'S050',2025-10-08 07:03:00,2025-10-08 07:06:00,1,2,4,2025-10-08,BUS_018,12,50,False
R007_T003,R007,'S021',2025-10-08 07:10:00,2025-10-08 07:12:00,0,0,5,2025-10-08,BUS_018,12,50,False
R007_T003,R007,'S005',2025-10-08 07:11:00,2025-10-08 07:15:00,0,0,-1,2025-10-08,BUS_018,12,50,False
R007_T003,R007,'S029',2025-10-08 07:27:00,2025-10-08 07:30:00,0,0,7,2025-10-08,BUS_018,12,50,False
R007_T003,R007,'S055',2025-10-08 07:34:00,2025-10-08 07:36:00,3,1,7,2025-10-08,BUS_018,12,50,False
R007_T003,R007,'S018',2025-10-08 07:32:00,2025-10-08 07:37:00,0,2,-1,2025-10-08,BUS_018,12,50,False
R007_T003,R007,'S022',2025-10-08 07:44:00,2025-10-08 07:49:00,1,0,3,2025-10-08,BUS_018,12,50,False
R007_T003,R007,'S035',2025-10-08 07:57:00,2025-10-08 08:00:00,0,0,8,2025-10-08,BUS_018,12,50,False
R007_T003,R007,'S013',2025-10-08 08:03:00,2025-10-08 08:04:00,0,0,7,2025-10-08,BUS_018,12,50,False
R007_T003,R007,'S057'],2025-10-08 08:00:00,2025-10-08 08:04:00,0,0,-2,2025-10-08,BUS_018,12,50,False
R007_T004,R007,['S060',2025-10-08 07:04:00,2025-10-08 07:07:00,5,0,4,2025-10-08,BUS_026,12,50,False
R007_T004,R007,'S037',2025-10-08 07:13:00,2025-10-08 07:17:00,5,0,6,2025-10-08,BUS_026,12,50,False
R007_T004,R007,'S038',2025-10-08 07:21:00,2025-10-08 07:24:00,1,1,7,2025-10-08,BUS_026,12,50,False
R007_T004,R007,'S011',2025-10-08 07:23:00,2025-10-08 07:25:00,0,3,2,2025-10-08,BUS_026,12,50,False
R007_T004,R007,'S050',2025-10-08 07:34:00,2025-10-08 07:36:00,1,1,7,2025-10-08,BUS_026,12,50,False
R007_T004,R007,'S021',2025-10-08 07:38:00,2025-10-08 07:41:00,0,1,5,2025-10-08,BUS_026,12,50,False
R007_T004,R007,'S005',2025-10-08 07:46:00,2025-10-08 07:48:00,0,0,6,2025-10-08,BUS_026,12,50,False
R007_T004,R007,'S029',2025-10-08 07:52:00,2025-10-08 07:54:00,0,1,5,2025-10-08,BUS_026,12,50,False
R007_T004,R007,'S055',2025-10-08 07:55:00,2025-10-08 07:59:00,0,1,2,2025-10-08,BUS_026,12,50,False
R007_T004,R007,'S018',2025-10-08 08:02:00,2025-10-08 08:04:00,0,0,2,2025-10-08,BUS_026,12,50,False
R007_T004,R007,'S022',2025-10-08 08:12:00,2025-10-08 08:16:00,0,0,5,2025-10-08,BUS_026,12,50,False
R007_T004,R007,'S035',2025-10-08 08:19:00,2025-10-08 08:22:00,0,2,4,2025-10-08,BUS_026,12,50,False
R007_T004,R007,'S013',2025-10-08 08:25:00,2025-10-08 08:29:00,0,1,3,2025-10-08,BUS_026,12,50,False
R007_T004,R007,'S057'],2025-10-08 08:37:00,2025-10-08 08:41:00,0,0,8,2025-10-08,BUS_026,12,50,False
R007_T005,R007,['S060',2025-10-08 07:33:00,2025-10-08 07:36:00,6,0,3,2025-10-08,BUS_008,12,50,False
R007_T005,R007,'S037',2025-10-08 07:45:00,2025-10-08 07:48:00,6,0,7,2025-10-08,BUS_008,12,50,False
R007_T005,R007,'S038',2025-10-08 07:53:00,2025-10-08 07:58:00,0,2,7,2025-10-08,BUS_008,12,50,False
R007_T005,R007,'S011',2025-10-08 07:56:00,2025-10-08 08:00:00,0,0,2,2025-10-08,BUS_008,12,50,False
R007_T005,R007,'S050',2025-10-08 08:09:00,2025-10-08 08:12:00,0,0,7,2025-10-08,BUS_008,12,50,False
R007_T005,R007,'S021',2025-10-08 08:14:00,2025-10-08 08:16:00,0,2,4,2025-10-08,BUS_008,12,50,False
R007_T005,R007,'S005',2025-10-08 08:19:00,2025-10-08 08:23:00,0,2,3,2025-10-08,BUS_008,12,50,False
R007_T005,R007,'S029',2025-10-08 08:26:00,2025-10-08 08:29:00,0,1,2,2025-10-08,BUS_008,12,50,False
R007_T005,R007,'S055',2025-10-08 08:33:00,2025-10-08 08:35:00,0,2,2,2025-10-08,BUS_008,12,50,False
R007_T005,R007,'S018',2025-10-08 08:42:00,2025-10-08 08:46:00,0,0,4,2025-10-08,BUS_008,12,50,False
R007_T005,R007,'S022',2025-10-08 08:52:00,2025-10-08 08:56:00,0,0,6,2025-10-08,BUS_008,12,50,False
R007_T005,R007,'S035',2025-10-08 08:59:00,2025-10-08 09:04:00,0,1,6,2025-10-08,BUS_008,12,50,False
R007_T005,R007,'S013',2025-10-08 09:01:00,2025-10-08 09:03:00,0,0,0,2025-10-08,BUS_008,12,50,False
R007_T005,R007,'S057'],2025-10-08 09:16:00,2025-10-08 09:20:00,0,0,8,2025-10-08,BUS_008,12,50,False
R007_T006,R007,['S060',2025-10-08 08:06:00,2025-10-08 08:11:00,8,0,6,2025-10-08,BUS_003,12,50,False
R007_T006,R007,'S037',2025-10-08 08:09:00,2025-10-08 08:12:00,3,1,1,2025-10-08,BUS_003,12,50,False
R007_T006,R007,'S038',2025-10-08 08:15:00,2025-10-08 08:17:00,1,1,-1,2025-10-08,BUS_003,12,50,False
R007_T006,R007,'S011',2025-10-08 08:29:00,2025-10-08 08:32:00,0,3,7,2025-10-08,BUS_003,12,50,False
R007_T006,R007,'S050',2025-10-08 08:30:00,2025-10-08 08:33:00,0,1,2,2025-10-08,BUS_003,12,50,False
R007_T006,R007,'S021',2025-10-08 08:36:00,2025-10-08 08:38:00,0,1,2,2025-10-08,BUS_003,12,50,False
R007_T006,R007,'S005',2025-10-08 08:46:00,2025-10-08 08:50:00,0,0,6,2025-10-08,BUS_003,12,50,False
R007_T006,R007,'S029',2025-10-08 08:54:00,2025-10-08 08:55:00,0,0,7,2025-10-08,BUS_003,12,50,False
R007_T006,R007,'S055',2025-10-08 08:54:00,2025-10-08 08:57:00,0,1,1,2025-10-08,BUS_003,12,50,False
R007_T006,R007,'S018',2025-10-08 09:00:00,2025-10-08 09:02:00,0,0,1,2025-10-08,BUS_003,12,50,False
R007_T006,R007,'S022',2025-10-08 09:14:00,2025-10-08 09:16:00,0,0,8,2025-10-08,BUS_003,12,50,False
R007_T006,R007,'S035',2025-10-08 09:19:00,2025-10-08 09:20:00,0,0,7,2025-10-08,BUS_003,12,50,False
R007_T006,R007,'S013',2025-10-08 09:22:00,2025-10-08 09:23:00,0,0,4,2025-10-08,BUS_003,12,50,False
R007_T006,R007,'S057'],2025-10-08 09:27:00,2025-10-08 09:31:00,0,0,3,2025-10-08,BUS_003,12,50,False
R007_T007,R007,['S060',2025-10-08 08:36:00,2025-10-08 08:38:00,6,0,6,2025-10-08,BUS_017,12,50,False
R007_T007,R007,'S037',2025-10-08 08:38:00,2025-10-08 08:41:00,6,1,2,2025-10-08,BUS_017,12,50,False
R007_T007,R007,'S038',2025-10-08 08:45:00,2025-10-08 08:48:00,0,2,1,2025-10-08,BUS_017,12,50,False
R007_T007,R007,'S011',2025-10-08 08:53:00,2025-10-08 08:58:00,0,1,3,2025-10-08,BUS_017,12,50,False
R007_T007,R007,'S050',2025-10-08 09:00:00,2025-10-08 09:03:00,0,2,2,2025-10-08,BUS_017,12,50,False
R007_T007,R007,'S021',2025-10-08 09:12:00,2025-10-08 09:14:00,0,3,8,2025-10-08,BUS_017,12,50,False
R007_T007,R007,'S005',2025-10-08 09:17:00,2025-10-08 09:19:00,0,0,7,2025-10-08,BUS_017,12,50,False
R007_T007,R007,'S029',2025-10-08 09:27:00,2025-10-08 09:30:00,0,0,10,2025-10-08,BUS_017,12,50,False
R007_T007,R007,'S055',2025-10-08 09:34:00,2025-10-08 09:37:00,0,1,9,2025-10-08,BUS_017,12,50,False
R007_T007,R007,'S018',2025-10-08 09:37:00,2025-10-08 09:38:00,0,0,5,2025-10-08,BUS_017,12,50,False
R007_T007,R007,'S022',2025-10-08 09:36:00,2025-10-08 09:41:00,0,0,-2,2025-10-08,BUS_017,12,50,False
R007_T007,R007,'S035',2025-10-08 09:47:00,2025-10-08 09:49:00,0,1,1,2025-10-08,BUS_017,12,50,False
R007_T007,R007,'S013',2025-10-08 09:58:00,2025-10-08 10:01:00,0,0,6,2025-10-08,BUS_017,12,50,False
R007_T007,R007,'S057'],2025-10-08 10:03:00,2025-10-08 10:04:00,0,0,4,2025-10-08,BUS_017,12,50,False
R007_T008,R007,['S060',2025-10-08 09:32:00,2025-10-08 09:36:00,5,0,2,2025-10-08,BUS_014,12,50,False
R007_T008,R007,'S037',2025-10-08 09:47:00,2025-10-08 09:51:00,3,2,10,2025-10-08,BUS_014,12,50,False
R007_T008,R007,'S038',2025-10-08 09:51:00,2025-10-08 09:52:00,0,1,6,2025-10-08,BUS_014,12,50,False
R007_T008,R007,'S011',2025-10-08 09:55:00,2025-10-08 10:00:00,1,1,4,2025-10-08,BUS_014,12,50,False
R007_T008,R007,'S050',2025-10-08 10:04:00,2025-10-08 10:05:00,2,1,5,2025-10-08,BUS_014,12,50,False
R007_T008,R007,'S021',2025-10-08 10:12:00,2025-10-08 10:14:00,1,0,7,2025-10-08,BUS_014,12,50,False
R007_T008,R007,'S005',2025-10-08 10:17:00,2025-10-08 10:21:00,0,0,5,2025-10-08,BUS_014,12,50,False
R007_T008,R007,'S029',2025-10-08 10:25:00,2025-10-08 10:26:00,0,4,5,2025-10-08,BUS_014,12,50,False
R007_T008,R007,'S055',2025-10-08 10:34:00,2025-10-08 10:37:00,0,2,8,2025-10-08,BUS_014,12,50,False
R007_T008,R007,'S018',2025-10-08 10:40:00,2025-10-08 10:42:00,0,0,8,2025-10-08,BUS_014,12,50,False
R007_T008,R007,'S022',2025-10-08 10:51:00,2025-10-08 10:56:00,0,0,13,2025-10-08,BUS_014,12,50,False
R007_T008,R007,'S035',2025-10-08 10:50:00,2025-10-08 10:52:00,0,0,4,2025-10-08,BUS_014,12,50,False
R007_T008,R007,'S013',2025-10-08 10:53:00,2025-10-08 10:56:00,0,0,0,2025-10-08,BUS_014,12,50,False
R007_T008,R007,'S057'],2025-10-08 11:00:00,2025-10-08 11:01:00,0,0,1,2025-10-08,BUS_014,12,50,False
R007_T009,R007,['S060',2025-10-08 11:03:00,2025-10-08 11:04:00,8,0,3,2025-10-08,BUS_006,12,50,False
R007_T009,R007,'S037',2025-10-08 11:03:00,2025-10-08 11:07:00,3,2,-3,2025-10-08,BUS_006,12,50,False
R007_T009,R007,'S038',2025-10-08 11:16:00,2025-10-08 11:18:00,1,1,4,2025-10-08,BUS_006,12,50,False
R007_T009,R007,'S011',2025-10-08 11:17:00,2025-10-08 11:21:00,0,0,-1,2025-10-08,BUS_006,12,50,False
R007_T009,R007,'S050',2025-10-08 11:30:00,2025-10-08 11:34:00,0,1,4,2025-10-08,BUS_006,12,50,False
R007_T009,R007,'S021',2025-10-08 11:40:00,2025-10-08 11:45:00,0,3,7,2025-10-08,BUS_006,12,50,False
R007_T009,R007,'S005',2025-10-08 11:43:00,2025-10-08 11:46:00,0,0,2,2025-10-08,BUS_006,12,50,False
R007_T009,R007,'S029',2025-10-08 11:49:00,2025-10-08 11:51:00,0,1,2,2025-10-08,BUS_006,12,50,False
R007_T009,R007,'S055',2025-10-08 11:58:00,2025-10-08 11:59:00,0,1,4,2025-10-08,BUS_006,12,50,False
R007_T009,R007,'S018',2025-10-08 12:02:00,2025-10-08 12:05:00,0,0,2,2025-10-08,BUS_006,12,50,False
R007_T009,R007,'S022',2025-10-08 12:11:00,2025-10-08 12:14:00,0,0,3,2025-10-08,BUS_006,12,50,False
R007_T009,R007,'S035',2025-10-08 12:19:00,2025-10-08 12:23:00,0,0,5,2025-10-08,BUS_006,12,50,False
R007_T009,R007,'S013',2025-10-08 12:28:00,2025-10-08 12:31:00,0,0,6,2025-10-08,BUS_006,12,50,False
R007_T009,R007,'S057'],2025-10-08 12:35:00,2025-10-08 12:38:00,0,0,6,2025-10-08,BUS_006,12,50,False
R007_T010,R007,['S060',2025-10-08 12:31:00,2025-10-08 12:35:00,4,0,1,2025-10-08,BUS_012,12,50,False
R007_T010,R007,'S037',2025-10-08 12:44:00,2025-10-08 12:46:00,7,1,7,2025-10-08,BUS_012,12,50,False
R007_T010,R007,'S038',2025-10-08 12:49:00,2025-10-08 12:50:00,0,1,6,2025-10-08,BUS_012,12,50,False
R007_T010,R007,'S011',2025-10-08 12:49:00,2025-10-08 12:51:00,1,2,0,2025-10-08,BUS_012,12,50,False
R007_T010,R007,'S050',2025-10-08 12:54:00,2025-10-08 12:59:00,0,1,-2,2025-10-08,BUS_012,12,50,False
R007_T010,R007,'S021',2025-10-08 13:04:00,2025-10-08 13:08:00,0,1,0,2025-10-08,BUS_012,12,50,False
R007_T010,R007,'S005',2025-10-08 13:17:00,2025-10-08 13:18:00,0,1,5,2025-10-08,BUS_012,12,50,False
R007_T010,R007,'S029',2025-10-08 13:20:00,2025-10-08 13:23:00,0,2,2,2025-10-08,BUS_012,12,50,False
R007_T010,R007,'S055',2025-10-08 13:28:00,2025-10-08 13:32:00,0,0,4,2025-10-08,BUS_012,12,50,False
R007_T010,R007,'S018',2025-10-08 13:31:00,2025-10-08 13:32:00,0,0,0,2025-10-08,BUS_012,12,50,False
R007_T010,R007,'S022',2025-10-08 13:35:00,2025-10-08 13:38:00,0,0,-2,2025-10-08,BUS_012,12,50,False
R007_T010,R007,'S035',2025-10-08 13:43:00,2025-10-08 13:46:00,0,1,0,2025-10-08,BUS_012,12,50,False
R007_T010,R007,'S013',2025-10-08 13:46:00,2025-10-08 13:50:00,0,1,-3,2025-10-08,BUS_012,12,50,False
R007_T010,R007,'S057'],2025-10-08 13:56:00,2025-10-08 14:01:00,0,0,1,2025-10-08,BUS_012,12,50,False
R007_T011,R007,['S060',2025-10-08 14:01:00,2025-10-08 14:04:00,5,0,1,2025-10-08,BUS_006,12,50,False
R007_T011,R007,'S037',2025-10-08 14:11:00,2025-10-08 14:16:00,2,1,5,2025-10-08,BUS_006,12,50,False
R007_T011,R007,'S038',2025-10-08 14:18:00,2025-10-08 14:21:00,4,1,4,2025-10-08,BUS_006,12,50,False
R007_T011,R007,'S011',2025-10-08 14:20:00,2025-10-08 14:21:00,0,2,0,2025-10-08,BUS_006,12,50,False
R007_T011,R007,'S050',2025-10-08 14:26:00,2025-10-08 14:27:00,1,2,0,2025-10-08,BUS_006,12,50,False
R007_T011,R007,'S021',2025-10-08 14:34:00,2025-10-08 14:37:00,0,0,2,2025-10-08,BUS_006,12,50,False
R007_T011,R007,'S005',2025-10-08 14:36:00,2025-10-08 14:39:00,0,2,-2,2025-10-08,BUS_006,12,50,False
R007_T011,R007,'S029',2025-10-08 14:45:00,2025-10-08 14:46:00,0,0,1,2025-10-08,BUS_006,12,50,False
R007_T011,R007,'S055',2025-10-08 14:52:00,2025-10-08 14:54:00,0,0,2,2025-10-08,BUS_006,12,50,False
R007_T011,R007,'S018',2025-10-08 14:57:00,2025-10-08 15:01:00,0,1,0,2025-10-08,BUS_006,12,50,False
R007_T011,R007,'S022',2025-10-08 15:10:00,2025-10-08 15:13:00,0,0,5,2025-10-08,BUS_006,12,50,False
R007_T011,R007,'S035',2025-10-08 15:12:00,2025-10-08 15:14:00,0,0,-1,2025-10-08,BUS_006,12,50,False
R007_T011,R007,'S013',2025-10-08 15:16:00,2025-10-08 15:22:00,0,0,-3,2025-10-08,BUS_006,12,50,False
R007_T011,R007,'S057'],2025-10-08 15:26:00,2025-10-08 15:31:00,0,1,-1,2025-10-08,BUS_006,12,50,False
R007_T012,R007,['S060',2025-10-08 15:31:00,2025-10-08 15:35:00,5,0,1,2025-10-08,BUS_012,12,50,False
R007_T012,R007,'S037',2025-10-08 15:39:00,2025-10-08 15:41:00,3,1,1,2025-10-08,BUS_012,12,50,False
R007_T012,R007,'S038',2025-10-08 15:50:00,2025-10-08 15:54:00,2,0,6,2025-10-08,BUS_012,12,50,False
R007_T012,R007,'S011',2025-10-08 15:49:00,2025-10-08 15:54:00,1,2,-2,2025-10-08,BUS_012,12,50,False
R007_T012,R007,'S050',2025-10-08 15:56:00,2025-10-08 16:00:00,1,1,-3,2025-10-08,BUS_012,12,50,False
R007_T012,R007,'S021',2025-10-08 16:09:00,2025-10-08 16:11:00,0,1,4,2025-10-08,BUS_012,12,50,False
R007_T012,R007,'S005',2025-10-08 16:20:00,2025-10-08 16:23:00,0,1,8,2025-10-08,BUS_012,12,50,False
R007_T012,R007,'S029',2025-10-08 16:22:00,2025-10-08 16:25:00,0,0,4,2025-10-08,BUS_012,12,50,False
R007_T012,R007,'S055',2025-10-08 16:28:00,2025-10-08 16:31:00,0,0,2,2025-10-08,BUS_012,12,50,False
R007_T012,R007,'S018',2025-10-08 16:37:00,2025-10-08 16:41:00,0,1,3,2025-10-08,BUS_012,12,50,False
R007_T012,R007,'S022',2025-10-08 16:41:00,2025-10-08 16:45:00,0,0,0,2025-10-08,BUS_012,12,50,False
R007_T012,R007,'S035',2025-10-08 16:48:00,2025-10-08 16:50:00,0,1,-1,2025-10-08,BUS_012,12,50,False
R007_T012,R007,'S013',2025-10-08 16:53:00,2025-10-08 16:58:00,0,0,-2,2025-10-08,BUS_012,12,50,False
R007_T012,R007,'S057'],2025-10-08 17:03:00,2025-10-08 17:06:00,0,0,0,2025-10-08,BUS_012,12,50,False
R007_T013,R007,['S060',2025-10-08 17:11:00,2025-10-08 17:15:00,2,0,11,2025-10-08,BUS_005,12,50,False
R007_T013,R007,'S037',2025-10-08 17:10:00,2025-10-08 17:11:00,5,0,3,2025-10-08,BUS_005,12,50,False
R007_T013,R007,'S038',2025-10-08 17:19:00,2025-10-08 17:22:00,2,1,6,2025-10-08,BUS_005,12,50,False
R007_T013,R007,'S011',2025-10-08 17:27:00,2025-10-08 17:32:00,2,2,8,2025-10-08,BUS_005,12,50,False
R007_T013,R007,'S050',2025-10-08 17:36:00,2025-10-08 17:40:00,0,0,9,2025-10-08,BUS_005,12,50,False
R007_T013,R007,'S021',2025-10-08 17:40:00,2025-10-08 17:42:00,1,2,6,2025-10-08,BUS_005,12,50,False
R007_T013,R007,'S005',2025-10-08 17:45:00,2025-10-08 17:46:00,0,2,4,2025-10-08,BUS_005,12,50,False
R007_T013,R007,'S029',2025-10-08 17:47:00,2025-10-08 17:52:00,0,2,0,2025-10-08,BUS_005,12,50,False
R007_T013,R007,'S055',2025-10-08 18:02:00,2025-10-08 18:06:00,0,0,7,2025-10-08,BUS_005,12,50,False
R007_T013,R007,'S018',2025-10-08 18:04:00,2025-10-08 18:07:00,0,0,2,2025-10-08,BUS_005,12,50,False
R007_T013,R007,'S022',2025-10-08 18:10:00,2025-10-08 18:11:00,0,0,1,2025-10-08,BUS_005,12,50,False
R007_T013,R007,'S035',2025-10-08 18:24:00,2025-10-08 18:27:00,0,0,9,2025-10-08,BUS_005,12,50,False
R007_T013,R007,'S013',2025-10-08 18:27:00,2025-10-08 18:30:00,0,1,4,2025-10-08,BUS_005,12,50,False
R007_T013,R007,'S057'],2025-10-08 18:32:00,2025-10-08 18:37:00,0,0,2,2025-10-08,BUS_005,12,50,False
R007_T014,R007,['S060',2025-10-08 18:06:00,2025-10-08 18:09:00,6,0,6,2025-10-08,BUS_012,12,50,False
R007_T014,R007,'S037',2025-10-08 18:13:00,2025-10-08 18:16:00,4,1,5,2025-10-08,BUS_012,12,50,False
R007_T014,R007,'S038',2025-10-08 18:19:00,2025-10-08 18:21:00,2,0,3,2025-10-08,BUS_012,12,50,False
R007_T014,R007,'S011',2025-10-08 18:31:00,2025-10-08 18:34:00,0,0,8,2025-10-08,BUS_012,12,50,False
R007_T014,R007,'S050',2025-10-08 18:34:00,2025-10-08 18:39:00,0,2,4,2025-10-08,BUS_012,12,50,False
R007_T014,R007,'S021',2025-10-08 18:40:00,2025-10-08 18:43:00,0,1,2,2025-10-08,BUS_012,12,50,False
R007_T014,R007,'S005',2025-10-08 18:51:00,2025-10-08 18:53:00,0,1,6,2025-10-08,BUS_012,12,50,False
R007_T014,R007,'S029',2025-10-08 19:04:00,2025-10-08 19:06:00,0,2,12,2025-10-08,BUS_012,12,50,False
R007_T014,R007,'S055',2025-10-08 19:00:00,2025-10-08 19:01:00,0,0,1,2025-10-08,BUS_012,12,50,False
R007_T014,R007,'S018',2025-10-08 19:03:00,2025-10-08 19:08:00,0,1,-2,2025-10-08,BUS_012,12,50,False
R007_T014,R007,'S022',2025-10-08 19:19:00,2025-10-08 19:24:00,0,1,6,2025-10-08,BUS_012,12,50,False
R007_T014,R007,'S035',2025-10-08 19:25:00,2025-10-08 19:29:00,0,0,4,2025-10-08,BUS_012,12,50,False
R007_T014,R007,'S013',2025-10-08 19:28:00,2025-10-08 19:30:00,0,0,0,2025-10-08,BUS_012,12,50,False
R007_T014,R007,'S057'],2025-10-08 19:38:00,2025-10-08 19:41:00,0,0,3,2025-10-08,BUS_012,12,50,False
R007_T015,R007,['S060',2025-10-08 19:09:00,2025-10-08 19:13:00,5,0,9,2025-10-08,BUS_006,12,50,False
R007_T015,R007,'S037',2025-10-08 19:12:00,2025-10-08 19:13:00,7,0,5,2025-10-08,BUS_006,12,50,False
R007_T015,R007,'S038',2025-10-08 19:19:00,2025-10-08 19:23:00,0,0,6,2025-10-08,BUS_006,12,50,False
R007_T015,R007,'S011',2025-10-08 19:23:00,2025-10-08 19:26:00,0,1,3,2025-10-08,BUS_006,12,50,False
R007_T015,R007,'S050',2025-10-08 19:31:00,2025-10-08 19:35:00,0,0,5,2025-10-08,BUS_006,12,50,False
R007_T015,R007,'S021',2025-10-08 19:43:00,2025-10-08 19:45:00,0,2,10,2025-10-08,BUS_006,12,50,False
R007_T015,R007,'S005',2025-10-08 19:39:00,2025-10-08 19:44:00,0,1,0,2025-10-08,BUS_006,12,50,False
R007_T015,R007,'S029',2025-10-08 19:52:00,2025-10-08 19:55:00,0,2,5,2025-10-08,BUS_006,12,50,False
R007_T015,R007,'S055',2025-10-08 19:53:00,2025-10-08 19:55:00,0,0,0,2025-10-08,BUS_006,12,50,False
R007_T015,R007,'S018',2025-10-08 20:06:00,2025-10-08 20:09:00,0,0,7,2025-10-08,BUS_006,12,50,False
R007_T015,R007,'S022',2025-10-08 20:07:00,2025-10-08 20:10:00,0,1,0,2025-10-08,BUS_006,12,50,False
R007_T015,R007,'S035',2025-10-08 20:14:00,2025-10-08 20:16:00,0,0,0,2025-10-08,BUS_006,12,50,False
R007_T015,R007,'S013',2025-10-08 20:28:00,2025-10-08 20:32:00,0,0,8,2025-10-08,BUS_006,12,50,False
R007_T015,R007,'S057'],2025-10-08 20:32:00,2025-10-08 20:35:00,0,3,4,2025-10-08,BUS_006,12,50,False
R007_T016,R007,['S060',2025-10-08 20:04:00,2025-10-08 20:07:00,6,0,4,2025-10-08,BUS_009,12,50,False
R007_T016,R007,'S037',2025-10-08 20:10:00,2025-10-08 20:12:00,3,2,3,2025-10-08,BUS_009,12,50,False
R007_T016,R007,'S038',2025-10-08 20:17:00,2025-10-08 20:20:00,0,1,4,2025-10-08,BUS_009,12,50,False
R007_T016,R007,'S011',2025-10-08 20:21:00,2025-10-08 20:25:00,2,1,2,2025-10-08,BUS_009,12,50,False
R007_T016,R007,'S050',2025-10-08 20:32:00,2025-10-08 20:34:00,0,0,6,2025-10-08,BUS_009,12,50,False
R007_T016,R007,'S021',2025-10-08 20:37:00,2025-10-08 20:40:00,1,0,5,2025-10-08,BUS_009,12,50,False
R007_T016,R007,'S005',2025-10-08 20:39:00,2025-10-08 20:42:00,0,2,1,2025-10-08,BUS_009,12,50,False
R007_T016,R007,'S029',2025-10-08 20:49:00,2025-10-08 20:50:00,0,0,4,2025-10-08,BUS_009,12,50,False
R007_T016,R007,'S055',2025-10-08 20:56:00,2025-10-08 20:57:00,0,1,5,2025-10-08,BUS_009,12,50,False
R007_T016,R007,'S018',2025-10-08 21:06:00,2025-10-08 21:10:00,0,3,9,2025-10-08,BUS_009,12,50,False
R007_T016,R007,'S022',2025-10-08 21:10:00,2025-10-08 21:12:00,0,2,5,2025-10-08,BUS_009,12,50,False
R007_T016,R007,'S035',2025-10-08 21:18:00,2025-10-08 21:20:00,0,0,6,2025-10-08,BUS_009,12,50,False
R007_T016,R007,'S013',2025-10-08 21:21:00,2025-10-08 21:25:00,0,0,2,2025-10-08,BUS_009,12,50,False
R007_T016,R007,'S057'],2025-10-08 21:32:00,2025-10-08 21:37:00,0,0,6,2025-10-08,BUS_009,12,50,False
R007_T017,R007,['S060',2025-10-08 21:05:00,2025-10-08 21:07:00,3,0,5,2025-10-08,BUS_010,12,50,False
R007_T017,R007,'S037',2025-10-08 21:00:00,2025-10-08 21:08:00,6,0,-6,2025-10-08,BUS_010,12,50,False
R007_T017,R007,'S038',2025-10-08 21:15:00,2025-10-08 21:16:00,1,0,2,2025-10-08,BUS_010,12,50,False
R007_T017,R007,'S011',2025-10-08 21:24:00,2025-10-08 21:26:00,2,3,5,2025-10-08,BUS_010,12,50,False
R007_T017,R007,'S050',2025-10-08 21:31:00,2025-10-08 21:35:00,0,1,5,2025-10-08,BUS_010,12,50,False
R007_T017,R007,'S021',2025-10-08 21:45:00,2025-10-08 21:46:00,0,0,11,2025-10-08,BUS_010,12,50,False
R007_T017,R007,'S005',2025-10-08 21:40:00,2025-10-08 21:44:00,0,1,0,2025-10-08,BUS_010,12,50,False
R007_T017,R007,'S029',2025-10-08 21:55:00,2025-10-08 21:56:00,0,1,8,2025-10-08,BUS_010,12,50,False
R007_T017,R007,'S055',2025-10-08 21:58:00,2025-10-08 22:01:00,0,2,5,2025-10-08,BUS_010,12,50,False
R007_T017,R007,'S018',2025-10-08 22:08:00,2025-10-08 22:09:00,0,1,7,2025-10-08,BUS_010,12,50,False
R007_T017,R007,'S022',2025-10-08 22:07:00,2025-10-08 22:09:00,0,1,0,2025-10-08,BUS_010,12,50,False
R007_T017,R007,'S035',2025-10-08 22:10:00,2025-10-08 22:16:00,0,1,-4,2025-10-08,BUS_010,12,50,False
R007_T017,R007,'S013',2025-10-08 22:24:00,2025-10-08 22:28:00,0,0,3,2025-10-08,BUS_010,12,50,False
R007_T017,R007,'S057'],2025-10-08 22:28:00,2025-10-08 22:32:00,0,0,-1,2025-10-08,BUS_010,12,50,False
R008_T001,R008,['S025',2025-10-08 05:36:00,2025-10-08 05:41:00,6,0,6,2025-10-08,BUS_008,12,50,False
R008_T001,R008,'S057',2025-10-08 05:42:00,2025-10-08 05:45:00,4,1,4,2025-10-08,BUS_008,12,50,False
R008_T001,R008,'S041',2025-10-08 05:48:00,2025-10-08 05:50:00,2,3,2,2025-10-08,BUS_008,12,50,False
R008_T001,R008,'S002',2025-10-08 05:49:00,2025-10-08 05:56:00,0,3,-4,2025-10-08,BUS_008,12,50,False
R008_T001,R008,'S037',2025-10-08 05:59:00,2025-10-08 06:03:00,0,0,-2,2025-10-08,BUS_008,12,50,False
R008_T001,R008,'S023',2025-10-08 06:05:00,2025-10-08 06:10:00,0,0,-3,2025-10-08,BUS_008,12,50,False
R008_T001,R008,'S022',2025-10-08 06:12:00,2025-10-08 06:16:00,0,1,-3,2025-10-08,BUS_008,12,50,False
R008_T001,R008,'S010',2025-10-08 06:22:00,2025-10-08 06:25:00,0,0,1,2025-10-08,BUS_008,12,50,False
R008_T001,R008,'S038',2025-10-08 06:33:00,2025-10-08 06:36:00,0,0,4,2025-10-08,BUS_008,12,50,False
R008_T001,R008,'S018',2025-10-08 06:32:00,2025-10-08 06:40:00,0,0,-5,2025-10-08,BUS_008,12,50,False
R008_T001,R008,'S007',2025-10-08 06:45:00,2025-10-08 06:48:00,0,0,0,2025-10-08,BUS_008,12,50,False
R008_T001,R008,'S009'],2025-10-08 06:50:00,2025-10-08 06:55:00,0,1,-1,2025-10-08,BUS_008,12,50,False
R008_T002,R008,['S025',2025-10-08 06:02:00,2025-10-08 06:04:00,6,0,2,2025-10-08,BUS_014,12,50,False
R008_T002,R008,'S057',2025-10-08 06:15:00,2025-10-08 06:16:00,6,0,8,2025-10-08,BUS_014,12,50,False
R008_T002,R008,'S041',2025-10-08 06:13:00,2025-10-08 06:16:00,0,1,0,2025-10-08,BUS_014,12,50,False
R008_T002,R008,'S002',2025-10-08 06:21:00,2025-10-08 06:23:00,0,2,0,2025-10-08,BUS_014,12,50,False
R008_T002,R008,'S037',2025-10-08 06:28:00,2025-10-08 06:29:00,0,1,1,2025-10-08,BUS_014,12,50,False
R008_T002,R008,'S023',2025-10-08 06:33:00,2025-10-08 06:36:00,0,3,0,2025-10-08,BUS_014,12,50,False
R008_T002,R008,'S022',2025-10-08 06:38:00,2025-10-08 06:42:00,0,1,-2,2025-10-08,BUS_014,12,50,False
R008_T002,R008,'S010',2025-10-08 06:45:00,2025-10-08 06:48:00,0,1,-2,2025-10-08,BUS_014,12,50,False
R008_T002,R008,'S038',2025-10-08 06:53:00,2025-10-08 06:58:00,0,0,0,2025-10-08,BUS_014,12,50,False
R008_T002,R008,'S018',2025-10-08 07:01:00,2025-10-08 07:02:00,0,0,0,2025-10-08,BUS_014,12,50,False
R008_T002,R008,'S007',2025-10-08 07:09:00,2025-10-08 07:11:00,0,0,2,2025-10-08,BUS_014,12,50,False
R008_T002,R008,'S009'],2025-10-08 07:18:00,2025-10-08 07:21:00,0,1,5,2025-10-08,BUS_014,12,50,False
R008_T003,R008,['S025',2025-10-08 06:30:00,2025-10-08 06:33:00,8,0,0,2025-10-08,BUS_019,12,50,False
R008_T003,R008,'S057',2025-10-08 06:36:00,2025-10-08 06:39:00,4,1,0,2025-10-08,BUS_019,12,50,False
R008_T003,R008,'S041',2025-10-08 06:44:00,2025-10-08 06:47:00,0,3,0,2025-10-08,BUS_019,12,50,False
R008_T003,R008,'S002',2025-10-08 06:52:00,2025-10-08 06:55:00,0,1,2,2025-10-08,BUS_019,12,50,False
R008_T003,R008,'S037',2025-10-08 06:57:00,2025-10-08 07:01:00,0,1,1,2025-10-08,BUS_019,12,50,False
R008_T003,R008,'S023',2025-10-08 07:02:00,2025-10-08 07:07:00,0,3,-2,2025-10-08,BUS_019,12,50,False
R008_T003,R008,'S022',2025-10-08 07:21:00,2025-10-08 07:23:00,0,0,9,2025-10-08,BUS_019,12,50,False
R008_T003,R008,'S010',2025-10-08 07:25:00,2025-10-08 07:27:00,0,0,7,2025-10-08,BUS_019,12,50,False
R008_T003,R008,'S038',2025-10-08 07:24:00,2025-10-08 07:27:00,0,1,0,2025-10-08,BUS_019,12,50,False
R008_T003,R008,'S018',2025-10-08 07:37:00,2025-10-08 07:41:00,0,0,5,2025-10-08,BUS_019,12,50,False
R008_T003,R008,'S007',2025-10-08 07:40:00,2025-10-08 07:41:00,0,0,1,2025-10-08,BUS_019,12,50,False
R008_T003,R008,'S009'],2025-10-08 07:47:00,2025-10-08 07:52:00,0,1,2,2025-10-08,BUS_019,12,50,False
R008_T004,R008,['S025',2025-10-08 07:09:00,2025-10-08 07:10:00,8,0,9,2025-10-08,BUS_027,12,50,False
R008_T004,R008,'S057',2025-10-08 07:10:00,2025-10-08 07:11:00,4,1,4,2025-10-08,BUS_027,12,50,False
R008_T004,R008,'S041',2025-10-08 07:12:00,2025-10-08 07:15:00,0,1,0,2025-10-08,BUS_027,12,50,False
R008_T004,R008,'S002',2025-10-08 07:18:00,2025-10-08 07:22:00,0,2,-1,2025-10-08,BUS_027,12,50,False
R008_T004,R008,'S037',2025-10-08 07:35:00,2025-10-08 07:36:00,0,1,8,2025-10-08,BUS_027,12,50,False
R008_T004,R008,'S023',2025-10-08 07:38:00,2025-10-08 07:42:00,0,0,5,2025-10-08,BUS_027,12,50,False
R008_T004,R008,'S022',2025-10-08 07:40:00,2025-10-08 07:42:00,0,0,0,2025-10-08,BUS_027,12,50,False
R008_T004,R008,'S010',2025-10-08 07:49:00,2025-10-08 07:53:00,0,1,3,2025-10-08,BUS_027,12,50,False
R008_T004,R008,'S038',2025-10-08 08:00:00,2025-10-08 08:03:00,0,1,7,2025-10-08,BUS_027,12,50,False
R008_T004,R008,'S018',2025-10-08 08:00:00,2025-10-08 08:02:00,0,1,-1,2025-10-08,BUS_027,12,50,False
R008_T004,R008,'S007',2025-10-08 08:08:00,2025-10-08 08:13:00,0,0,1,2025-10-08,BUS_027,12,50,False
R008_T004,R008,'S009'],2025-10-08 08:23:00,2025-10-08 08:28:00,0,0,8,2025-10-08,BUS_027,12,50,False
R008_T005,R008,['S025',2025-10-08 07:33:00,2025-10-08 07:36:00,4,0,3,2025-10-08,BUS_014,12,50,False
R008_T005,R008,'S057',2025-10-08 07:42:00,2025-10-08 07:45:00,8,0,5,2025-10-08,BUS_014,12,50,False
R008_T005,R008,'S041',2025-10-08 07:46:00,2025-10-08 07:50:00,0,5,3,2025-10-08,BUS_014,12,50,False
R008_T005,R008,'S002',2025-10-08 07:52:00,2025-10-08 07:56:00,0,0,1,2025-10-08,BUS_014,12,50,False
R008_T005,R008,'S037',2025-10-08 07:53:00,2025-10-08 08:00:00,0,0,-6,2025-10-08,BUS_014,12,50,False
R008_T005,R008,'S023',2025-10-08 08:05:00,2025-10-08 08:09:00,0,1,0,2025-10-08,BUS_014,12,50,False
R008_T005,R008,'S022',2025-10-08 08:17:00,2025-10-08 08:21:00,0,0,5,2025-10-08,BUS_014,12,50,False
R008_T005,R008,'S010',2025-10-08 08:21:00,2025-10-08 08:24:00,0,1,2,2025-10-08,BUS_014,12,50,False
R008_T005,R008,'S038',2025-10-08 08:27:00,2025-10-08 08:29:00,0,0,2,2025-10-08,BUS_014,12,50,False
R008_T005,R008,'S018',2025-10-08 08:37:00,2025-10-08 08:39:00,0,0,6,2025-10-08,BUS_014,12,50,False
R008_T005,R008,'S007',2025-10-08 08:47:00,2025-10-08 08:49:00,0,1,9,2025-10-08,BUS_014,12,50,False
R008_T005,R008,'S009'],2025-10-08 08:48:00,2025-10-08 08:49:00,0,0,3,2025-10-08,BUS_014,12,50,False
R008_T006,R008,['S025',2025-10-08 08:05:00,2025-10-08 08:07:00,4,0,5,2025-10-08,BUS_006,12,50,False
R008_T006,R008,'S057',2025-10-08 08:10:00,2025-10-08 08:13:00,6,1,4,2025-10-08,BUS_006,12,50,False
R008_T006,R008,'S041',2025-10-08 08:20:00,2025-10-08 08:22:00,0,2,6,2025-10-08,BUS_006,12,50,False
R008_T006,R008,'S002',2025-10-08 08:28:00,2025-10-08 08:30:00,2,1,8,2025-10-08,BUS_006,12,50,False
R008_T006,R008,'S037',2025-10-08 08:30:00,2025-10-08 08:33:00,0,1,3,2025-10-08,BUS_006,12,50,False
R008_T006,R008,'S023',2025-10-08 08:40:00,2025-10-08 08:43:00,0,0,6,2025-10-08,BUS_006,12,50,False
R008_T006,R008,'S022',2025-10-08 08:41:00,2025-10-08 08:45:00,0,3,0,2025-10-08,BUS_006,12,50,False
R008_T006,R008,'S010',2025-10-08 08:53:00,2025-10-08 08:58:00,0,0,5,2025-10-08,BUS_006,12,50,False
R008_T006,R008,'S038',2025-10-08 08:53:00,2025-10-08 08:57:00,0,0,-3,2025-10-08,BUS_006,12,50,False
R008_T006,R008,'S018',2025-10-08 09:11:00,2025-10-08 09:14:00,0,1,9,2025-10-08,BUS_006,12,50,False
R008_T006,R008,'S007',2025-10-08 09:12:00,2025-10-08 09:16:00,0,0,2,2025-10-08,BUS_006,12,50,False
R008_T006,R008,'S009'],2025-10-08 09:18:00,2025-10-08 09:21:00,0,0,0,2025-10-08,BUS_006,12,50,False
R008_T007,R008,['S025',2025-10-08 08:36:00,2025-10-08 08:39:00,5,0,6,2025-10-08,BUS_018,12,50,False
R008_T007,R008,'S057',2025-10-08 08:39:00,2025-10-08 08:42:00,6,1,1,2025-10-08,BUS_018,12,50,False
R008_T007,R008,'S041',2025-10-08 08:54:00,2025-10-08 08:58:00,1,1,10,2025-10-08,BUS_018,12,50,False
R008_T007,R008,'S002',2025-10-08 09:00:00,2025-10-08 09:03:00,0,1,8,2025-10-08,BUS_018,12,50,False
R008_T007,R008,'S037',2025-10-08 09:06:00,2025-10-08 09:09:00,0,0,6,2025-10-08,BUS_018,12,50,False
R008_T007,R008,'S023',2025-10-08 09:15:00,2025-10-08 09:18:00,0,2,9,2025-10-08,BUS_018,12,50,False
R008_T007,R008,'S022',2025-10-08 09:20:00,2025-10-08 09:23:00,0,2,6,2025-10-08,BUS_018,12,50,False
R008_T007,R008,'S010',2025-10-08 09:25:00,2025-10-08 09:28:00,0,1,3,2025-10-08,BUS_018,12,50,False
R008_T007,R008,'S038',2025-10-08 09:34:00,2025-10-08 09:36:00,0,0,5,2025-10-08,BUS_018,12,50,False
R008_T007,R008,'S018',2025-10-08 09:37:00,2025-10-08 09:39:00,0,1,2,2025-10-08,BUS_018,12,50,False
R008_T007,R008,'S007',2025-10-08 09:43:00,2025-10-08 09:45:00,0,0,1,2025-10-08,BUS_018,12,50,False
R008_T007,R008,'S009'],2025-10-08 09:50:00,2025-10-08 09:52:00,0,0,1,2025-10-08,BUS_018,12,50,False
R008_T008,R008,['S025',2025-10-08 09:31:00,2025-10-08 09:36:00,2,0,1,2025-10-08,BUS_015,12,50,False
R008_T008,R008,'S057',2025-10-08 09:45:00,2025-10-08 09:48:00,5,0,7,2025-10-08,BUS_015,12,50,False
R008_T008,R008,'S041',2025-10-08 09:48:00,2025-10-08 09:51:00,0,1,2,2025-10-08,BUS_015,12,50,False
R008_T008,R008,'S002',2025-10-08 09:55:00,2025-10-08 09:58:00,1,2,1,2025-10-08,BUS_015,12,50,False
R008_T008,R008,'S037',2025-10-08 10:07:00,2025-10-08 10:09:00,2,2,7,2025-10-08,BUS_015,12,50,False
R008_T008,R008,'S023',2025-10-08 10:09:00,2025-10-08 10:14:00,1,1,3,2025-10-08,BUS_015,12,50,False
R008_T008,R008,'S022',2025-10-08 10:23:00,2025-10-08 10:25:00,1,1,9,2025-10-08,BUS_015,12,50,False
R008_T008,R008,'S010',2025-10-08 10:23:00,2025-10-08 10:25:00,0,1,2,2025-10-08,BUS_015,12,50,False
R008_T008,R008,'S038',2025-10-08 10:32:00,2025-10-08 10:34:00,0,1,4,2025-10-08,BUS_015,12,50,False
R008_T008,R008,'S018',2025-10-08 10:36:00,2025-10-08 10:38:00,0,0,2,2025-10-08,BUS_015,12,50,False
R008_T008,R008,'S007',2025-10-08 10:48:00,2025-10-08 10:50:00,0,0,7,2025-10-08,BUS_015,12,50,False
R008_T008,R008,'S009'],2025-10-08 10:55:00,2025-10-08 10:59:00,0,0,8,2025-10-08,BUS_015,12,50,False
R008_T009,R008,['S025',2025-10-08 11:03:00,2025-10-08 11:07:00,4,0,3,2025-10-08,BUS_009,12,50,False
R008_T009,R008,'S057',2025-10-08 11:08:00,2025-10-08 11:12:00,6,1,0,2025-10-08,BUS_009,12,50,False
R008_T009,R008,'S041',2025-10-08 11:16:00,2025-10-08 11:18:00,0,2,0,2025-10-08,BUS_009,12,50,False
R008_T009,R008,'S002',2025-10-08 11:28:00,2025-10-08 11:30:00,2,1,6,2025-10-08,BUS_009,12,50,False
R008_T009,R008,'S037',2025-10-08 11:28:00,2025-10-08 11:33:00,0,0,0,2025-10-08,BUS_009,12,50,False
R008_T009,R008,'S023',2025-10-08 11:37:00,2025-10-08 11:41:00,0,0,1,2025-10-08,BUS_009,12,50,False
R008_T009,R008,'S022',2025-10-08 11:41:00,2025-10-08 11:46:00,0,0,-3,2025-10-08,BUS_009,12,50,False
R008_T009,R008,'S010',2025-10-08 11:52:00,2025-10-08 11:55:00,0,2,1,2025-10-08,BUS_009,12,50,False
R008_T009,R008,'S038',2025-10-08 11:59:00,2025-10-08 12:03:00,0,0,0,2025-10-08,BUS_009,12,50,False
R008_T009,R008,'S018',2025-10-08 12:07:00,2025-10-08 12:10:00,0,1,0,2025-10-08,BUS_009,12,50,False
R008_T009,R008,'S007',2025-10-08 12:19:00,2025-10-08 12:22:00,0,0,4,2025-10-08,BUS_009,12,50,False
R008_T009,R008,'S009'],2025-10-08 12:23:00,2025-10-08 12:28:00,0,2,1,2025-10-08,BUS_009,12,50,False
R008_T010,R008,['S025',2025-10-08 12:34:00,2025-10-08 12:37:00,5,0,4,2025-10-08,BUS_013,12,50,False
R008_T010,R008,'S057',2025-10-08 12:38:00,2025-10-08 12:43:00,3,1,2,2025-10-08,BUS_013,12,50,False
R008_T010,R008,'S041',2025-10-08 12:45:00,2025-10-08 12:48:00,0,1,1,2025-10-08,BUS_013,12,50,False
R008_T010,R008,'S002',2025-10-08 12:52:00,2025-10-08 12:55:00,0,1,0,2025-10-08,BUS_013,12,50,False
R008_T010,R008,'S037',2025-10-08 13:04:00,2025-10-08 13:08:00,2,0,6,2025-10-08,BUS_013,12,50,False
R008_T010,R008,'S023',2025-10-08 13:00:00,2025-10-08 13:06:00,2,0,-5,2025-10-08,BUS_013,12,50,False
R008_T010,R008,'S022',2025-10-08 13:13:00,2025-10-08 13:14:00,0,2,2,2025-10-08,BUS_013,12,50,False
R008_T010,R008,'S010',2025-10-08 13:17:00,2025-10-08 13:21:00,0,2,0,2025-10-08,BUS_013,12,50,False
R008_T010,R008,'S038',2025-10-08 13:27:00,2025-10-08 13:31:00,0,1,2,2025-10-08,BUS_013,12,50,False
R008_T010,R008,'S018',2025-10-08 13:35:00,2025-10-08 13:40:00,0,2,2,2025-10-08,BUS_013,12,50,False
R008_T010,R008,'S007',2025-10-08 13:48:00,2025-10-08 13:51:00,0,0,7,2025-10-08,BUS_013,12,50,False
R008_T010,R008,'S009'],2025-10-08 13:50:00,2025-10-08 13:54:00,0,0,2,2025-10-08,BUS_013,12,50,False
R008_T011,R008,['S025',2025-10-08 14:02:00,2025-10-08 14:07:00,2,0,2,2025-10-08,BUS_007,12,50,False
R008_T011,R008,'S057',2025-10-08 14:08:00,2025-10-08 14:11:00,0,1,0,2025-10-08,BUS_007,12,50,False
R008_T011,R008,'S041',2025-10-08 14:12:00,2025-10-08 14:17:00,0,0,-3,2025-10-08,BUS_007,12,50,False
R008_T011,R008,'S002',2025-10-08 14:23:00,2025-10-08 14:26:00,1,1,1,2025-10-08,BUS_007,12,50,False
R008_T011,R008,'S037',2025-10-08 14:32:00,2025-10-08 14:36:00,1,0,2,2025-10-08,BUS_007,12,50,False
R008_T011,R008,'S023',2025-10-08 14:38:00,2025-10-08 14:41:00,3,0,1,2025-10-08,BUS_007,12,50,False
R008_T011,R008,'S022',2025-10-08 14:43:00,2025-10-08 14:47:00,3,1,0,2025-10-08,BUS_007,12,50,False
R008_T011,R008,'S010',2025-10-08 14:49:00,2025-10-08 14:54:00,2,1,-2,2025-10-08,BUS_007,12,50,False
R008_T011,R008,'S038',2025-10-08 14:58:00,2025-10-08 15:01:00,0,2,-1,2025-10-08,BUS_007,12,50,False
R008_T011,R008,'S018',2025-10-08 15:04:00,2025-10-08 15:08:00,0,0,-1,2025-10-08,BUS_007,12,50,False
R008_T011,R008,'S007',2025-10-08 15:15:00,2025-10-08 15:19:00,0,1,3,2025-10-08,BUS_007,12,50,False
R008_T011,R008,'S009'],2025-10-08 15:20:00,2025-10-08 15:23:00,0,1,1,2025-10-08,BUS_007,12,50,False
R008_T012,R008,['S025',2025-10-08 15:35:00,2025-10-08 15:37:00,2,0,5,2025-10-08,BUS_013,12,50,False
R008_T012,R008,'S057',2025-10-08 15:44:00,2025-10-08 15:47:00,5,1,8,2025-10-08,BUS_013,12,50,False
R008_T012,R008,'S041',2025-10-08 15:39:00,2025-10-08 15:45:00,1,0,-3,2025-10-08,BUS_013,12,50,False
R008_T012,R008,'S002',2025-10-08 15:50:00,2025-10-08 15:55:00,3,2,0,2025-10-08,BUS_013,12,50,False
R008_T012,R008,'S037',2025-10-08 16:00:00,2025-10-08 16:05:00,1,1,2,2025-10-08,BUS_013,12,50,False
R008_T012,R008,'S023',2025-10-08 16:03:00,2025-10-08 16:07:00,0,0,-3,2025-10-08,BUS_013,12,50,False
R008_T012,R008,'S022',2025-10-08 16:15:00,2025-10-08 16:18:00,0,0,3,2025-10-08,BUS_013,12,50,False
R008_T012,R008,'S010',2025-10-08 16:15:00,2025-10-08 16:19:00,0,0,-3,2025-10-08,BUS_013,12,50,False
R008_T012,R008,'S038',2025-10-08 16:24:00,2025-10-08 16:27:00,0,0,0,2025-10-08,BUS_013,12,50,False
R008_T012,R008,'S018',2025-10-08 16:35:00,2025-10-08 16:36:00,0,0,4,2025-10-08,BUS_013,12,50,False
R008_T012,R008,'S007',2025-10-08 16:42:00,2025-10-08 16:47:00,0,1,5,2025-10-08,BUS_013,12,50,False
R008_T012,R008,'S009'],2025-10-08 16:39:00,2025-10-08 16:47:00,0,1,-6,2025-10-08,BUS_013,12,50,False
R008_T013,R008,['S025',2025-10-08 17:01:00,2025-10-08 17:03:00,6,0,1,2025-10-08,BUS_006,12,50,False
R008_T013,R008,'S057',2025-10-08 17:06:00,2025-10-08 17:10:00,6,0,0,2025-10-08,BUS_006,12,50,False
R008_T013,R008,'S041',2025-10-08 17:15:00,2025-10-08 17:18:00,0,1,1,2025-10-08,BUS_006,12,50,False
R008_T013,R008,'S002',2025-10-08 17:27:00,2025-10-08 17:30:00,0,5,6,2025-10-08,BUS_006,12,50,False
R008_T013,R008,'S037',2025-10-08 17:33:00,2025-10-08 17:36:00,0,1,4,2025-10-08,BUS_006,12,50,False
R008_T013,R008,'S023',2025-10-08 17:33:00,2025-10-08 17:39:00,0,1,-3,2025-10-08,BUS_006,12,50,False
R008_T013,R008,'S022',2025-10-08 17:48:00,2025-10-08 17:50:00,0,1,4,2025-10-08,BUS_006,12,50,False
R008_T013,R008,'S010',2025-10-08 17:54:00,2025-10-08 17:58:00,0,1,3,2025-10-08,BUS_006,12,50,False
R008_T013,R008,'S038',2025-10-08 18:02:00,2025-10-08 18:07:00,0,1,4,2025-10-08,BUS_006,12,50,False
R008_T013,R008,'S018',2025-10-08 18:15:00,2025-10-08 18:19:00,0,0,9,2025-10-08,BUS_006,12,50,False
R008_T013,R008,'S007',2025-10-08 18:10:00,2025-10-08 18:15:00,0,1,-3,2025-10-08,BUS_006,12,50,False
R008_T013,R008,'S009'],2025-10-08 18:19:00,2025-10-08 18:23:00,0,0,-1,2025-10-08,BUS_006,12,50,False
R008_T014,R008,['S025',2025-10-08 18:07:00,2025-10-08 18:10:00,7,0,7,2025-10-08,BUS_013,12,50,False
R008_T014,R008,'S057',2025-10-08 18:10:00,2025-10-08 18:13:00,2,2,2,2025-10-08,BUS_013,12,50,False
R008_T014,R008,'S041',2025-10-08 18:16:00,2025-10-08 18:20:00,0,0,0,2025-10-08,BUS_013,12,50,False
R008_T014,R008,'S002',2025-10-08 18:23:00,2025-10-08 18:24:00,2,2,0,2025-10-08,BUS_013,12,50,False
R008_T014,R008,'S037',2025-10-08 18:32:00,2025-10-08 18:35:00,1,1,3,2025-10-08,BUS_013,12,50,False
R008_T014,R008,'S023',2025-10-08 18:49:00,2025-10-08 18:54:00,0,0,12,2025-10-08,BUS_013,12,50,False
R008_T014,R008,'S022',2025-10-08 18:48:00,2025-10-08 18:50:00,0,2,3,2025-10-08,BUS_013,12,50,False
R008_T014,R008,'S010',2025-10-08 18:51:00,2025-10-08 18:53:00,0,1,0,2025-10-08,BUS_013,12,50,False
R008_T014,R008,'S038',2025-10-08 18:58:00,2025-10-08 19:03:00,0,1,0,2025-10-08,BUS_013,12,50,False
R008_T014,R008,'S018',2025-10-08 19:16:00,2025-10-08 19:17:00,0,1,10,2025-10-08,BUS_013,12,50,False
R008_T014,R008,'S007',2025-10-08 19:12:00,2025-10-08 19:15:00,0,0,0,2025-10-08,BUS_013,12,50,False
R008_T014,R008,'S009'],2025-10-08 19:26:00,2025-10-08 19:28:00,0,0,6,2025-10-08,BUS_013,12,50,False
R008_T015,R008,['S025',2025-10-08 19:03:00,2025-10-08 19:06:00,1,0,3,2025-10-08,BUS_014,12,50,False
R008_T015,R008,'S057',2025-10-08 19:15:00,2025-10-08 19:18:00,3,1,7,2025-10-08,BUS_014,12,50,False
R008_T015,R008,'S041',2025-10-08 19:24:00,2025-10-08 19:27:00,2,0,9,2025-10-08,BUS_014,12,50,False
R008_T015,R008,'S002',2025-10-08 19:26:00,2025-10-08 19:29:00,0,4,4,2025-10-08,BUS_014,12,50,False
R008_T015,R008,'S037',2025-10-08 19:34:00,2025-10-08 19:37:00,2,0,6,2025-10-08,BUS_014,12,50,False
R008_T015,R008,'S023',2025-10-08 19:42:00,2025-10-08 19:45:00,0,0,6,2025-10-08,BUS_014,12,50,False
R008_T015,R008,'S022',2025-10-08 19:46:00,2025-10-08 19:48:00,1,0,2,2025-10-08,BUS_014,12,50,False
R008_T015,R008,'S010',2025-10-08 19:59:00,2025-10-08 20:04:00,3,0,8,2025-10-08,BUS_014,12,50,False
R008_T015,R008,'S038',2025-10-08 20:04:00,2025-10-08 20:05:00,0,1,5,2025-10-08,BUS_014,12,50,False
R008_T015,R008,'S018',2025-10-08 20:08:00,2025-10-08 20:11:00,0,2,3,2025-10-08,BUS_014,12,50,False
R008_T015,R008,'S007',2025-10-08 20:20:00,2025-10-08 20:21:00,0,2,7,2025-10-08,BUS_014,12,50,False
R008_T015,R008,'S009'],2025-10-08 20:21:00,2025-10-08 20:25:00,0,1,2,2025-10-08,BUS_014,12,50,False
R008_T016,R008,['S025',2025-10-08 20:00:00,2025-10-08 20:04:00,3,0,0,2025-10-08,BUS_012,12,50,False
R008_T016,R008,'S057',2025-10-08 20:14:00,2025-10-08 20:17:00,3,1,6,2025-10-08,BUS_012,12,50,False
R008_T016,R008,'S041',2025-10-08 20:14:00,2025-10-08 20:17:00,3,0,0,2025-10-08,BUS_012,12,50,False
R008_T016,R008,'S002',2025-10-08 20:26:00,2025-10-08 20:27:00,0,2,4,2025-10-08,BUS_012,12,50,False
R008_T016,R008,'S037',2025-10-08 20:36:00,2025-10-08 20:38:00,2,1,8,2025-10-08,BUS_012,12,50,False
R008_T016,R008,'S023',2025-10-08 20:35:00,2025-10-08 20:37:00,1,1,0,2025-10-08,BUS_012,12,50,False
R008_T016,R008,'S022',2025-10-08 20:44:00,2025-10-08 20:47:00,0,0,3,2025-10-08,BUS_012,12,50,False
R008_T016,R008,'S010',2025-10-08 21:04:00,2025-10-08 21:09:00,0,0,15,2025-10-08,BUS_012,12,50,False
R008_T016,R008,'S038',2025-10-08 21:00:00,2025-10-08 21:03:00,0,1,3,2025-10-08,BUS_012,12,50,False
R008_T016,R008,'S018',2025-10-08 21:05:00,2025-10-08 21:10:00,0,0,1,2025-10-08,BUS_012,12,50,False
R008_T016,R008,'S007',2025-10-08 21:15:00,2025-10-08 21:20:00,0,2,3,2025-10-08,BUS_012,12,50,False
R008_T016,R008,'S009'],2025-10-08 21:23:00,2025-10-08 21:28:00,0,0,3,2025-10-08,BUS_012,12,50,False
R008_T017,R008,['S025',2025-10-08 21:06:00,2025-10-08 21:10:00,2,0,6,2025-10-08,BUS_011,12,50,False
R008_T017,R008,'S057',2025-10-08 21:10:00,2025-10-08 21:14:00,5,0,3,2025-10-08,BUS_011,12,50,False
R008_T017,R008,'S041',2025-10-08 21:19:00,2025-10-08 21:21:00,3,0,4,2025-10-08,BUS_011,12,50,False
R008_T017,R008,'S002',2025-10-08 21:27:00,2025-10-08 21:28:00,0,3,6,2025-10-08,BUS_011,12,50,False
R008_T017,R008,'S037',2025-10-08 21:27:00,2025-10-08 21:30:00,0,1,0,2025-10-08,BUS_011,12,50,False
R008_T017,R008,'S023',2025-10-08 21:42:00,2025-10-08 21:45:00,1,0,7,2025-10-08,BUS_011,12,50,False
R008_T017,R008,'S022',2025-10-08 21:51:00,2025-10-08 21:54:00,1,4,8,2025-10-08,BUS_011,12,50,False
R008_T017,R008,'S010',2025-10-08 21:51:00,2025-10-08 21:55:00,0,0,2,2025-10-08,BUS_011,12,50,False
R008_T017,R008,'S038',2025-10-08 22:03:00,2025-10-08 22:07:00,0,0,7,2025-10-08,BUS_011,12,50,False
R008_T017,R008,'S018',2025-10-08 22:04:00,2025-10-08 22:07:00,0,0,1,2025-10-08,BUS_011,12,50,False
R008_T017,R008,'S007',2025-10-08 22:18:00,2025-10-08 22:20:00,0,1,7,2025-10-08,BUS_011,12,50,False
R008_T017,R008,'S009'],2025-10-08 22:24:00,2025-10-08 22:27:00,0,0,6,2025-10-08,BUS_011,12,50,False
